log_stem,log_relpath,model,final_val_accuracy,max_val_accuracy,best_epoch,epochs_trained,final_val_loss,params,memory_mb,training_time_s,early_stopping,lr_reductions,no_thrust_precision,no_thrust_recall,no_thrust_f1,chemical_precision,chemical_recall,chemical_f1,electric_precision,electric_recall,electric_f1,impulsive_precision,impulsive_recall,impulsive_f1,macro_avg_precision,macro_avg_recall,macro_avg_f1,weighted_avg_precision,weighted_avg_recall,weighted_avg_f1,t_no_thrust_precision,t_no_thrust_recall,t_no_thrust_f1,t_chemical_precision,t_chemical_recall,t_chemical_f1,t_electric_precision,t_electric_recall,t_electric_f1,t_impulsive_precision,t_impulsive_recall,t_impulsive_f1
30min1500SeqData_Energy_J2Energy_ResidLadder3_OE_Std_Test_leo_Seed2,geo/30min-1500/30min1500SeqData_Energy_J2Energy_ResidLadder3_OE_Std_Test_leo_Seed2.log,Decision Trees (LightGBM),36.44,36.44,1,1,1.4791,,0.41437244415283203,1.2886,False,0,0.4945,0.2,0.2848,0.8953,0.3422,0.4952,0.2849,0.9156,0.4346,0.0,0.0,0.0,0.4187,0.3644,0.3036,0.4187,0.3644,0.3036,45.0,0.0,180.0,0.0,77.0,148.0,19.0,0.0,206.0,27.0,9.0,189.0
30min1500SeqData_Energy_J2Energy_ResidLadder3_OE_Std_Test_leo_Seed2,geo/30min-1500/30min1500SeqData_Energy_J2Energy_ResidLadder3_OE_Std_Test_leo_Seed2.log,MiniRocket,35.0,35.0,1,1,,9996.0,0.5815,24.4772,False,0,0.3092,0.9289,0.4639,0.4789,0.4533,0.4658,0.2,0.0044,0.0087,0.5,0.0133,0.026,0.372,0.35,0.2411,0.372,0.35,0.2411,209.0,12.0,2.0,122.0,102.0,1.0,185.0,38.0,1.0,160.0,61.0,1.0
30min1500SeqData_Energy_J2Energy_ResidLadder3_OE_Std_Test_leo_Seed2,geo/30min-1500/30min1500SeqData_Energy_J2Energy_ResidLadder3_OE_Std_Test_leo_Seed2.log,LSTM,25.0,99.67,5,37,7.9835,94780.0,0.723114013671875,104.3678,True,0,0.0,0.0,0.0,0.0,0.0,0.0,0.25,1.0,0.4,0.0,0.0,0.0,0.0625,0.25,0.1,0.0625,0.25,0.1,0.0,0.0,225.0,0.0,0.0,225.0,0.0,0.0,225.0,0.0,0.0,225.0
30min1500SeqData_Energy_J2Energy_ResidLadder3_OE_Std_Test_leo_Seed2,geo/30min-1500/30min1500SeqData_Energy_J2Energy_ResidLadder3_OE_Std_Test_leo_Seed2.log,Mamba,25.0,99.67,14,35,21.8867,25018.0,0.1908721923828125,123.0331,True,0,0.25,1.0,0.4,0.0,0.0,0.0,0.0,0.0,0.0,0.0,0.0,0.0,0.0625,0.25,0.1,0.0625,0.25,0.1,225.0,0.0,0.0,225.0,0.0,0.0,225.0,0.0,0.0,225.0,0.0,0.0
30min1500SeqData_Energy_J2Energy_ResidLadder3_OE_Std_Test_leo_Seed2,geo/30min-1500/30min1500SeqData_Energy_J2Energy_ResidLadder3_OE_Std_Test_leo_Seed2.log,Transformer,25.0,99.78,8,30,9.7068,405132.0,3.090911865234375,43.3233,True,0,0.0,0.0,0.0,0.0,0.0,0.0,0.25,1.0,0.4,0.0,0.0,0.0,0.0625,0.25,0.1,0.0625,0.25,0.1,0.0,0.0,225.0,0.0,0.0,225.0,0.0,0.0,225.0,0.0,0.0,225.0
30min1500SeqData_Energy_J2Energy_ResidLadder3_OE_Std_Test_leo_Seed2,geo/30min-1500/30min1500SeqData_Energy_J2Energy_ResidLadder3_OE_Std_Test_leo_Seed2.log,1D-CNN (InceptionTime),25.0,99.67,3,17,7.7412,473668.0,3.613800048828125,121.2333,True,0,0.25,1.0,0.4,0.0,0.0,0.0,0.0,0.0,0.0,0.0,0.0,0.0,0.0625,0.25,0.1,0.0625,0.25,0.1,225.0,0.0,0.0,225.0,0.0,0.0,225.0,0.0,0.0,225.0,0.0,0.0
30min1500SeqData_Energy_J2Energy_ResidLadder3_OE_Std_Test_leo_Seed0,geo/30min-1500/30min1500SeqData_Energy_J2Energy_ResidLadder3_OE_Std_Test_leo_Seed0.log,Decision Trees (LightGBM),27.44,27.44,1,1,1.7327,,0.4148874282836914,1.2433,False,0,0.6,0.0133,0.0261,0.6286,0.0978,0.1692,0.2584,0.9867,0.4096,0.0,0.0,0.0,0.3718,0.2744,0.1512,0.3718,0.2744,0.1512,3.0,4.0,218.0,1.0,22.0,202.0,0.0,2.0,222.0,1.0,7.0,217.0
30min1500SeqData_Energy_J2Energy_ResidLadder3_OE_Std_Test_leo_Seed0,geo/30min-1500/30min1500SeqData_Energy_J2Energy_ResidLadder3_OE_Std_Test_leo_Seed0.log,MiniRocket,47.56,47.56,1,1,,9996.0,0.5816,22.4902,False,0,0.5605,0.5556,0.558,0.5725,0.3511,0.4353,0.4266,0.2711,0.3315,0.4116,0.7244,0.525,0.4928,0.4756,0.4624,0.4928,0.4756,0.4624,125.0,17.0,18.0,3.0,79.0,32.0,81.0,26.0,61.0,14.0,16.0,32.0
30min1500SeqData_Energy_J2Energy_ResidLadder3_OE_Std_Test_leo_Seed0,geo/30min-1500/30min1500SeqData_Energy_J2Energy_ResidLadder3_OE_Std_Test_leo_Seed0.log,LSTM,25.0,99.89,4,49,5.117,94780.0,0.723114013671875,139.3591,True,0,0.25,1.0,0.4,0.0,0.0,0.0,0.0,0.0,0.0,0.0,0.0,0.0,0.0625,0.25,0.1,0.0625,0.25,0.1,225.0,0.0,0.0,225.0,0.0,0.0,225.0,0.0,0.0,225.0,0.0,0.0
30min1500SeqData_Energy_J2Energy_ResidLadder3_OE_Std_Test_leo_Seed0,geo/30min-1500/30min1500SeqData_Energy_J2Energy_ResidLadder3_OE_Std_Test_leo_Seed0.log,Mamba,25.0,99.78,16,39,8.3214,25018.0,0.1908721923828125,133.2226,True,0,0.25,1.0,0.4,0.0,0.0,0.0,0.0,0.0,0.0,0.0,0.0,0.0,0.0625,0.25,0.1,0.0625,0.25,0.1,225.0,0.0,0.0,225.0,0.0,0.0,225.0,0.0,0.0,225.0,0.0,0.0
30min1500SeqData_Energy_J2Energy_ResidLadder3_OE_Std_Test_leo_Seed0,geo/30min-1500/30min1500SeqData_Energy_J2Energy_ResidLadder3_OE_Std_Test_leo_Seed0.log,Transformer,25.0,100.0,12,33,7.4409,405132.0,3.090911865234375,45.3914,True,0,0.0,0.0,0.0,0.0,0.0,0.0,0.25,1.0,0.4,0.0,0.0,0.0,0.0625,0.25,0.1,0.0625,0.25,0.1,0.0,0.0,225.0,0.0,0.0,225.0,0.0,0.0,225.0,0.0,0.0,225.0
30min1500SeqData_Energy_J2Energy_ResidLadder3_OE_Std_Test_leo_Seed0,geo/30min-1500/30min1500SeqData_Energy_J2Energy_ResidLadder3_OE_Std_Test_leo_Seed0.log,1D-CNN (InceptionTime),25.0,99.89,2,32,10.1343,473668.0,3.613800048828125,234.5195,True,0,0.25,1.0,0.4,0.0,0.0,0.0,0.0,0.0,0.0,0.0,0.0,0.0,0.0625,0.25,0.1,0.0625,0.25,0.1,225.0,0.0,0.0,225.0,0.0,0.0,225.0,0.0,0.0,225.0,0.0,0.0
30min1500SeqData_Std_Test_leo_Seed2,geo/30min-1500/30min1500SeqData_Std_Test_leo_Seed2.log,Decision Trees (LightGBM),24.89,24.89,1,1,1.3958,,0.4168224334716797,0.6326,False,0,0.2414,0.0311,0.0551,0.2455,0.1822,0.2092,0.25,0.2667,0.2581,0.25,0.5156,0.3367,0.2467,0.2489,0.2148,0.2467,0.2489,0.2148,7.0,42.0,60.0,8.0,41.0,60.0,7.0,42.0,60.0,7.0,42.0,60.0
30min1500SeqData_Std_Test_leo_Seed2,geo/30min-1500/30min1500SeqData_Std_Test_leo_Seed2.log,MiniRocket,25.0,25.0,1,1,,9996.0,0.5808,23.0701,False,0,0.0,0.0,0.0,0.0,0.0,0.0,0.0,0.0,0.0,0.25,1.0,0.4,0.0625,0.25,0.1,0.0625,0.25,0.1,0.0,0.0,0.0,0.0,0.0,0.0,0.0,0.0,0.0,0.0,0.0,0.0
30min1500SeqData_Std_Test_leo_Seed2,geo/30min-1500/30min1500SeqData_Std_Test_leo_Seed2.log,LSTM,25.11,25.11,13,13,1.3864,28660.0,0.218658447265625,22.4215,True,0,0.0,0.0,0.0,0.2526,0.3244,0.284,0.0,0.0,0.0,0.2504,0.68,0.366,0.1258,0.2511,0.1625,0.1258,0.2511,0.1625,0.0,72.0,0.0,0.0,73.0,0.0,0.0,72.0,0.0,0.0,72.0,0.0
30min1500SeqData_Std_Test_leo_Seed2,geo/30min-1500/30min1500SeqData_Std_Test_leo_Seed2.log,Mamba,25.0,25.0,2,24,1.3863,12208.0,0.0931396484375,91.6466,True,0,0.25,0.3022,0.2736,0.25,0.5067,0.3348,0.25,0.12,0.1622,0.25,0.0711,0.1107,0.25,0.25,0.2203,0.25,0.25,0.2203,68.0,114.0,27.0,68.0,114.0,27.0,68.0,114.0,27.0,68.0,114.0,27.0
30min1500SeqData_Std_Test_leo_Seed2,geo/30min-1500/30min1500SeqData_Std_Test_leo_Seed2.log,Transformer,25.0,25.0,1,30,1.3863,213092.0,1.625762939453125,40.5114,True,0,0.0,0.0,0.0,0.0,0.0,0.0,0.0,0.0,0.0,0.25,1.0,0.4,0.0625,0.25,0.1,0.0625,0.25,0.1,0.0,0.0,0.0,0.0,0.0,0.0,0.0,0.0,0.0,0.0,0.0,0.0
30min1500SeqData_Std_Test_leo_Seed2,geo/30min-1500/30min1500SeqData_Std_Test_leo_Seed2.log,1D-CNN (InceptionTime),25.0,25.0,1,26,1.3864,472708.0,3.606475830078125,188.4592,True,0,0.0,0.0,0.0,0.0,0.0,0.0,0.25,0.4489,0.3211,0.25,0.5511,0.344,0.125,0.25,0.1663,0.125,0.25,0.1663,0.0,0.0,101.0,0.0,0.0,101.0,0.0,0.0,101.0,0.0,0.0,101.0
30min1500SeqData_Energy_J2Energy_OE_Std_Test_leo_Seed1,geo/30min-1500/30min1500SeqData_Energy_J2Energy_OE_Std_Test_leo_Seed1.log,Decision Trees (LightGBM),25.22,25.22,1,1,1.7658,,0.4129810333251953,0.8739,False,0,0.261,0.8978,0.4044,0.0,0.0,0.0,0.1984,0.1111,0.1425,0.0,0.0,0.0,0.1148,0.2522,0.1367,0.1148,0.2522,0.1367,202.0,0.0,23.0,178.0,0.0,47.0,200.0,0.0,25.0,194.0,0.0,31.0
30min1500SeqData_Energy_J2Energy_OE_Std_Test_leo_Seed1,geo/30min-1500/30min1500SeqData_Energy_J2Energy_OE_Std_Test_leo_Seed1.log,MiniRocket,40.89,40.89,1,1,,9996.0,0.5815,23.0711,False,0,0.5625,0.04,0.0747,0.3503,0.7956,0.4864,0.4378,0.4533,0.4454,0.5571,0.3467,0.4274,0.4769,0.4089,0.3585,0.4769,0.4089,0.3585,9.0,125.0,84.0,0.0,179.0,0.0,7.0,107.0,102.0,0.0,100.0,47.0
30min1500SeqData_Energy_J2Energy_OE_Std_Test_leo_Seed1,geo/30min-1500/30min1500SeqData_Energy_J2Energy_OE_Std_Test_leo_Seed1.log,LSTM,25.0,97.89,42,53,4.4645,50500.0,0.385284423828125,115.304,True,0,0.25,1.0,0.4,0.0,0.0,0.0,0.0,0.0,0.0,0.0,0.0,0.0,0.0625,0.25,0.1,0.0625,0.25,0.1,225.0,0.0,0.0,225.0,0.0,0.0,225.0,0.0,0.0,225.0,0.0,0.0
30min1500SeqData_Energy_J2Energy_OE_Std_Test_leo_Seed1,geo/30min-1500/30min1500SeqData_Energy_J2Energy_OE_Std_Test_leo_Seed1.log,Mamba,25.0,72.11,63,67,19.0616,17044.0,0.130035400390625,226.295,True,0,0.25,1.0,0.4,0.0,0.0,0.0,0.0,0.0,0.0,0.0,0.0,0.0,0.0625,0.25,0.1,0.0625,0.25,0.1,225.0,0.0,0.0,225.0,0.0,0.0,225.0,0.0,0.0,225.0,0.0,0.0
30min1500SeqData_Energy_J2Energy_OE_Std_Test_leo_Seed1,geo/30min-1500/30min1500SeqData_Energy_J2Energy_OE_Std_Test_leo_Seed1.log,Transformer,25.0,86.0,96,101,5.824,288324.0,2.199737548828125,139.0681,False,0,0.0,0.0,0.0,0.25,1.0,0.4,0.0,0.0,0.0,0.0,0.0,0.0,0.0625,0.25,0.1,0.0625,0.25,0.1,0.0,225.0,0.0,0.0,225.0,0.0,0.0,225.0,0.0,0.0,225.0,0.0
30min1500SeqData_Energy_J2Energy_OE_Std_Test_leo_Seed1,geo/30min-1500/30min1500SeqData_Energy_J2Energy_OE_Std_Test_leo_Seed1.log,1D-CNN (InceptionTime),25.0,99.78,32,45,8.0116,473092.0,3.609405517578125,331.9995,True,0,0.25,1.0,0.4,0.0,0.0,0.0,0.0,0.0,0.0,0.0,0.0,0.0,0.0625,0.25,0.1,0.0625,0.25,0.1,225.0,0.0,0.0,225.0,0.0,0.0,225.0,0.0,0.0,225.0,0.0,0.0
30min1500SeqData_Energy_J2Energy_OE_Std_EvalTest_Seed1,geo/30min-1500/30min1500SeqData_Energy_J2Energy_OE_Std_EvalTest_Seed1.log,Decision Trees (LightGBM),71.67,71.67,1,1,0.857,,0.4129810333251953,0.864,False,0,0.8521,0.9733,0.9087,0.5798,0.3067,0.4012,0.7397,0.7956,0.7666,0.6312,0.7911,0.7022,0.7007,0.7167,0.6947,0.7007,0.7167,0.6947,219.0,0.0,6.0,1.0,69.0,52.0,37.0,8.0,179.0,0.0,42.0,5.0
30min1500SeqData_Energy_J2Energy_OE_Std_EvalTest_Seed1,geo/30min-1500/30min1500SeqData_Energy_J2Energy_OE_Std_EvalTest_Seed1.log,MiniRocket,99.56,99.56,1,1,,9996.0,0.5815,23.0247,False,0,0.9868,1.0,0.9934,0.9956,1.0,0.9978,1.0,0.9822,0.991,1.0,1.0,1.0,0.9956,0.9956,0.9955,0.9956,0.9956,0.9955,225.0,0.0,0.0,0.0,225.0,0.0,3.0,1.0,221.0,0.0,0.0,0.0
30min1500SeqData_Energy_J2Energy_OE_Std_EvalTest_Seed1,geo/30min-1500/30min1500SeqData_Energy_J2Energy_OE_Std_EvalTest_Seed1.log,LSTM,75.89,97.89,42,53,0.5253,50500.0,0.385284423828125,115.6963,True,0,0.7924,0.8311,0.8113,0.7581,0.6267,0.6861,0.8164,0.7511,0.7824,0.6863,0.8267,0.75,0.7633,0.7589,0.7575,0.7633,0.7589,0.7575,187.0,7.0,17.0,12.0,141.0,16.0,29.0,12.0,169.0,8.0,26.0,5.0
30min1500SeqData_Energy_J2Energy_OE_Std_EvalTest_Seed1,geo/30min-1500/30min1500SeqData_Energy_J2Energy_OE_Std_EvalTest_Seed1.log,Mamba,72.0,72.11,63,67,0.5918,17044.0,0.130035400390625,236.625,True,0,0.9772,0.9511,0.964,0.4952,0.4622,0.4782,0.8097,0.8133,0.8115,0.6,0.6533,0.6255,0.7205,0.72,0.7198,0.7205,0.72,0.7198,214.0,0.0,10.0,0.0,104.0,31.0,5.0,30.0,183.0,0.0,76.0,2.0
30min1500SeqData_Energy_J2Energy_OE_Std_EvalTest_Seed1,geo/30min-1500/30min1500SeqData_Energy_J2Energy_OE_Std_EvalTest_Seed1.log,Transformer,84.89,86.0,96,101,0.2846,288324.0,2.199737548828125,144.5385,False,0,0.9825,1.0,0.9912,0.8121,0.5378,0.6471,0.9483,0.9778,0.9628,0.6828,0.88,0.7689,0.8564,0.8489,0.8425,0.8564,0.8489,0.8425,225.0,0.0,0.0,0.0,121.0,12.0,4.0,1.0,220.0,0.0,27.0,0.0
30min1500SeqData_Energy_J2Energy_OE_Std_EvalTest_Seed1,geo/30min-1500/30min1500SeqData_Energy_J2Energy_OE_Std_EvalTest_Seed1.log,1D-CNN (InceptionTime),98.78,99.67,24,32,0.0365,473092.0,3.609405517578125,234.1703,True,0,0.9657,1.0,0.9825,0.9912,0.9956,0.9933,1.0,0.9822,0.991,0.9955,0.9733,0.9843,0.9881,0.9878,0.9878,0.9881,0.9878,0.9878,225.0,0.0,0.0,0.0,224.0,0.0,4.0,0.0,221.0,4.0,2.0,0.0
30min1500SeqData_Std_Test_leo_Seed0,geo/30min-1500/30min1500SeqData_Std_Test_leo_Seed0.log,Decision Trees (LightGBM),25.11,25.11,1,1,1.3946,,0.4170713424682617,0.6045,False,0,0.2424,0.0356,0.062,0.2552,0.1644,0.2,0.2513,0.2178,0.2333,0.2505,0.5867,0.3511,0.2498,0.2511,0.2116,0.2498,0.2511,0.2116,8.0,36.0,49.0,9.0,37.0,48.0,8.0,36.0,49.0,8.0,36.0,49.0
30min1500SeqData_Std_Test_leo_Seed0,geo/30min-1500/30min1500SeqData_Std_Test_leo_Seed0.log,MiniRocket,25.0,25.0,1,1,,9996.0,0.5809,22.3182,False,0,0.0,0.0,0.0,0.0,0.0,0.0,0.0,0.0,0.0,0.25,1.0,0.4,0.0625,0.25,0.1,0.0625,0.25,0.1,0.0,0.0,0.0,0.0,0.0,0.0,0.0,0.0,0.0,0.0,0.0,0.0
30min1500SeqData_Std_Test_leo_Seed0,geo/30min-1500/30min1500SeqData_Std_Test_leo_Seed0.log,LSTM,25.0,25.0,1,18,1.3863,28660.0,0.218658447265625,31.5014,True,0,0.0,0.0,0.0,0.0,0.0,0.0,0.25,0.2444,0.2472,0.25,0.7556,0.3757,0.125,0.25,0.1557,0.125,0.25,0.1557,0.0,0.0,55.0,0.0,0.0,55.0,0.0,0.0,55.0,0.0,0.0,55.0
30min1500SeqData_Std_Test_leo_Seed0,geo/30min-1500/30min1500SeqData_Std_Test_leo_Seed0.log,Mamba,25.0,25.0,1,24,1.3864,12208.0,0.0931396484375,90.1101,True,0,0.25,0.2089,0.2276,0.25,0.1911,0.2166,0.25,0.1289,0.1701,0.25,0.4711,0.3267,0.25,0.25,0.2352,0.25,0.25,0.2352,47.0,43.0,29.0,47.0,43.0,29.0,47.0,43.0,29.0,47.0,43.0,29.0
30min1500SeqData_Std_Test_leo_Seed0,geo/30min-1500/30min1500SeqData_Std_Test_leo_Seed0.log,Transformer,25.0,25.0,1,18,1.3873,213092.0,1.625762939453125,23.7032,True,0,0.0,0.0,0.0,0.0,0.0,0.0,0.25,0.9822,0.3986,0.25,0.0178,0.0332,0.125,0.25,0.1079,0.125,0.25,0.1079,0.0,0.0,221.0,0.0,0.0,221.0,0.0,0.0,221.0,0.0,0.0,221.0
30min1500SeqData_Std_Test_leo_Seed0,geo/30min-1500/30min1500SeqData_Std_Test_leo_Seed0.log,1D-CNN (InceptionTime),25.0,25.0,1,31,1.3863,472708.0,3.606475830078125,226.0031,True,0,0.25,0.0267,0.0482,0.0,0.0,0.0,0.25,0.12,0.1622,0.25,0.8533,0.3867,0.1875,0.25,0.1493,0.1875,0.25,0.1493,6.0,0.0,27.0,6.0,0.0,27.0,6.0,0.0,27.0,6.0,0.0,27.0
30min1500SeqData_Energy_J2Energy_OE_Std_EvalTest_Seed2,geo/30min-1500/30min1500SeqData_Energy_J2Energy_OE_Std_EvalTest_Seed2.log,Decision Trees (LightGBM),71.33,71.33,1,1,0.8781,,0.4131298065185547,0.8833,False,0,0.8577,0.9911,0.9196,0.5606,0.3289,0.4146,0.728,0.8089,0.7663,0.6318,0.7244,0.6749,0.6945,0.7133,0.6939,0.6945,0.7133,0.6939,223.0,0.0,2.0,4.0,74.0,58.0,33.0,4.0,182.0,0.0,54.0,8.0
30min1500SeqData_Energy_J2Energy_OE_Std_EvalTest_Seed2,geo/30min-1500/30min1500SeqData_Energy_J2Energy_OE_Std_EvalTest_Seed2.log,MiniRocket,99.56,99.56,1,1,,9996.0,0.5813,22.7035,False,0,0.9825,1.0,0.9912,1.0,1.0,1.0,1.0,0.9822,0.991,1.0,1.0,1.0,0.9956,0.9956,0.9956,0.9956,0.9956,0.9956,225.0,0.0,0.0,0.0,225.0,0.0,4.0,0.0,221.0,0.0,0.0,0.0
30min1500SeqData_Energy_J2Energy_OE_Std_EvalTest_Seed2,geo/30min-1500/30min1500SeqData_Energy_J2Energy_OE_Std_EvalTest_Seed2.log,LSTM,99.22,99.22,62,65,0.0414,50500.0,0.385284423828125,141.7792,True,0,0.974,1.0,0.9868,0.9956,1.0,0.9978,1.0,0.9689,0.9842,1.0,1.0,1.0,0.9924,0.9922,0.9922,0.9924,0.9922,0.9922,225.0,0.0,0.0,0.0,225.0,0.0,6.0,1.0,218.0,0.0,0.0,0.0
30min1500SeqData_Energy_J2Energy_OE_Std_EvalTest_Seed2,geo/30min-1500/30min1500SeqData_Energy_J2Energy_OE_Std_EvalTest_Seed2.log,Mamba,73.0,75.44,100,101,0.5606,17044.0,0.130035400390625,337.6457,False,0,0.9777,0.9733,0.9755,0.486,0.4622,0.4738,0.816,0.9067,0.8589,0.6132,0.5778,0.595,0.7232,0.73,0.7258,0.7232,0.73,0.7258,219.0,1.0,5.0,0.0,104.0,40.0,5.0,15.0,204.0,0.0,94.0,1.0
30min1500SeqData_Energy_J2Energy_OE_Std_EvalTest_Seed2,geo/30min-1500/30min1500SeqData_Energy_J2Energy_OE_Std_EvalTest_Seed2.log,Transformer,80.78,80.78,67,67,0.3886,288324.0,2.199737548828125,93.0638,True,0,0.9825,1.0,0.9912,0.859,0.2978,0.4422,0.8571,0.9333,0.8936,0.6466,1.0,0.7853,0.8363,0.8078,0.7781,0.8363,0.8078,0.7781,225.0,0.0,0.0,0.0,67.0,35.0,4.0,11.0,210.0,0.0,0.0,0.0
30min1500SeqData_Energy_J2Energy_OE_Std_EvalTest_Seed2,geo/30min-1500/30min1500SeqData_Energy_J2Energy_OE_Std_EvalTest_Seed2.log,1D-CNN (InceptionTime),98.22,99.56,20,33,0.0985,473092.0,3.609405517578125,241.5766,True,0,0.973,0.96,0.9664,0.9956,1.0,0.9978,0.9607,0.9778,0.9692,1.0,0.9911,0.9955,0.9823,0.9822,0.9822,0.9823,0.9822,0.9822,216.0,0.0,9.0,0.0,225.0,0.0,4.0,1.0,220.0,2.0,0.0,0.0
30min1500SeqData_Std_Test_leo_Seed1,geo/30min-1500/30min1500SeqData_Std_Test_leo_Seed1.log,Decision Trees (LightGBM),25.0,25.0,1,1,1.3963,,0.4175910949707031,0.6129,False,0,0.25,0.0044,0.0087,0.25,0.5556,0.3448,0.25,0.1689,0.2016,0.25,0.2711,0.2601,0.25,0.25,0.2038,0.25,0.25,0.2038,1.0,125.0,38.0,1.0,125.0,38.0,1.0,125.0,38.0,1.0,125.0,38.0
30min1500SeqData_Std_Test_leo_Seed1,geo/30min-1500/30min1500SeqData_Std_Test_leo_Seed1.log,MiniRocket,25.0,25.0,1,1,,9996.0,0.581,22.3159,False,0,0.0,0.0,0.0,0.0,0.0,0.0,0.0,0.0,0.0,0.25,1.0,0.4,0.0625,0.25,0.1,0.0625,0.25,0.1,0.0,0.0,0.0,0.0,0.0,0.0,0.0,0.0,0.0,0.0,0.0,0.0
30min1500SeqData_Std_Test_leo_Seed1,geo/30min-1500/30min1500SeqData_Std_Test_leo_Seed1.log,LSTM,25.0,25.11,12,25,1.3863,28660.0,0.218658447265625,44.3293,True,0,0.0,0.0,0.0,0.25,0.4044,0.309,0.25,0.0267,0.0482,0.25,0.5689,0.3474,0.1875,0.25,0.1761,0.1875,0.25,0.1761,0.0,91.0,6.0,0.0,91.0,6.0,0.0,91.0,6.0,0.0,91.0,6.0
30min1500SeqData_Std_Test_leo_Seed1,geo/30min-1500/30min1500SeqData_Std_Test_leo_Seed1.log,Mamba,24.89,25.0,1,13,1.3863,12208.0,0.0931396484375,42.4991,True,0,0.2489,0.2444,0.2466,0.247,0.2711,0.2585,0.25,0.4222,0.314,0.25,0.0578,0.0939,0.249,0.2489,0.2283,0.249,0.2489,0.2283,55.0,62.0,95.0,56.0,61.0,95.0,55.0,62.0,95.0,55.0,62.0,95.0
30min1500SeqData_Std_Test_leo_Seed1,geo/30min-1500/30min1500SeqData_Std_Test_leo_Seed1.log,Transformer,25.0,25.0,1,30,1.3864,213092.0,1.625762939453125,40.3788,True,0,0.25,0.0356,0.0623,0.0,0.0,0.0,0.25,0.9644,0.3971,0.0,0.0,0.0,0.125,0.25,0.1148,0.125,0.25,0.1148,8.0,0.0,217.0,8.0,0.0,217.0,8.0,0.0,217.0,8.0,0.0,217.0
30min1500SeqData_Std_Test_leo_Seed1,geo/30min-1500/30min1500SeqData_Std_Test_leo_Seed1.log,1D-CNN (InceptionTime),25.0,25.0,1,34,1.3863,472708.0,3.606475830078125,248.6941,True,0,0.25,0.2978,0.2718,0.25,0.1778,0.2078,0.25,0.5244,0.3386,0.0,0.0,0.0,0.1875,0.25,0.2045,0.1875,0.25,0.2045,67.0,40.0,118.0,67.0,40.0,118.0,67.0,40.0,118.0,67.0,40.0,118.0
30min1500SeqData_Energy_J2Energy_OE_Std_Test_leo_Seed2,geo/30min-1500/30min1500SeqData_Energy_J2Energy_OE_Std_Test_leo_Seed2.log,Decision Trees (LightGBM),24.89,24.89,1,1,1.9353,,0.4131298065185547,0.8912,False,0,0.2577,0.8933,0.4,0.0,0.0,0.0,0.1933,0.1022,0.1337,0.0,0.0,0.0,0.1127,0.2489,0.1334,0.1127,0.2489,0.1334,201.0,0.0,24.0,177.0,0.0,48.0,202.0,0.0,23.0,200.0,1.0,24.0
30min1500SeqData_Energy_J2Energy_OE_Std_Test_leo_Seed2,geo/30min-1500/30min1500SeqData_Energy_J2Energy_OE_Std_Test_leo_Seed2.log,MiniRocket,40.67,40.67,1,1,,9996.0,0.5813,23.2347,False,0,0.0,0.0,0.0,0.1613,0.0222,0.0391,0.5129,0.7067,0.5944,0.3614,0.8978,0.5153,0.2589,0.4067,0.2872,0.2589,0.4067,0.2872,0.0,11.0,122.0,0.0,5.0,7.0,0.0,14.0,159.0,0.0,1.0,22.0
30min1500SeqData_Energy_J2Energy_OE_Std_Test_leo_Seed2,geo/30min-1500/30min1500SeqData_Energy_J2Energy_OE_Std_Test_leo_Seed2.log,LSTM,25.0,99.22,62,65,6.604,50500.0,0.385284423828125,142.3996,True,0,0.25,1.0,0.4,0.0,0.0,0.0,0.0,0.0,0.0,0.0,0.0,0.0,0.0625,0.25,0.1,0.0625,0.25,0.1,225.0,0.0,0.0,225.0,0.0,0.0,225.0,0.0,0.0,225.0,0.0,0.0
30min1500SeqData_Energy_J2Energy_OE_Std_Test_leo_Seed2,geo/30min-1500/30min1500SeqData_Energy_J2Energy_OE_Std_Test_leo_Seed2.log,Mamba,25.0,75.44,100,101,39.2047,17044.0,0.130035400390625,343.7677,False,0,0.25,1.0,0.4,0.0,0.0,0.0,0.0,0.0,0.0,0.0,0.0,0.0,0.0625,0.25,0.1,0.0625,0.25,0.1,225.0,0.0,0.0,225.0,0.0,0.0,225.0,0.0,0.0,225.0,0.0,0.0
30min1500SeqData_Energy_J2Energy_OE_Std_Test_leo_Seed2,geo/30min-1500/30min1500SeqData_Energy_J2Energy_OE_Std_Test_leo_Seed2.log,Transformer,25.0,80.11,42,67,5.6502,288324.0,2.199737548828125,97.1619,True,0,0.25,1.0,0.4,0.0,0.0,0.0,0.0,0.0,0.0,0.0,0.0,0.0,0.0625,0.25,0.1,0.0625,0.25,0.1,225.0,0.0,0.0,225.0,0.0,0.0,225.0,0.0,0.0,225.0,0.0,0.0
30min1500SeqData_Energy_J2Energy_OE_Std_Test_leo_Seed2,geo/30min-1500/30min1500SeqData_Energy_J2Energy_OE_Std_Test_leo_Seed2.log,1D-CNN (InceptionTime),25.0,99.67,32,53,9.0119,473092.0,3.609405517578125,393.0444,True,0,0.25,1.0,0.4,0.0,0.0,0.0,0.0,0.0,0.0,0.0,0.0,0.0,0.0625,0.25,0.1,0.0625,0.25,0.1,225.0,0.0,0.0,225.0,0.0,0.0,225.0,0.0,0.0,225.0,0.0,0.0
30min1500SeqData_Energy_J2Energy_ResidLadder3_OE_Std_EvalTest_Seed2,geo/30min-1500/30min1500SeqData_Energy_J2Energy_ResidLadder3_OE_Std_EvalTest_Seed2.log,Decision Trees (LightGBM),99.22,99.22,1,1,0.1904,,0.41437244415283203,1.2627,False,0,0.9781,0.9911,0.9845,1.0,0.9956,0.9978,1.0,0.9822,0.991,0.9912,1.0,0.9956,0.9923,0.9922,0.9922,0.9923,0.9922,0.9922,223.0,0.0,0.0,1.0,224.0,0.0,4.0,0.0,221.0,0.0,0.0,0.0
30min1500SeqData_Energy_J2Energy_ResidLadder3_OE_Std_EvalTest_Seed2,geo/30min-1500/30min1500SeqData_Energy_J2Energy_ResidLadder3_OE_Std_EvalTest_Seed2.log,MiniRocket,99.56,99.56,1,1,,9996.0,0.5815,22.9666,False,0,0.9825,1.0,0.9912,1.0,1.0,1.0,1.0,0.9822,0.991,1.0,1.0,1.0,0.9956,0.9956,0.9956,0.9956,0.9956,0.9956,225.0,0.0,0.0,0.0,225.0,0.0,4.0,0.0,221.0,0.0,0.0,0.0
30min1500SeqData_Energy_J2Energy_ResidLadder3_OE_Std_EvalTest_Seed2,geo/30min-1500/30min1500SeqData_Energy_J2Energy_ResidLadder3_OE_Std_EvalTest_Seed2.log,LSTM,99.56,99.67,5,37,0.0156,94780.0,0.723114013671875,104.2193,True,0,0.9825,1.0,0.9912,1.0,1.0,1.0,1.0,0.9822,0.991,1.0,1.0,1.0,0.9956,0.9956,0.9956,0.9956,0.9956,0.9956,225.0,0.0,0.0,0.0,225.0,0.0,4.0,0.0,221.0,0.0,0.0,0.0
30min1500SeqData_Energy_J2Energy_ResidLadder3_OE_Std_EvalTest_Seed2,geo/30min-1500/30min1500SeqData_Energy_J2Energy_ResidLadder3_OE_Std_EvalTest_Seed2.log,Mamba,99.11,99.67,14,35,0.0646,25018.0,0.1908721923828125,114.6983,True,0,0.974,1.0,0.9868,0.9956,0.9956,0.9956,0.9955,0.9778,0.9865,1.0,0.9911,0.9955,0.9913,0.9911,0.9911,0.9913,0.9911,0.9911,225.0,0.0,0.0,0.0,224.0,1.0,4.0,1.0,220.0,2.0,0.0,0.0
30min1500SeqData_Energy_J2Energy_ResidLadder3_OE_Std_EvalTest_Seed2,geo/30min-1500/30min1500SeqData_Energy_J2Energy_ResidLadder3_OE_Std_EvalTest_Seed2.log,Transformer,99.56,99.78,8,30,0.0157,405132.0,3.090911865234375,40.1787,True,0,0.9825,1.0,0.9912,1.0,1.0,1.0,1.0,0.9822,0.991,1.0,1.0,1.0,0.9956,0.9956,0.9956,0.9956,0.9956,0.9956,225.0,0.0,0.0,0.0,225.0,0.0,4.0,0.0,221.0,0.0,0.0,0.0
30min1500SeqData_Energy_J2Energy_ResidLadder3_OE_Std_EvalTest_Seed2,geo/30min-1500/30min1500SeqData_Energy_J2Energy_ResidLadder3_OE_Std_EvalTest_Seed2.log,1D-CNN (InceptionTime),99.44,99.67,3,32,0.0223,473668.0,3.613800048828125,234.2657,True,0,0.9825,1.0,0.9912,1.0,0.9956,0.9978,0.9955,0.9822,0.9888,1.0,1.0,1.0,0.9945,0.9944,0.9944,0.9945,0.9944,0.9944,225.0,0.0,0.0,0.0,224.0,1.0,4.0,0.0,221.0,0.0,0.0,0.0
30min1500SeqData_Std_EvalTest_Seed1,geo/30min-1500/30min1500SeqData_Std_EvalTest_Seed1.log,Decision Trees (LightGBM),25.33,25.33,1,1,1.3872,,0.4175910949707031,0.6089,False,0,0.2479,0.2667,0.257,0.2591,0.2533,0.2562,0.254,0.2133,0.2319,0.253,0.28,0.2658,0.2535,0.2533,0.2527,0.2535,0.2533,0.2527,60.0,55.0,47.0,61.0,57.0,46.0,60.0,55.0,48.0,61.0,53.0,48.0
30min1500SeqData_Std_EvalTest_Seed1,geo/30min-1500/30min1500SeqData_Std_EvalTest_Seed1.log,MiniRocket,52.67,52.67,1,1,,9996.0,0.581,22.941,False,0,0.3906,0.4444,0.4158,0.5459,0.4489,0.4927,0.39,0.3467,0.3671,0.7529,0.8667,0.8058,0.5199,0.5267,0.5203,0.5199,0.5267,0.5203,100.0,34.0,72.0,56.0,101.0,41.0,94.0,35.0,78.0,6.0,15.0,9.0
30min1500SeqData_Std_EvalTest_Seed1,geo/30min-1500/30min1500SeqData_Std_EvalTest_Seed1.log,LSTM,25.0,25.11,12,25,1.3863,28660.0,0.218658447265625,44.3733,True,0,0.0,0.0,0.0,0.0,0.0,0.0,0.0,0.0,0.0,0.25,1.0,0.4,0.0625,0.25,0.1,0.0625,0.25,0.1,0.0,0.0,0.0,0.0,0.0,0.0,0.0,0.0,0.0,0.0,0.0,0.0
30min1500SeqData_Std_EvalTest_Seed1,geo/30min-1500/30min1500SeqData_Std_EvalTest_Seed1.log,Mamba,25.0,25.0,1,13,1.3863,12208.0,0.0931396484375,51.1745,True,0,0.25,0.2667,0.2581,0.25,0.2267,0.2378,0.25,0.3733,0.2995,0.25,0.1333,0.1739,0.25,0.25,0.2423,0.25,0.25,0.2423,60.0,51.0,84.0,60.0,51.0,84.0,60.0,51.0,84.0,60.0,51.0,84.0
30min1500SeqData_Std_EvalTest_Seed1,geo/30min-1500/30min1500SeqData_Std_EvalTest_Seed1.log,Transformer,25.0,25.0,1,30,1.3864,213092.0,1.625762939453125,41.7102,True,0,0.0,0.0,0.0,0.0,0.0,0.0,0.25,1.0,0.4,0.0,0.0,0.0,0.0625,0.25,0.1,0.0625,0.25,0.1,0.0,0.0,225.0,0.0,0.0,225.0,0.0,0.0,225.0,0.0,0.0,225.0
30min1500SeqData_Std_EvalTest_Seed1,geo/30min-1500/30min1500SeqData_Std_EvalTest_Seed1.log,1D-CNN (InceptionTime),25.0,25.0,1,34,1.3863,472708.0,3.606475830078125,248.7038,True,0,0.25,0.4444,0.32,0.25,0.2178,0.2328,0.25,0.3378,0.2873,0.0,0.0,0.0,0.1875,0.25,0.21,0.1875,0.25,0.21,100.0,49.0,76.0,100.0,49.0,76.0,100.0,49.0,76.0,100.0,49.0,76.0
30min1500SeqData_Energy_J2Energy_OE_Std_EvalTest_Seed0,geo/30min-1500/30min1500SeqData_Energy_J2Energy_OE_Std_EvalTest_Seed0.log,Decision Trees (LightGBM),71.89,71.89,1,1,0.8742,,0.41300392150878906,0.8707,False,0,0.877,0.9822,0.9266,0.5368,0.3244,0.4044,0.7417,0.7911,0.7656,0.6434,0.7778,0.7042,0.6997,0.7189,0.7002,0.6997,0.7189,0.7002,221.0,0.0,4.0,2.0,73.0,55.0,29.0,16.0,178.0,0.0,47.0,3.0
30min1500SeqData_Energy_J2Energy_OE_Std_EvalTest_Seed0,geo/30min-1500/30min1500SeqData_Energy_J2Energy_OE_Std_EvalTest_Seed0.log,MiniRocket,99.89,99.89,1,1,,9996.0,0.5813,22.9855,False,0,0.9956,1.0,0.9978,1.0,1.0,1.0,1.0,0.9956,0.9978,1.0,1.0,1.0,0.9989,0.9989,0.9989,0.9989,0.9989,0.9989,225.0,0.0,0.0,0.0,225.0,0.0,1.0,0.0,224.0,0.0,0.0,0.0
30min1500SeqData_Energy_J2Energy_OE_Std_EvalTest_Seed0,geo/30min-1500/30min1500SeqData_Energy_J2Energy_OE_Std_EvalTest_Seed0.log,LSTM,99.44,99.78,56,83,0.0166,50500.0,0.385284423828125,182.4444,True,0,0.9912,0.9956,0.9933,0.9911,0.9911,0.9911,1.0,0.9956,0.9978,0.9956,0.9956,0.9956,0.9945,0.9944,0.9944,0.9945,0.9944,0.9944,224.0,1.0,0.0,1.0,223.0,0.0,1.0,0.0,224.0,0.0,1.0,0.0
30min1500SeqData_Energy_J2Energy_OE_Std_EvalTest_Seed0,geo/30min-1500/30min1500SeqData_Energy_J2Energy_OE_Std_EvalTest_Seed0.log,Mamba,72.44,72.44,74,74,0.5762,17044.0,0.130035400390625,255.9845,True,0,0.9522,0.9733,0.9626,0.5053,0.4267,0.4627,0.7705,0.8356,0.8017,0.6314,0.6622,0.6464,0.7148,0.7244,0.7184,0.7148,0.7244,0.7184,219.0,0.0,6.0,0.0,96.0,44.0,11.0,24.0,188.0,0.0,70.0,6.0
30min1500SeqData_Energy_J2Energy_OE_Std_EvalTest_Seed0,geo/30min-1500/30min1500SeqData_Energy_J2Energy_OE_Std_EvalTest_Seed0.log,Transformer,85.11,85.11,101,101,0.2697,288324.0,2.199737548828125,143.4163,False,0,0.9956,1.0,0.9978,0.96,0.4267,0.5908,0.9528,0.9867,0.9694,0.654,0.9911,0.788,0.8906,0.8511,0.8365,0.8906,0.8511,0.8365,225.0,0.0,0.0,0.0,96.0,11.0,1.0,2.0,222.0,0.0,2.0,0.0
30min1500SeqData_Energy_J2Energy_OE_Std_EvalTest_Seed0,geo/30min-1500/30min1500SeqData_Energy_J2Energy_OE_Std_EvalTest_Seed0.log,1D-CNN (InceptionTime),99.78,99.89,14,38,0.0149,473092.0,3.609405517578125,279.316,True,0,0.9956,1.0,0.9978,0.9956,1.0,0.9978,1.0,0.9911,0.9955,1.0,1.0,1.0,0.9978,0.9978,0.9978,0.9978,0.9978,0.9978,225.0,0.0,0.0,0.0,225.0,0.0,1.0,1.0,223.0,0.0,0.0,0.0
30min1500SeqData_Energy_J2Energy_OE_Std_Test_leo_Seed0,geo/30min-1500/30min1500SeqData_Energy_J2Energy_OE_Std_Test_leo_Seed0.log,Decision Trees (LightGBM),24.89,24.89,1,1,1.9269,,0.41300392150878906,0.8673,False,0,0.2526,0.8622,0.3907,0.0,0.0,0.0,0.2273,0.1333,0.1681,0.0,0.0,0.0,0.12,0.2489,0.1397,0.12,0.2489,0.1397,194.0,0.0,31.0,182.0,0.0,43.0,195.0,0.0,30.0,197.0,0.0,28.0
30min1500SeqData_Energy_J2Energy_OE_Std_Test_leo_Seed0,geo/30min-1500/30min1500SeqData_Energy_J2Energy_OE_Std_Test_leo_Seed0.log,MiniRocket,34.0,34.0,1,1,,9996.0,0.5813,22.1863,False,0,0.7143,0.0889,0.1581,0.2762,0.5156,0.3597,0.319,0.3956,0.3532,0.4682,0.36,0.407,0.4444,0.34,0.3195,0.4444,0.34,0.3195,20.0,107.0,98.0,1.0,116.0,16.0,7.0,129.0,89.0,0.0,68.0,76.0
30min1500SeqData_Energy_J2Energy_OE_Std_Test_leo_Seed0,geo/30min-1500/30min1500SeqData_Energy_J2Energy_OE_Std_Test_leo_Seed0.log,LSTM,25.0,99.78,56,83,6.083,50500.0,0.385284423828125,182.2931,True,0,0.25,1.0,0.4,0.0,0.0,0.0,0.0,0.0,0.0,0.0,0.0,0.0,0.0625,0.25,0.1,0.0625,0.25,0.1,225.0,0.0,0.0,225.0,0.0,0.0,225.0,0.0,0.0,225.0,0.0,0.0
30min1500SeqData_Energy_J2Energy_OE_Std_Test_leo_Seed0,geo/30min-1500/30min1500SeqData_Energy_J2Energy_OE_Std_Test_leo_Seed0.log,Mamba,25.0,70.44,66,74,11.329,17044.0,0.130035400390625,243.3016,True,0,0.25,1.0,0.4,0.0,0.0,0.0,0.0,0.0,0.0,0.0,0.0,0.0,0.0625,0.25,0.1,0.0625,0.25,0.1,225.0,0.0,0.0,225.0,0.0,0.0,225.0,0.0,0.0,225.0,0.0,0.0
30min1500SeqData_Energy_J2Energy_OE_Std_Test_leo_Seed0,geo/30min-1500/30min1500SeqData_Energy_J2Energy_OE_Std_Test_leo_Seed0.log,Transformer,25.0,84.11,86,101,5.1074,288324.0,2.199737548828125,138.8252,False,0,0.0,0.0,0.0,0.0,0.0,0.0,0.0,0.0,0.0,0.25,1.0,0.4,0.0625,0.25,0.1,0.0625,0.25,0.1,0.0,0.0,0.0,0.0,0.0,0.0,0.0,0.0,0.0,0.0,0.0,0.0
30min1500SeqData_Energy_J2Energy_OE_Std_Test_leo_Seed0,geo/30min-1500/30min1500SeqData_Energy_J2Energy_OE_Std_Test_leo_Seed0.log,1D-CNN (InceptionTime),25.0,99.89,14,32,7.1935,473092.0,3.609405517578125,233.8532,True,0,0.25,1.0,0.4,0.0,0.0,0.0,0.0,0.0,0.0,0.0,0.0,0.0,0.0625,0.25,0.1,0.0625,0.25,0.1,225.0,0.0,0.0,225.0,0.0,0.0,225.0,0.0,0.0,225.0,0.0,0.0
30min1500SeqData_Std_EvalTest_Seed0,geo/30min-1500/30min1500SeqData_Std_EvalTest_Seed0.log,Decision Trees (LightGBM),25.0,25.0,1,1,1.3875,,0.4170713424682617,0.6244,False,0,0.2456,0.2489,0.2472,0.2476,0.2311,0.2391,0.2542,0.2711,0.2624,0.2523,0.2489,0.2506,0.2499,0.25,0.2498,0.2499,0.25,0.2498,56.0,53.0,62.0,57.0,52.0,59.0,56.0,53.0,61.0,59.0,52.0,58.0
30min1500SeqData_Std_EvalTest_Seed0,geo/30min-1500/30min1500SeqData_Std_EvalTest_Seed0.log,MiniRocket,56.0,56.0,1,1,,9996.0,0.5809,28.5968,False,0,0.416,0.44,0.4276,0.5164,0.56,0.5373,0.4045,0.32,0.3573,0.8625,0.92,0.8903,0.5498,0.56,0.5532,0.5498,0.56,0.5532,99.0,53.0,70.0,37.0,126.0,35.0,98.0,52.0,72.0,4.0,13.0,1.0
30min1500SeqData_Std_EvalTest_Seed0,geo/30min-1500/30min1500SeqData_Std_EvalTest_Seed0.log,LSTM,25.0,25.0,1,18,1.3863,28660.0,0.218658447265625,31.5596,True,0,0.0,0.0,0.0,0.0,0.0,0.0,0.0,0.0,0.0,0.25,1.0,0.4,0.0625,0.25,0.1,0.0625,0.25,0.1,0.0,0.0,0.0,0.0,0.0,0.0,0.0,0.0,0.0,0.0,0.0,0.0
30min1500SeqData_Std_EvalTest_Seed0,geo/30min-1500/30min1500SeqData_Std_EvalTest_Seed0.log,Mamba,25.0,25.0,1,24,1.3863,12208.0,0.0931396484375,88.7241,True,0,0.25,0.2,0.2222,0.25,0.2711,0.2601,0.25,0.0489,0.0818,0.25,0.48,0.3288,0.25,0.25,0.2232,0.25,0.25,0.2232,45.0,61.0,11.0,45.0,61.0,11.0,45.0,61.0,11.0,45.0,61.0,11.0
30min1500SeqData_Std_EvalTest_Seed0,geo/30min-1500/30min1500SeqData_Std_EvalTest_Seed0.log,Transformer,25.0,25.0,1,18,1.3874,213092.0,1.625762939453125,23.5836,True,0,0.0,0.0,0.0,0.0,0.0,0.0,0.25,1.0,0.4,0.0,0.0,0.0,0.0625,0.25,0.1,0.0625,0.25,0.1,0.0,0.0,225.0,0.0,0.0,225.0,0.0,0.0,225.0,0.0,0.0,225.0
30min1500SeqData_Std_EvalTest_Seed0,geo/30min-1500/30min1500SeqData_Std_EvalTest_Seed0.log,1D-CNN (InceptionTime),25.0,25.0,1,31,1.3863,472708.0,3.606475830078125,225.9327,True,0,0.0,0.0,0.0,0.0,0.0,0.0,0.25,0.08,0.1212,0.25,0.92,0.3932,0.125,0.25,0.1286,0.125,0.25,0.1286,0.0,0.0,18.0,0.0,0.0,18.0,0.0,0.0,18.0,0.0,0.0,18.0
30min1500SeqData_Energy_J2Energy_ResidLadder3_OE_Std_EvalTest_Seed1,geo/30min-1500/30min1500SeqData_Energy_J2Energy_ResidLadder3_OE_Std_EvalTest_Seed1.log,Decision Trees (LightGBM),99.22,99.22,1,1,0.1795,,0.4149904251098633,1.2433,False,0,0.9783,1.0,0.989,1.0,0.9911,0.9955,1.0,0.9778,0.9888,0.9912,1.0,0.9956,0.9924,0.9922,0.9922,0.9924,0.9922,0.9922,225.0,0.0,0.0,0.0,223.0,0.0,5.0,0.0,220.0,0.0,0.0,0.0
30min1500SeqData_Energy_J2Energy_ResidLadder3_OE_Std_EvalTest_Seed1,geo/30min-1500/30min1500SeqData_Energy_J2Energy_ResidLadder3_OE_Std_EvalTest_Seed1.log,MiniRocket,99.56,99.56,1,1,,9996.0,0.5818,23.4926,False,0,0.9868,1.0,0.9934,0.9956,1.0,0.9978,1.0,0.9822,0.991,1.0,1.0,1.0,0.9956,0.9956,0.9955,0.9956,0.9956,0.9955,225.0,0.0,0.0,0.0,225.0,0.0,3.0,1.0,221.0,0.0,0.0,0.0
30min1500SeqData_Energy_J2Energy_ResidLadder3_OE_Std_EvalTest_Seed1,geo/30min-1500/30min1500SeqData_Energy_J2Energy_ResidLadder3_OE_Std_EvalTest_Seed1.log,LSTM,99.44,99.89,3,20,0.0256,94780.0,0.723114013671875,55.3782,True,0,0.9868,1.0,0.9934,0.9912,1.0,0.9956,1.0,0.9778,0.9888,1.0,1.0,1.0,0.9945,0.9944,0.9944,0.9945,0.9944,0.9944,225.0,0.0,0.0,0.0,225.0,0.0,3.0,2.0,220.0,0.0,0.0,0.0
30min1500SeqData_Energy_J2Energy_ResidLadder3_OE_Std_EvalTest_Seed1,geo/30min-1500/30min1500SeqData_Energy_J2Energy_ResidLadder3_OE_Std_EvalTest_Seed1.log,Mamba,99.33,99.89,22,40,0.0215,25018.0,0.1908721923828125,139.6037,True,0,0.9783,1.0,0.989,0.9956,1.0,0.9978,1.0,0.9822,0.991,1.0,0.9911,0.9955,0.9935,0.9933,0.9933,0.9935,0.9933,0.9933,225.0,0.0,0.0,0.0,225.0,0.0,3.0,1.0,221.0,2.0,0.0,0.0
30min1500SeqData_Energy_J2Energy_ResidLadder3_OE_Std_EvalTest_Seed1,geo/30min-1500/30min1500SeqData_Energy_J2Energy_ResidLadder3_OE_Std_EvalTest_Seed1.log,Transformer,99.56,100.0,41,52,0.0177,405132.0,3.090911865234375,73.4579,True,0,0.9825,1.0,0.9912,1.0,1.0,1.0,1.0,0.9822,0.991,1.0,1.0,1.0,0.9956,0.9956,0.9956,0.9956,0.9956,0.9956,225.0,0.0,0.0,0.0,225.0,0.0,4.0,0.0,221.0,0.0,0.0,0.0
30min1500SeqData_Energy_J2Energy_ResidLadder3_OE_Std_EvalTest_Seed1,geo/30min-1500/30min1500SeqData_Energy_J2Energy_ResidLadder3_OE_Std_EvalTest_Seed1.log,1D-CNN (InceptionTime),99.44,99.89,2,18,0.0281,473668.0,3.613800048828125,128.7327,True,0,0.9868,1.0,0.9934,0.9912,1.0,0.9956,1.0,0.9778,0.9888,1.0,1.0,1.0,0.9945,0.9944,0.9944,0.9945,0.9944,0.9944,225.0,0.0,0.0,0.0,225.0,0.0,3.0,2.0,220.0,0.0,0.0,0.0
30min1500SeqData_Energy_J2Energy_ResidLadder3_OE_Std_EvalTest_Seed0,geo/30min-1500/30min1500SeqData_Energy_J2Energy_ResidLadder3_OE_Std_EvalTest_Seed0.log,Decision Trees (LightGBM),99.78,99.78,1,1,0.1748,,0.4148874282836914,1.2558,False,0,0.9956,1.0,0.9978,1.0,0.9956,0.9978,1.0,0.9956,0.9978,0.9956,1.0,0.9978,0.9978,0.9978,0.9978,0.9978,0.9978,0.9978,225.0,0.0,0.0,0.0,224.0,0.0,1.0,0.0,224.0,0.0,0.0,0.0
30min1500SeqData_Energy_J2Energy_ResidLadder3_OE_Std_EvalTest_Seed0,geo/30min-1500/30min1500SeqData_Energy_J2Energy_ResidLadder3_OE_Std_EvalTest_Seed0.log,MiniRocket,99.89,99.89,1,1,,9996.0,0.5816,26.0721,False,0,0.9956,1.0,0.9978,1.0,1.0,1.0,1.0,0.9956,0.9978,1.0,1.0,1.0,0.9989,0.9989,0.9989,0.9989,0.9989,0.9989,225.0,0.0,0.0,0.0,225.0,0.0,1.0,0.0,224.0,0.0,0.0,0.0
30min1500SeqData_Energy_J2Energy_ResidLadder3_OE_Std_EvalTest_Seed0,geo/30min-1500/30min1500SeqData_Energy_J2Energy_ResidLadder3_OE_Std_EvalTest_Seed0.log,LSTM,99.89,99.89,4,49,0.0026,94780.0,0.723114013671875,139.3383,True,0,0.9956,1.0,0.9978,1.0,1.0,1.0,1.0,0.9956,0.9978,1.0,1.0,1.0,0.9989,0.9989,0.9989,0.9989,0.9989,0.9989,225.0,0.0,0.0,0.0,225.0,0.0,1.0,0.0,224.0,0.0,0.0,0.0
30min1500SeqData_Energy_J2Energy_ResidLadder3_OE_Std_EvalTest_Seed0,geo/30min-1500/30min1500SeqData_Energy_J2Energy_ResidLadder3_OE_Std_EvalTest_Seed0.log,Mamba,99.56,99.78,16,39,0.0105,25018.0,0.1908721923828125,129.2208,True,0,0.9912,0.9956,0.9933,1.0,0.9956,0.9978,0.9912,0.9956,0.9933,1.0,0.9956,0.9978,0.9956,0.9956,0.9956,0.9956,0.9956,0.9956,224.0,0.0,1.0,0.0,224.0,1.0,1.0,0.0,224.0,1.0,0.0,0.0
30min1500SeqData_Energy_J2Energy_ResidLadder3_OE_Std_EvalTest_Seed0,geo/30min-1500/30min1500SeqData_Energy_J2Energy_ResidLadder3_OE_Std_EvalTest_Seed0.log,Transformer,99.89,100.0,12,33,0.0041,405132.0,3.090911865234375,45.1949,True,0,0.9956,1.0,0.9978,1.0,1.0,1.0,1.0,0.9956,0.9978,1.0,1.0,1.0,0.9989,0.9989,0.9989,0.9989,0.9989,0.9989,225.0,0.0,0.0,0.0,225.0,0.0,1.0,0.0,224.0,0.0,0.0,0.0
30min1500SeqData_Energy_J2Energy_ResidLadder3_OE_Std_EvalTest_Seed0,geo/30min-1500/30min1500SeqData_Energy_J2Energy_ResidLadder3_OE_Std_EvalTest_Seed0.log,1D-CNN (InceptionTime),99.89,99.89,2,32,0.0046,473668.0,3.613800048828125,234.4715,True,0,0.9956,1.0,0.9978,1.0,1.0,1.0,1.0,0.9956,0.9978,1.0,1.0,1.0,0.9989,0.9989,0.9989,0.9989,0.9989,0.9989,225.0,0.0,0.0,0.0,225.0,0.0,1.0,0.0,224.0,0.0,0.0,0.0
30min1500SeqData_Std_EvalTest_Seed2,geo/30min-1500/30min1500SeqData_Std_EvalTest_Seed2.log,Decision Trees (LightGBM),24.44,24.44,1,1,1.3872,,0.4168224334716797,0.6593,False,0,0.2468,0.2533,0.25,0.2477,0.24,0.2438,0.2432,0.28,0.2603,0.2396,0.2044,0.2206,0.2443,0.2444,0.2437,0.2443,0.2444,0.2437,57.0,53.0,65.0,58.0,54.0,66.0,57.0,56.0,63.0,59.0,55.0,65.0
30min1500SeqData_Std_EvalTest_Seed2,geo/30min-1500/30min1500SeqData_Std_EvalTest_Seed2.log,MiniRocket,45.11,45.11,1,1,,9996.0,0.5808,22.2897,False,0,0.3858,0.2178,0.2784,0.4397,0.68,0.534,0.3796,0.2311,0.2873,0.5278,0.6756,0.5926,0.4332,0.4511,0.4231,0.4332,0.4511,0.4231,49.0,72.0,53.0,24.0,153.0,17.0,47.0,72.0,52.0,7.0,51.0,15.0
30min1500SeqData_Std_EvalTest_Seed2,geo/30min-1500/30min1500SeqData_Std_EvalTest_Seed2.log,LSTM,25.0,25.0,1,13,1.3864,28660.0,0.218658447265625,22.3934,True,0,0.0,0.0,0.0,0.25,0.3067,0.2754,0.0,0.0,0.0,0.25,0.6933,0.3675,0.125,0.25,0.1607,0.125,0.25,0.1607,0.0,69.0,0.0,0.0,69.0,0.0,0.0,69.0,0.0,0.0,69.0,0.0
30min1500SeqData_Std_EvalTest_Seed2,geo/30min-1500/30min1500SeqData_Std_EvalTest_Seed2.log,Mamba,25.0,25.0,2,24,1.3863,12208.0,0.0931396484375,82.3638,True,0,0.25,0.2622,0.256,0.25,0.3067,0.2754,0.25,0.2933,0.2699,0.25,0.1378,0.1777,0.25,0.25,0.2448,0.25,0.25,0.2448,59.0,69.0,66.0,59.0,69.0,66.0,59.0,69.0,66.0,59.0,69.0,66.0
30min1500SeqData_Std_EvalTest_Seed2,geo/30min-1500/30min1500SeqData_Std_EvalTest_Seed2.log,Transformer,25.0,25.0,1,30,1.3863,213092.0,1.625762939453125,42.3685,True,0,0.0,0.0,0.0,0.0,0.0,0.0,0.0,0.0,0.0,0.25,1.0,0.4,0.0625,0.25,0.1,0.0625,0.25,0.1,0.0,0.0,0.0,0.0,0.0,0.0,0.0,0.0,0.0,0.0,0.0,0.0
30min1500SeqData_Std_EvalTest_Seed2,geo/30min-1500/30min1500SeqData_Std_EvalTest_Seed2.log,1D-CNN (InceptionTime),25.0,25.0,1,26,1.3864,472708.0,3.606475830078125,188.3531,True,0,0.0,0.0,0.0,0.0,0.0,0.0,0.25,0.3289,0.2841,0.25,0.6711,0.3643,0.125,0.25,0.1621,0.125,0.25,0.1621,0.0,0.0,74.0,0.0,0.0,74.0,0.0,0.0,74.0,0.0,0.0,74.0
30min1500SeqData_Energy_J2Energy_ResidLadder3_OE_Std_Test_leo_Seed1,geo/30min-1500/30min1500SeqData_Energy_J2Energy_ResidLadder3_OE_Std_Test_leo_Seed1.log,Decision Trees (LightGBM),32.89,32.89,1,1,1.3932,,0.4149904251098633,1.2429,False,0,0.4405,0.1644,0.2395,0.9273,0.2267,0.3643,0.2733,0.9244,0.4219,0.0,0.0,0.0,0.4103,0.3289,0.2564,0.4103,0.3289,0.2564,37.0,0.0,188.0,2.0,51.0,172.0,17.0,0.0,208.0,28.0,4.0,193.0
30min1500SeqData_Energy_J2Energy_ResidLadder3_OE_Std_Test_leo_Seed1,geo/30min-1500/30min1500SeqData_Energy_J2Energy_ResidLadder3_OE_Std_Test_leo_Seed1.log,MiniRocket,47.33,47.33,1,1,,9996.0,0.5818,23.1654,False,0,0.3806,0.6444,0.4785,0.5894,0.8933,0.7102,0.1538,0.0089,0.0168,0.4727,0.3467,0.4,0.3991,0.4733,0.4014,0.3991,0.4733,0.4014,145.0,47.0,0.0,2.0,201.0,1.0,155.0,35.0,2.0,79.0,58.0,10.0
30min1500SeqData_Energy_J2Energy_ResidLadder3_OE_Std_Test_leo_Seed1,geo/30min-1500/30min1500SeqData_Energy_J2Energy_ResidLadder3_OE_Std_Test_leo_Seed1.log,LSTM,25.0,99.89,3,20,5.8682,94780.0,0.723114013671875,55.0731,True,0,0.25,1.0,0.4,0.0,0.0,0.0,0.0,0.0,0.0,0.0,0.0,0.0,0.0625,0.25,0.1,0.0625,0.25,0.1,225.0,0.0,0.0,225.0,0.0,0.0,225.0,0.0,0.0,225.0,0.0,0.0
30min1500SeqData_Energy_J2Energy_ResidLadder3_OE_Std_Test_leo_Seed1,geo/30min-1500/30min1500SeqData_Energy_J2Energy_ResidLadder3_OE_Std_Test_leo_Seed1.log,Mamba,25.0,99.89,22,40,1.8622,25018.0,0.1908721923828125,142.542,True,0,0.0,0.0,0.0,0.0,0.0,0.0,0.0,0.0,0.0,0.25,1.0,0.4,0.0625,0.25,0.1,0.0625,0.25,0.1,0.0,0.0,0.0,0.0,0.0,0.0,0.0,0.0,0.0,0.0,0.0,0.0
30min1500SeqData_Energy_J2Energy_ResidLadder3_OE_Std_Test_leo_Seed1,geo/30min-1500/30min1500SeqData_Energy_J2Energy_ResidLadder3_OE_Std_Test_leo_Seed1.log,Transformer,25.0,100.0,41,52,8.5827,405132.0,3.090911865234375,72.4606,True,0,0.0,0.0,0.0,0.0,0.0,0.0,0.25,1.0,0.4,0.0,0.0,0.0,0.0625,0.25,0.1,0.0625,0.25,0.1,0.0,0.0,225.0,0.0,0.0,225.0,0.0,0.0,225.0,0.0,0.0,225.0
30min1500SeqData_Energy_J2Energy_ResidLadder3_OE_Std_Test_leo_Seed1,geo/30min-1500/30min1500SeqData_Energy_J2Energy_ResidLadder3_OE_Std_Test_leo_Seed1.log,1D-CNN (InceptionTime),25.0,99.89,2,21,6.6774,473668.0,3.613800048828125,151.4735,True,0,0.25,1.0,0.4,0.0,0.0,0.0,0.0,0.0,0.0,0.0,0.0,0.0,0.0625,0.25,0.1,0.0625,0.25,0.1,225.0,0.0,0.0,225.0,0.0,0.0,225.0,0.0,0.0,225.0,0.0,0.0
100min1500SeqData_Energy_J2Energy_ResidLadder3_OE_Std_Test_leo_Seed2,geo/100min-1500/100min1500SeqData_Energy_J2Energy_ResidLadder3_OE_Std_Test_leo_Seed2.log,Decision Trees (LightGBM),31.11,31.11,1,1,1.5497,,0.4540843963623047,4.7271,False,0,0.3224,0.96,0.4827,1.0,0.2444,0.3929,0.0514,0.04,0.045,0.0,0.0,0.0,0.3435,0.3111,0.2301,0.3435,0.3111,0.2301,216.0,0.0,9.0,18.0,55.0,152.0,216.0,0.0,9.0,220.0,0.0,5.0
100min1500SeqData_Energy_J2Energy_ResidLadder3_OE_Std_Test_leo_Seed2,geo/100min-1500/100min1500SeqData_Energy_J2Energy_ResidLadder3_OE_Std_Test_leo_Seed2.log,MiniRocket,16.56,16.56,1,1,,9996.0,0.5941,35.4634,False,0,0.0221,0.0133,0.0166,0.129,0.2489,0.17,1.0,0.0089,0.0176,0.2683,0.3911,0.3183,0.3548,0.1656,0.1306,0.3548,0.1656,0.1306,3.0,94.0,0.0,129.0,56.0,0.0,4.0,147.0,2.0,0.0,137.0,0.0
100min1500SeqData_Energy_J2Energy_ResidLadder3_OE_Std_Test_leo_Seed2,geo/100min-1500/100min1500SeqData_Energy_J2Energy_ResidLadder3_OE_Std_Test_leo_Seed2.log,LSTM,25.0,100.0,44,57,7.9521,94780.0,0.723114013671875,495.5944,True,0,0.25,1.0,0.4,0.0,0.0,0.0,0.0,0.0,0.0,0.0,0.0,0.0,0.0625,0.25,0.1,0.0625,0.25,0.1,225.0,0.0,0.0,225.0,0.0,0.0,225.0,0.0,0.0,225.0,0.0,0.0
100min1500SeqData_Energy_J2Energy_ResidLadder3_OE_Std_Test_leo_Seed2,geo/100min-1500/100min1500SeqData_Energy_J2Energy_ResidLadder3_OE_Std_Test_leo_Seed2.log,Mamba,25.0,99.89,16,22,17.7529,25018.0,0.1908721923828125,151.558,True,0,0.25,1.0,0.4,0.0,0.0,0.0,0.0,0.0,0.0,0.0,0.0,0.0,0.0625,0.25,0.1,0.0625,0.25,0.1,225.0,0.0,0.0,225.0,0.0,0.0,225.0,0.0,0.0,225.0,0.0,0.0
100min1500SeqData_Energy_J2Energy_ResidLadder3_OE_Std_Test_leo_Seed2,geo/100min-1500/100min1500SeqData_Energy_J2Energy_ResidLadder3_OE_Std_Test_leo_Seed2.log,Transformer,25.0,100.0,7,38,5.6325,405132.0,3.090911865234375,90.2632,True,0,0.0,0.0,0.0,0.25,1.0,0.4,0.0,0.0,0.0,0.0,0.0,0.0,0.0625,0.25,0.1,0.0625,0.25,0.1,0.0,225.0,0.0,0.0,225.0,0.0,0.0,225.0,0.0,0.0,225.0,0.0
100min1500SeqData_Energy_J2Energy_ResidLadder3_OE_Std_Test_leo_Seed2,geo/100min-1500/100min1500SeqData_Energy_J2Energy_ResidLadder3_OE_Std_Test_leo_Seed2.log,1D-CNN (InceptionTime),25.0,99.78,17,23,10.1229,473668.0,3.613800048828125,245.8698,True,0,0.25,1.0,0.4,0.0,0.0,0.0,0.0,0.0,0.0,0.0,0.0,0.0,0.0625,0.25,0.1,0.0625,0.25,0.1,225.0,0.0,0.0,225.0,0.0,0.0,225.0,0.0,0.0,225.0,0.0,0.0
100min1500SeqData_Std_EvalTest_Seed2,geo/100min-1500/100min1500SeqData_Std_EvalTest_Seed2.log,Decision Trees (LightGBM),25.78,25.78,1,1,1.3865,,0.4402923583984375,2.1054,False,0,0.2597,0.3556,0.3002,0.268,0.3467,0.3023,0.2443,0.1911,0.2145,0.248,0.1378,0.1771,0.255,0.2578,0.2485,0.255,0.2578,0.2485,80.0,69.0,45.0,72.0,78.0,44.0,79.0,71.0,43.0,77.0,73.0,44.0
100min1500SeqData_Std_EvalTest_Seed2,geo/100min-1500/100min1500SeqData_Std_EvalTest_Seed2.log,MiniRocket,50.0,50.0,1,1,,9996.0,0.5911,31.0746,False,0,0.4013,0.5422,0.4612,0.519,0.3644,0.4282,0.3785,0.2978,0.3333,0.6858,0.7956,0.7366,0.4962,0.5,0.4899,0.4962,0.5,0.4899,122.0,24.0,68.0,51.0,82.0,32.0,121.0,26.0,67.0,10.0,26.0,10.0
100min1500SeqData_Std_EvalTest_Seed2,geo/100min-1500/100min1500SeqData_Std_EvalTest_Seed2.log,LSTM,25.0,25.0,1,13,1.3864,28660.0,0.218658447265625,67.5804,True,0,0.0,0.0,0.0,0.25,0.3022,0.2736,0.0,0.0,0.0,0.25,0.6978,0.3681,0.125,0.25,0.1604,0.125,0.25,0.1604,0.0,68.0,0.0,0.0,68.0,0.0,0.0,68.0,0.0,0.0,68.0,0.0
100min1500SeqData_Std_EvalTest_Seed2,geo/100min-1500/100min1500SeqData_Std_EvalTest_Seed2.log,Mamba,25.0,25.0,1,26,1.3863,12208.0,0.0931396484375,112.0931,True,0,0.25,0.1778,0.2078,0.25,0.3111,0.2772,0.25,0.3422,0.2889,0.25,0.1689,0.2016,0.25,0.25,0.2439,0.25,0.25,0.2439,40.0,70.0,77.0,40.0,70.0,77.0,40.0,70.0,77.0,40.0,70.0,77.0
100min1500SeqData_Std_EvalTest_Seed2,geo/100min-1500/100min1500SeqData_Std_EvalTest_Seed2.log,Transformer,25.0,25.11,23,28,1.3864,213092.0,1.625762939453125,50.4957,True,0,0.0,0.0,0.0,0.0,0.0,0.0,0.0,0.0,0.0,0.25,1.0,0.4,0.0625,0.25,0.1,0.0625,0.25,0.1,0.0,0.0,0.0,0.0,0.0,0.0,0.0,0.0,0.0,0.0,0.0,0.0
100min1500SeqData_Std_EvalTest_Seed2,geo/100min-1500/100min1500SeqData_Std_EvalTest_Seed2.log,1D-CNN (InceptionTime),25.0,25.11,22,34,1.3866,472708.0,3.606475830078125,368.0476,True,0,0.0,0.0,0.0,0.25,1.0,0.4,0.0,0.0,0.0,0.0,0.0,0.0,0.0625,0.25,0.1,0.0625,0.25,0.1,0.0,225.0,0.0,0.0,225.0,0.0,0.0,225.0,0.0,0.0,225.0,0.0
100min1500SeqData_Energy_J2Energy_OE_Std_Test_leo_Seed0,geo/100min-1500/100min1500SeqData_Energy_J2Energy_OE_Std_Test_leo_Seed0.log,Decision Trees (LightGBM),32.89,32.89,1,1,2.1782,,0.4422283172607422,3.2582,False,0,0.2735,0.9822,0.4279,0.8152,0.3333,0.4732,0.0,0.0,0.0,0.0,0.0,0.0,0.2722,0.3289,0.2253,0.2722,0.3289,0.2253,221.0,4.0,0.0,150.0,75.0,0.0,219.0,6.0,0.0,218.0,7.0,0.0
100min1500SeqData_Energy_J2Energy_OE_Std_Test_leo_Seed0,geo/100min-1500/100min1500SeqData_Energy_J2Energy_OE_Std_Test_leo_Seed0.log,MiniRocket,20.78,20.78,1,1,,9996.0,0.5934,32.4255,False,0,0.0,0.0,0.0,0.0968,0.0267,0.0418,0.2346,0.0844,0.1242,0.214,0.72,0.3299,0.1363,0.2078,0.124,0.1363,0.2078,0.124,0.0,16.0,14.0,0.0,6.0,1.0,0.0,24.0,19.0,0.0,16.0,47.0
100min1500SeqData_Energy_J2Energy_OE_Std_Test_leo_Seed0,geo/100min-1500/100min1500SeqData_Energy_J2Energy_OE_Std_Test_leo_Seed0.log,LSTM,25.0,83.22,27,38,4.7979,50500.0,0.385284423828125,252.6729,True,0,0.25,1.0,0.4,0.0,0.0,0.0,0.0,0.0,0.0,0.0,0.0,0.0,0.0625,0.25,0.1,0.0625,0.25,0.1,225.0,0.0,0.0,225.0,0.0,0.0,225.0,0.0,0.0,225.0,0.0,0.0
100min1500SeqData_Energy_J2Energy_OE_Std_Test_leo_Seed0,geo/100min-1500/100min1500SeqData_Energy_J2Energy_OE_Std_Test_leo_Seed0.log,Mamba,25.0,69.89,62,79,27.5841,17044.0,0.130035400390625,401.3843,True,0,0.25,1.0,0.4,0.0,0.0,0.0,0.0,0.0,0.0,0.0,0.0,0.0,0.0625,0.25,0.1,0.0625,0.25,0.1,225.0,0.0,0.0,225.0,0.0,0.0,225.0,0.0,0.0,225.0,0.0,0.0
100min1500SeqData_Energy_J2Energy_OE_Std_Test_leo_Seed0,geo/100min-1500/100min1500SeqData_Energy_J2Energy_OE_Std_Test_leo_Seed0.log,Transformer,25.0,98.22,46,57,7.0069,288324.0,2.199737548828125,110.9099,True,0,0.25,1.0,0.4,0.0,0.0,0.0,0.0,0.0,0.0,0.0,0.0,0.0,0.0625,0.25,0.1,0.0625,0.25,0.1,225.0,0.0,0.0,225.0,0.0,0.0,225.0,0.0,0.0,225.0,0.0,0.0
100min1500SeqData_Energy_J2Energy_OE_Std_Test_leo_Seed0,geo/100min-1500/100min1500SeqData_Energy_J2Energy_OE_Std_Test_leo_Seed0.log,1D-CNN (InceptionTime),25.0,100.0,11,39,8.0931,473092.0,3.609405517578125,425.0241,True,0,0.25,1.0,0.4,0.0,0.0,0.0,0.0,0.0,0.0,0.0,0.0,0.0,0.0625,0.25,0.1,0.0625,0.25,0.1,225.0,0.0,0.0,225.0,0.0,0.0,225.0,0.0,0.0,225.0,0.0,0.0
100min1500SeqData_Energy_J2Energy_ResidLadder3_OE_Std_EvalTest_Seed0,geo/100min-1500/100min1500SeqData_Energy_J2Energy_ResidLadder3_OE_Std_EvalTest_Seed0.log,Decision Trees (LightGBM),99.0,99.0,1,1,0.1702,,0.4544544219970703,4.8872,False,0,0.974,1.0,0.9868,1.0,0.9911,0.9955,1.0,0.9911,0.9955,0.9865,0.9778,0.9821,0.9901,0.99,0.99,0.9901,0.99,0.99,225.0,0.0,0.0,0.0,223.0,0.0,1.0,0.0,223.0,5.0,0.0,0.0
100min1500SeqData_Energy_J2Energy_ResidLadder3_OE_Std_EvalTest_Seed0,geo/100min-1500/100min1500SeqData_Energy_J2Energy_ResidLadder3_OE_Std_EvalTest_Seed0.log,MiniRocket,100.0,100.0,1,1,,9996.0,0.5945,33.7718,False,0,1.0,1.0,1.0,1.0,1.0,1.0,1.0,1.0,1.0,1.0,1.0,1.0,1.0,1.0,1.0,1.0,1.0,1.0,225.0,0.0,0.0,0.0,225.0,0.0,0.0,0.0,225.0,0.0,0.0,0.0
100min1500SeqData_Energy_J2Energy_ResidLadder3_OE_Std_EvalTest_Seed0,geo/100min-1500/100min1500SeqData_Energy_J2Energy_ResidLadder3_OE_Std_EvalTest_Seed0.log,LSTM,99.67,99.89,39,59,0.0134,94780.0,0.723114013671875,513.9483,True,0,0.9956,1.0,0.9978,0.9912,1.0,0.9956,1.0,0.9911,0.9955,1.0,0.9956,0.9978,0.9967,0.9967,0.9967,0.9967,0.9967,0.9967,225.0,0.0,0.0,0.0,225.0,0.0,0.0,2.0,223.0,1.0,0.0,0.0
100min1500SeqData_Energy_J2Energy_ResidLadder3_OE_Std_EvalTest_Seed0,geo/100min-1500/100min1500SeqData_Energy_J2Energy_ResidLadder3_OE_Std_EvalTest_Seed0.log,Mamba,99.78,99.89,22,33,0.0071,25018.0,0.1908721923828125,220.3168,True,0,0.9956,1.0,0.9978,1.0,0.9956,0.9978,1.0,1.0,1.0,0.9956,0.9956,0.9956,0.9978,0.9978,0.9978,0.9978,0.9978,0.9978,225.0,0.0,0.0,0.0,224.0,0.0,0.0,0.0,225.0,1.0,0.0,0.0
100min1500SeqData_Energy_J2Energy_ResidLadder3_OE_Std_EvalTest_Seed0,geo/100min-1500/100min1500SeqData_Energy_J2Energy_ResidLadder3_OE_Std_EvalTest_Seed0.log,Transformer,100.0,100.0,4,38,0.0003,405132.0,3.090911865234375,86.6497,True,0,1.0,1.0,1.0,1.0,1.0,1.0,1.0,1.0,1.0,1.0,1.0,1.0,1.0,1.0,1.0,1.0,1.0,1.0,225.0,0.0,0.0,0.0,225.0,0.0,0.0,0.0,225.0,0.0,0.0,0.0
100min1500SeqData_Energy_J2Energy_ResidLadder3_OE_Std_EvalTest_Seed0,geo/100min-1500/100min1500SeqData_Energy_J2Energy_ResidLadder3_OE_Std_EvalTest_Seed0.log,1D-CNN (InceptionTime),99.56,100.0,24,45,0.0162,473668.0,3.613800048828125,492.0636,True,0,1.0,1.0,1.0,0.9868,0.9956,0.9912,0.9955,0.9867,0.9911,1.0,1.0,1.0,0.9956,0.9956,0.9956,0.9956,0.9956,0.9956,225.0,0.0,0.0,0.0,224.0,1.0,0.0,3.0,222.0,0.0,0.0,0.0
100min1500SeqData_Energy_J2Energy_OE_Std_EvalTest_Seed0,geo/100min-1500/100min1500SeqData_Energy_J2Energy_OE_Std_EvalTest_Seed0.log,Decision Trees (LightGBM),84.56,84.56,1,1,0.6093,,0.4422283172607422,3.0781,False,0,0.9698,1.0,0.9847,0.8969,0.8889,0.8929,0.7719,0.7822,0.777,0.7373,0.7111,0.724,0.844,0.8456,0.8446,0.844,0.8456,0.8446,225.0,0.0,0.0,0.0,200.0,2.0,5.0,10.0,176.0,2.0,13.0,50.0
100min1500SeqData_Energy_J2Energy_OE_Std_EvalTest_Seed0,geo/100min-1500/100min1500SeqData_Energy_J2Energy_OE_Std_EvalTest_Seed0.log,MiniRocket,99.78,99.78,1,1,,9996.0,0.5934,31.2298,False,0,0.9956,1.0,0.9978,0.9956,1.0,0.9978,1.0,1.0,1.0,1.0,0.9911,0.9955,0.9978,0.9978,0.9978,0.9978,0.9978,0.9978,225.0,0.0,0.0,0.0,225.0,0.0,0.0,0.0,225.0,1.0,1.0,0.0
100min1500SeqData_Energy_J2Energy_OE_Std_EvalTest_Seed0,geo/100min-1500/100min1500SeqData_Energy_J2Energy_OE_Std_EvalTest_Seed0.log,LSTM,63.44,83.22,27,38,0.8632,50500.0,0.385284423828125,252.3099,True,0,0.7192,0.6489,0.6822,0.7027,0.8089,0.7521,0.5668,0.5467,0.5566,0.543,0.5333,0.5381,0.6329,0.6344,0.6322,0.6329,0.6344,0.6322,146.0,13.0,26.0,5.0,182.0,25.0,25.0,29.0,123.0,27.0,35.0,43.0
100min1500SeqData_Energy_J2Energy_OE_Std_EvalTest_Seed0,geo/100min-1500/100min1500SeqData_Energy_J2Energy_OE_Std_EvalTest_Seed0.log,Mamba,70.11,70.11,79,79,0.5518,17044.0,0.130035400390625,403.2763,True,0,0.9694,0.9867,0.978,0.8299,0.8889,0.8584,0.4658,0.3022,0.3666,0.4965,0.6267,0.554,0.6904,0.7011,0.6892,0.6904,0.7011,0.6892,222.0,0.0,0.0,0.0,200.0,11.0,5.0,26.0,68.0,2.0,15.0,67.0
100min1500SeqData_Energy_J2Energy_OE_Std_EvalTest_Seed0,geo/100min-1500/100min1500SeqData_Energy_J2Energy_OE_Std_EvalTest_Seed0.log,Transformer,98.89,98.89,57,57,0.046,288324.0,2.199737548828125,111.466,True,0,1.0,1.0,1.0,1.0,0.9556,0.9773,1.0,1.0,1.0,0.9574,1.0,0.9783,0.9894,0.9889,0.9889,0.9894,0.9889,0.9889,225.0,0.0,0.0,0.0,215.0,0.0,0.0,0.0,225.0,0.0,0.0,0.0
100min1500SeqData_Energy_J2Energy_OE_Std_EvalTest_Seed0,geo/100min-1500/100min1500SeqData_Energy_J2Energy_OE_Std_EvalTest_Seed0.log,1D-CNN (InceptionTime),99.89,100.0,14,51,0.0086,473092.0,3.609405517578125,559.4979,True,0,1.0,1.0,1.0,1.0,0.9956,0.9978,1.0,1.0,1.0,0.9956,1.0,0.9978,0.9989,0.9989,0.9989,0.9989,0.9989,0.9989,225.0,0.0,0.0,0.0,224.0,0.0,0.0,0.0,225.0,0.0,0.0,0.0
100min1500SeqData_Energy_J2Energy_ResidLadder3_OE_Std_EvalTest_Seed2,geo/100min-1500/100min1500SeqData_Energy_J2Energy_ResidLadder3_OE_Std_EvalTest_Seed2.log,Decision Trees (LightGBM),99.44,99.44,1,1,0.1677,,0.4540843963623047,4.8852,False,0,1.0,0.9911,0.9955,0.9956,0.9956,0.9956,1.0,0.9911,0.9955,0.9825,1.0,0.9912,0.9945,0.9944,0.9945,0.9945,0.9944,0.9945,223.0,0.0,0.0,0.0,224.0,0.0,0.0,1.0,223.0,0.0,0.0,0.0
100min1500SeqData_Energy_J2Energy_ResidLadder3_OE_Std_EvalTest_Seed2,geo/100min-1500/100min1500SeqData_Energy_J2Energy_ResidLadder3_OE_Std_EvalTest_Seed2.log,MiniRocket,100.0,100.0,1,1,,9996.0,0.5941,38.5081,False,0,1.0,1.0,1.0,1.0,1.0,1.0,1.0,1.0,1.0,1.0,1.0,1.0,1.0,1.0,1.0,1.0,1.0,1.0,225.0,0.0,0.0,0.0,225.0,0.0,0.0,0.0,225.0,0.0,0.0,0.0
100min1500SeqData_Energy_J2Energy_ResidLadder3_OE_Std_EvalTest_Seed2,geo/100min-1500/100min1500SeqData_Energy_J2Energy_ResidLadder3_OE_Std_EvalTest_Seed2.log,LSTM,100.0,100.0,44,57,0.0017,94780.0,0.723114013671875,493.3579,True,0,1.0,1.0,1.0,1.0,1.0,1.0,1.0,1.0,1.0,1.0,1.0,1.0,1.0,1.0,1.0,1.0,1.0,1.0,225.0,0.0,0.0,0.0,225.0,0.0,0.0,0.0,225.0,0.0,0.0,0.0
100min1500SeqData_Energy_J2Energy_ResidLadder3_OE_Std_EvalTest_Seed2,geo/100min-1500/100min1500SeqData_Energy_J2Energy_ResidLadder3_OE_Std_EvalTest_Seed2.log,Mamba,99.78,99.89,16,22,0.0087,25018.0,0.1908721923828125,144.6689,True,0,1.0,1.0,1.0,1.0,0.9911,0.9955,1.0,1.0,1.0,0.9912,1.0,0.9956,0.9978,0.9978,0.9978,0.9978,0.9978,0.9978,225.0,0.0,0.0,0.0,223.0,0.0,0.0,0.0,225.0,0.0,0.0,0.0
100min1500SeqData_Energy_J2Energy_ResidLadder3_OE_Std_EvalTest_Seed2,geo/100min-1500/100min1500SeqData_Energy_J2Energy_ResidLadder3_OE_Std_EvalTest_Seed2.log,Transformer,99.78,100.0,7,38,0.005,405132.0,3.090911865234375,86.7187,True,0,1.0,0.9956,0.9978,0.9956,1.0,0.9978,0.9956,0.9956,0.9956,1.0,1.0,1.0,0.9978,0.9978,0.9978,0.9978,0.9978,0.9978,224.0,0.0,1.0,0.0,225.0,0.0,0.0,1.0,224.0,0.0,0.0,0.0
100min1500SeqData_Energy_J2Energy_ResidLadder3_OE_Std_EvalTest_Seed2,geo/100min-1500/100min1500SeqData_Energy_J2Energy_ResidLadder3_OE_Std_EvalTest_Seed2.log,1D-CNN (InceptionTime),100.0,100.0,27,27,0.001,473668.0,3.613800048828125,290.8873,True,0,1.0,1.0,1.0,1.0,1.0,1.0,1.0,1.0,1.0,1.0,1.0,1.0,1.0,1.0,1.0,1.0,1.0,1.0,225.0,0.0,0.0,0.0,225.0,0.0,0.0,0.0,225.0,0.0,0.0,0.0
100min1500SeqData_Std_EvalTest_Seed1,geo/100min-1500/100min1500SeqData_Std_EvalTest_Seed1.log,Decision Trees (LightGBM),24.67,24.67,1,1,1.3872,,0.4407358169555664,2.1611,False,0,0.2458,0.2578,0.2516,0.2524,0.3556,0.2952,0.2457,0.1911,0.215,0.2384,0.1822,0.2065,0.2456,0.2467,0.2421,0.2456,0.2467,0.2421,58.0,78.0,46.0,61.0,80.0,41.0,58.0,79.0,43.0,59.0,80.0,45.0
100min1500SeqData_Std_EvalTest_Seed1,geo/100min-1500/100min1500SeqData_Std_EvalTest_Seed1.log,MiniRocket,38.44,38.44,1,1,,9996.0,0.5914,30.3326,False,0,0.3333,0.3956,0.3618,0.3616,0.2844,0.3184,0.3622,0.2044,0.2614,0.4468,0.6533,0.5307,0.376,0.3844,0.3681,0.376,0.3844,0.3681,89.0,40.0,44.0,60.0,64.0,23.0,85.0,42.0,46.0,33.0,31.0,14.0
100min1500SeqData_Std_EvalTest_Seed1,geo/100min-1500/100min1500SeqData_Std_EvalTest_Seed1.log,LSTM,25.0,25.0,1,25,1.3863,28660.0,0.218658447265625,133.2419,True,0,0.0,0.0,0.0,0.0,0.0,0.0,0.0,0.0,0.0,0.25,1.0,0.4,0.0625,0.25,0.1,0.0625,0.25,0.1,0.0,0.0,0.0,0.0,0.0,0.0,0.0,0.0,0.0,0.0,0.0,0.0
100min1500SeqData_Std_EvalTest_Seed1,geo/100min-1500/100min1500SeqData_Std_EvalTest_Seed1.log,Mamba,25.0,25.0,1,13,1.3863,12208.0,0.0931396484375,52.461,True,0,0.25,0.3067,0.2754,0.25,0.2133,0.2302,0.25,0.3733,0.2995,0.25,0.1067,0.1495,0.25,0.25,0.2387,0.25,0.25,0.2387,69.0,48.0,84.0,69.0,48.0,84.0,69.0,48.0,84.0,69.0,48.0,84.0
100min1500SeqData_Std_EvalTest_Seed1,geo/100min-1500/100min1500SeqData_Std_EvalTest_Seed1.log,Transformer,25.0,25.0,1,48,1.3863,213092.0,1.625762939453125,87.671,True,0,0.25,0.3022,0.2736,0.0,0.0,0.0,0.0,0.0,0.0,0.25,0.6978,0.3681,0.125,0.25,0.1604,0.125,0.25,0.1604,68.0,0.0,0.0,68.0,0.0,0.0,68.0,0.0,0.0,68.0,0.0,0.0
100min1500SeqData_Std_EvalTest_Seed1,geo/100min-1500/100min1500SeqData_Std_EvalTest_Seed1.log,1D-CNN (InceptionTime),25.0,25.0,1,28,1.3865,472708.0,3.606475830078125,300.9187,True,0,0.0,0.0,0.0,0.0,0.0,0.0,0.25,1.0,0.4,0.0,0.0,0.0,0.0625,0.25,0.1,0.0625,0.25,0.1,0.0,0.0,225.0,0.0,0.0,225.0,0.0,0.0,225.0,0.0,0.0,225.0
100min1500SeqData_Energy_J2Energy_ResidLadder3_OE_Std_Test_leo_Seed0,geo/100min-1500/100min1500SeqData_Energy_J2Energy_ResidLadder3_OE_Std_Test_leo_Seed0.log,Decision Trees (LightGBM),29.67,29.67,1,1,1.5298,,0.4544544219970703,4.7212,False,0,0.3209,0.92,0.4759,1.0,0.1867,0.3146,0.0845,0.08,0.0822,0.0,0.0,0.0,0.3514,0.2967,0.2182,0.3514,0.2967,0.2182,207.0,0.0,18.0,30.0,42.0,153.0,207.0,0.0,18.0,201.0,0.0,24.0
100min1500SeqData_Energy_J2Energy_ResidLadder3_OE_Std_Test_leo_Seed0,geo/100min-1500/100min1500SeqData_Energy_J2Energy_ResidLadder3_OE_Std_Test_leo_Seed0.log,MiniRocket,39.33,39.33,1,1,,9996.0,0.5945,34.5202,False,0,0.3333,0.1467,0.2037,0.5899,0.7289,0.6521,0.1739,0.0178,0.0323,0.306,0.68,0.4221,0.3508,0.3933,0.3275,0.3508,0.3933,0.3275,33.0,26.0,3.0,19.0,164.0,8.0,38.0,33.0,4.0,9.0,55.0,8.0
100min1500SeqData_Energy_J2Energy_ResidLadder3_OE_Std_Test_leo_Seed0,geo/100min-1500/100min1500SeqData_Energy_J2Energy_ResidLadder3_OE_Std_Test_leo_Seed0.log,LSTM,25.0,99.89,39,59,8.0764,94780.0,0.723114013671875,513.323,True,0,0.25,1.0,0.4,0.0,0.0,0.0,0.0,0.0,0.0,0.0,0.0,0.0,0.0625,0.25,0.1,0.0625,0.25,0.1,225.0,0.0,0.0,225.0,0.0,0.0,225.0,0.0,0.0,225.0,0.0,0.0
100min1500SeqData_Energy_J2Energy_ResidLadder3_OE_Std_Test_leo_Seed0,geo/100min-1500/100min1500SeqData_Energy_J2Energy_ResidLadder3_OE_Std_Test_leo_Seed0.log,Mamba,25.0,99.89,22,33,38.9407,25018.0,0.1908721923828125,220.3529,True,0,0.25,1.0,0.4,0.0,0.0,0.0,0.0,0.0,0.0,0.0,0.0,0.0,0.0625,0.25,0.1,0.0625,0.25,0.1,225.0,0.0,0.0,225.0,0.0,0.0,225.0,0.0,0.0,225.0,0.0,0.0
100min1500SeqData_Energy_J2Energy_ResidLadder3_OE_Std_Test_leo_Seed0,geo/100min-1500/100min1500SeqData_Energy_J2Energy_ResidLadder3_OE_Std_Test_leo_Seed0.log,Transformer,25.0,100.0,4,38,7.8432,405132.0,3.090911865234375,86.8342,True,0,0.25,1.0,0.4,0.0,0.0,0.0,0.0,0.0,0.0,0.0,0.0,0.0,0.0625,0.25,0.1,0.0625,0.25,0.1,225.0,0.0,0.0,225.0,0.0,0.0,225.0,0.0,0.0,225.0,0.0,0.0
100min1500SeqData_Energy_J2Energy_ResidLadder3_OE_Std_Test_leo_Seed0,geo/100min-1500/100min1500SeqData_Energy_J2Energy_ResidLadder3_OE_Std_Test_leo_Seed0.log,1D-CNN (InceptionTime),25.0,100.0,11,36,12.297,473668.0,3.613800048828125,391.4352,True,0,0.25,1.0,0.4,0.0,0.0,0.0,0.0,0.0,0.0,0.0,0.0,0.0,0.0625,0.25,0.1,0.0625,0.25,0.1,225.0,0.0,0.0,225.0,0.0,0.0,225.0,0.0,0.0,225.0,0.0,0.0
100min1500SeqData_Energy_J2Energy_OE_Std_Test_leo_Seed1,geo/100min-1500/100min1500SeqData_Energy_J2Energy_OE_Std_Test_leo_Seed1.log,Decision Trees (LightGBM),25.0,25.0,1,1,2.1272,,0.4417257308959961,3.1043,False,0,0.25,1.0,0.4,0.0,0.0,0.0,0.0,0.0,0.0,0.0,0.0,0.0,0.0625,0.25,0.1,0.0625,0.25,0.1,225.0,0.0,0.0,225.0,0.0,0.0,225.0,0.0,0.0,225.0,0.0,0.0
100min1500SeqData_Energy_J2Energy_OE_Std_Test_leo_Seed1,geo/100min-1500/100min1500SeqData_Energy_J2Energy_OE_Std_Test_leo_Seed1.log,MiniRocket,16.33,16.33,1,1,,9996.0,0.5935,35.404,False,0,0.0,0.0,0.0,0.0,0.0,0.0,0.0627,0.08,0.0703,0.2186,0.5733,0.3166,0.0703,0.1633,0.0967,0.0703,0.1633,0.0967,0.0,0.0,171.0,0.0,0.0,3.0,0.0,22.0,18.0,0.0,1.0,95.0
100min1500SeqData_Energy_J2Energy_OE_Std_Test_leo_Seed1,geo/100min-1500/100min1500SeqData_Energy_J2Energy_OE_Std_Test_leo_Seed1.log,LSTM,25.0,84.78,68,79,9.0906,50500.0,0.385284423828125,532.7648,True,0,0.25,1.0,0.4,0.0,0.0,0.0,0.0,0.0,0.0,0.0,0.0,0.0,0.0625,0.25,0.1,0.0625,0.25,0.1,225.0,0.0,0.0,225.0,0.0,0.0,225.0,0.0,0.0,225.0,0.0,0.0
100min1500SeqData_Energy_J2Energy_OE_Std_Test_leo_Seed1,geo/100min-1500/100min1500SeqData_Energy_J2Energy_OE_Std_Test_leo_Seed1.log,Mamba,25.0,69.67,35,45,42.367,17044.0,0.130035400390625,226.0647,True,0,0.25,1.0,0.4,0.0,0.0,0.0,0.0,0.0,0.0,0.0,0.0,0.0,0.0625,0.25,0.1,0.0625,0.25,0.1,225.0,0.0,0.0,225.0,0.0,0.0,225.0,0.0,0.0,225.0,0.0,0.0
100min1500SeqData_Energy_J2Energy_OE_Std_Test_leo_Seed1,geo/100min-1500/100min1500SeqData_Energy_J2Energy_OE_Std_Test_leo_Seed1.log,Transformer,25.0,97.0,37,47,8.0408,288324.0,2.199737548828125,91.0725,True,0,0.25,1.0,0.4,0.0,0.0,0.0,0.0,0.0,0.0,0.0,0.0,0.0,0.0625,0.25,0.1,0.0625,0.25,0.1,225.0,0.0,0.0,225.0,0.0,0.0,225.0,0.0,0.0,225.0,0.0,0.0
100min1500SeqData_Energy_J2Energy_OE_Std_Test_leo_Seed1,geo/100min-1500/100min1500SeqData_Energy_J2Energy_OE_Std_Test_leo_Seed1.log,1D-CNN (InceptionTime),25.0,99.78,21,42,10.8095,473092.0,3.609405517578125,458.0565,True,0,0.25,1.0,0.4,0.0,0.0,0.0,0.0,0.0,0.0,0.0,0.0,0.0,0.0625,0.25,0.1,0.0625,0.25,0.1,225.0,0.0,0.0,225.0,0.0,0.0,225.0,0.0,0.0,225.0,0.0,0.0
100min1500SeqData_Energy_J2Energy_ResidLadder3_OE_Std_EvalTest_Seed1,geo/100min-1500/100min1500SeqData_Energy_J2Energy_ResidLadder3_OE_Std_EvalTest_Seed1.log,Decision Trees (LightGBM),99.11,99.11,1,1,0.177,,0.4546194076538086,4.8829,False,0,0.9739,0.9956,0.9846,0.9956,1.0,0.9978,1.0,0.9911,0.9955,0.9955,0.9778,0.9865,0.9912,0.9911,0.9911,0.9912,0.9911,0.9911,224.0,0.0,0.0,0.0,225.0,0.0,1.0,1.0,223.0,5.0,0.0,0.0
100min1500SeqData_Energy_J2Energy_ResidLadder3_OE_Std_EvalTest_Seed1,geo/100min-1500/100min1500SeqData_Energy_J2Energy_ResidLadder3_OE_Std_EvalTest_Seed1.log,MiniRocket,99.89,99.89,1,1,,9996.0,0.5946,33.4634,False,0,1.0,1.0,1.0,0.9956,1.0,0.9978,1.0,0.9956,0.9978,1.0,1.0,1.0,0.9989,0.9989,0.9989,0.9989,0.9989,0.9989,225.0,0.0,0.0,0.0,225.0,0.0,0.0,1.0,224.0,0.0,0.0,0.0
100min1500SeqData_Energy_J2Energy_ResidLadder3_OE_Std_EvalTest_Seed1,geo/100min-1500/100min1500SeqData_Energy_J2Energy_ResidLadder3_OE_Std_EvalTest_Seed1.log,LSTM,100.0,100.0,49,49,0.0004,94780.0,0.723114013671875,422.8864,True,0,1.0,1.0,1.0,1.0,1.0,1.0,1.0,1.0,1.0,1.0,1.0,1.0,1.0,1.0,1.0,1.0,1.0,1.0,225.0,0.0,0.0,0.0,225.0,0.0,0.0,0.0,225.0,0.0,0.0,0.0
100min1500SeqData_Energy_J2Energy_ResidLadder3_OE_Std_EvalTest_Seed1,geo/100min-1500/100min1500SeqData_Energy_J2Energy_ResidLadder3_OE_Std_EvalTest_Seed1.log,Mamba,99.67,99.78,23,28,0.0117,25018.0,0.1908721923828125,185.5717,True,0,0.9956,1.0,0.9978,0.9912,1.0,0.9956,1.0,0.9911,0.9955,1.0,0.9956,0.9978,0.9967,0.9967,0.9967,0.9967,0.9967,0.9967,225.0,0.0,0.0,0.0,225.0,0.0,0.0,2.0,223.0,1.0,0.0,0.0
100min1500SeqData_Energy_J2Energy_ResidLadder3_OE_Std_EvalTest_Seed1,geo/100min-1500/100min1500SeqData_Energy_J2Energy_ResidLadder3_OE_Std_EvalTest_Seed1.log,Transformer,100.0,100.0,31,31,0.0001,405132.0,3.090911865234375,69.9778,True,0,1.0,1.0,1.0,1.0,1.0,1.0,1.0,1.0,1.0,1.0,1.0,1.0,1.0,1.0,1.0,1.0,1.0,1.0,225.0,0.0,0.0,0.0,225.0,0.0,0.0,0.0,225.0,0.0,0.0,0.0
100min1500SeqData_Energy_J2Energy_ResidLadder3_OE_Std_EvalTest_Seed1,geo/100min-1500/100min1500SeqData_Energy_J2Energy_ResidLadder3_OE_Std_EvalTest_Seed1.log,1D-CNN (InceptionTime),99.67,99.67,3,29,0.0306,473668.0,3.613800048828125,313.1792,True,0,1.0,1.0,1.0,0.9868,1.0,0.9934,1.0,0.9867,0.9933,1.0,1.0,1.0,0.9967,0.9967,0.9967,0.9967,0.9967,0.9967,225.0,0.0,0.0,0.0,225.0,0.0,0.0,3.0,222.0,0.0,0.0,0.0
100min1500SeqData_Energy_J2Energy_OE_Std_EvalTest_Seed2,geo/100min-1500/100min1500SeqData_Energy_J2Energy_OE_Std_EvalTest_Seed2.log,Decision Trees (LightGBM),83.11,83.11,1,1,0.6352,,0.4419374465942383,3.0497,False,0,0.9612,0.9911,0.9759,0.8552,0.84,0.8475,0.7333,0.8311,0.7792,0.776,0.6622,0.7146,0.8314,0.8311,0.8293,0.8314,0.8311,0.8293,223.0,0.0,2.0,0.0,189.0,10.0,5.0,16.0,187.0,4.0,16.0,56.0
100min1500SeqData_Energy_J2Energy_OE_Std_EvalTest_Seed2,geo/100min-1500/100min1500SeqData_Energy_J2Energy_OE_Std_EvalTest_Seed2.log,MiniRocket,99.89,99.89,1,1,,9996.0,0.5931,36.2222,False,0,0.9956,1.0,0.9978,1.0,1.0,1.0,1.0,1.0,1.0,1.0,0.9956,0.9978,0.9989,0.9989,0.9989,0.9989,0.9989,0.9989,225.0,0.0,0.0,0.0,225.0,0.0,0.0,0.0,225.0,1.0,0.0,0.0
100min1500SeqData_Energy_J2Energy_OE_Std_EvalTest_Seed2,geo/100min-1500/100min1500SeqData_Energy_J2Energy_OE_Std_EvalTest_Seed2.log,LSTM,94.33,95.33,77,78,0.1494,50500.0,0.385284423828125,525.0649,True,0,0.9602,0.9644,0.9623,0.9641,0.9556,0.9598,0.9404,0.9111,0.9255,0.9099,0.9422,0.9258,0.9436,0.9433,0.9433,0.9436,0.9433,0.9433,217.0,0.0,5.0,0.0,215.0,1.0,7.0,4.0,205.0,2.0,4.0,7.0
100min1500SeqData_Energy_J2Energy_OE_Std_EvalTest_Seed2,geo/100min-1500/100min1500SeqData_Energy_J2Energy_OE_Std_EvalTest_Seed2.log,Mamba,69.33,70.33,54,57,0.5608,17044.0,0.130035400390625,288.2837,True,0,0.991,0.9822,0.9866,0.8333,0.8222,0.8277,0.4348,0.4444,0.4396,0.5244,0.5244,0.5244,0.6959,0.6933,0.6946,0.6959,0.6933,0.6946,221.0,0.0,2.0,0.0,185.0,34.0,1.0,25.0,100.0,1.0,12.0,94.0
100min1500SeqData_Energy_J2Energy_OE_Std_EvalTest_Seed2,geo/100min-1500/100min1500SeqData_Energy_J2Energy_OE_Std_EvalTest_Seed2.log,Transformer,98.0,98.56,76,78,0.0629,288324.0,2.199737548828125,152.6694,True,0,1.0,1.0,1.0,0.9905,0.9289,0.9587,0.9956,1.0,0.9978,0.937,0.9911,0.9633,0.9808,0.98,0.9799,0.9808,0.98,0.9799,225.0,0.0,0.0,0.0,209.0,1.0,0.0,0.0,225.0,0.0,2.0,0.0
100min1500SeqData_Energy_J2Energy_OE_Std_EvalTest_Seed2,geo/100min-1500/100min1500SeqData_Energy_J2Energy_OE_Std_EvalTest_Seed2.log,1D-CNN (InceptionTime),100.0,100.0,13,48,0.0007,473092.0,3.609405517578125,524.8916,True,0,1.0,1.0,1.0,1.0,1.0,1.0,1.0,1.0,1.0,1.0,1.0,1.0,1.0,1.0,1.0,1.0,1.0,1.0,225.0,0.0,0.0,0.0,225.0,0.0,0.0,0.0,225.0,0.0,0.0,0.0
100min1500SeqData_Std_EvalTest_Seed0,geo/100min-1500/100min1500SeqData_Std_EvalTest_Seed0.log,Decision Trees (LightGBM),25.33,25.33,1,1,1.3872,,0.4413032531738281,2.1601,False,0,0.2527,0.3111,0.2789,0.2568,0.3333,0.2901,0.2488,0.2311,0.2396,0.2541,0.1378,0.1787,0.2531,0.2533,0.2468,0.2531,0.2533,0.2468,70.0,72.0,53.0,68.0,75.0,52.0,70.0,72.0,52.0,69.0,73.0,52.0
100min1500SeqData_Std_EvalTest_Seed0,geo/100min-1500/100min1500SeqData_Std_EvalTest_Seed0.log,MiniRocket,51.0,51.0,1,1,,9996.0,0.5914,30.6098,False,0,0.3662,0.5289,0.4327,0.5273,0.2578,0.3463,0.3889,0.3733,0.381,0.7952,0.88,0.8354,0.5194,0.51,0.4988,0.5194,0.51,0.4988,119.0,20.0,81.0,83.0,58.0,43.0,115.0,21.0,84.0,8.0,11.0,8.0
100min1500SeqData_Std_EvalTest_Seed0,geo/100min-1500/100min1500SeqData_Std_EvalTest_Seed0.log,LSTM,25.0,25.0,1,18,1.3863,28660.0,0.218658447265625,94.8104,True,0,0.0,0.0,0.0,0.0,0.0,0.0,0.0,0.0,0.0,0.25,1.0,0.4,0.0625,0.25,0.1,0.0625,0.25,0.1,0.0,0.0,0.0,0.0,0.0,0.0,0.0,0.0,0.0,0.0,0.0,0.0
100min1500SeqData_Std_EvalTest_Seed0,geo/100min-1500/100min1500SeqData_Std_EvalTest_Seed0.log,Mamba,25.0,25.0,2,27,1.3863,12208.0,0.0931396484375,114.6013,True,0,0.25,0.12,0.1622,0.25,0.3378,0.2873,0.25,0.1644,0.1984,0.25,0.3778,0.3009,0.25,0.25,0.2372,0.25,0.25,0.2372,27.0,76.0,37.0,27.0,76.0,37.0,27.0,76.0,37.0,27.0,76.0,37.0
100min1500SeqData_Std_EvalTest_Seed0,geo/100min-1500/100min1500SeqData_Std_EvalTest_Seed0.log,Transformer,25.0,25.0,1,15,1.3879,213092.0,1.625762939453125,26.348,True,0,0.0,0.0,0.0,0.0,0.0,0.0,0.25,1.0,0.4,0.0,0.0,0.0,0.0625,0.25,0.1,0.0625,0.25,0.1,0.0,0.0,225.0,0.0,0.0,225.0,0.0,0.0,225.0,0.0,0.0,225.0
100min1500SeqData_Std_EvalTest_Seed0,geo/100min-1500/100min1500SeqData_Std_EvalTest_Seed0.log,1D-CNN (InceptionTime),25.0,25.0,1,31,1.3864,472708.0,3.606475830078125,333.8405,True,0,0.0,0.0,0.0,0.0,0.0,0.0,0.25,0.1067,0.1495,0.25,0.8933,0.3907,0.125,0.25,0.1351,0.125,0.25,0.1351,0.0,0.0,24.0,0.0,0.0,24.0,0.0,0.0,24.0,0.0,0.0,24.0
100min1500SeqData_Energy_J2Energy_ResidLadder3_OE_Std_Test_leo_Seed1,geo/100min-1500/100min1500SeqData_Energy_J2Energy_ResidLadder3_OE_Std_Test_leo_Seed1.log,Decision Trees (LightGBM),29.56,29.56,1,1,1.537,,0.4546194076538086,4.7285,False,0,0.3129,0.9511,0.4708,1.0,0.1689,0.289,0.0787,0.0622,0.0695,0.0,0.0,0.0,0.3479,0.2956,0.2073,0.3479,0.2956,0.2073,214.0,0.0,11.0,49.0,38.0,138.0,211.0,0.0,14.0,210.0,0.0,15.0
100min1500SeqData_Energy_J2Energy_ResidLadder3_OE_Std_Test_leo_Seed1,geo/100min-1500/100min1500SeqData_Energy_J2Energy_ResidLadder3_OE_Std_Test_leo_Seed1.log,MiniRocket,23.78,23.78,1,1,,9996.0,0.5946,33.1366,False,0,0.5,0.1156,0.1877,0.2261,0.7467,0.3471,0.2759,0.0356,0.063,0.1579,0.0533,0.0797,0.29,0.2378,0.1694,0.29,0.2378,0.1694,26.0,183.0,11.0,0.0,168.0,0.0,22.0,193.0,8.0,4.0,199.0,10.0
100min1500SeqData_Energy_J2Energy_ResidLadder3_OE_Std_Test_leo_Seed1,geo/100min-1500/100min1500SeqData_Energy_J2Energy_ResidLadder3_OE_Std_Test_leo_Seed1.log,LSTM,25.0,99.89,24,49,8.1439,94780.0,0.723114013671875,423.1389,True,0,0.25,1.0,0.4,0.0,0.0,0.0,0.0,0.0,0.0,0.0,0.0,0.0,0.0625,0.25,0.1,0.0625,0.25,0.1,225.0,0.0,0.0,225.0,0.0,0.0,225.0,0.0,0.0,225.0,0.0,0.0
100min1500SeqData_Energy_J2Energy_ResidLadder3_OE_Std_Test_leo_Seed1,geo/100min-1500/100min1500SeqData_Energy_J2Energy_ResidLadder3_OE_Std_Test_leo_Seed1.log,Mamba,25.0,99.78,23,28,53.5985,25018.0,0.1908721923828125,185.8996,True,0,0.25,1.0,0.4,0.0,0.0,0.0,0.0,0.0,0.0,0.0,0.0,0.0,0.0625,0.25,0.1,0.0625,0.25,0.1,225.0,0.0,0.0,225.0,0.0,0.0,225.0,0.0,0.0,225.0,0.0,0.0
100min1500SeqData_Energy_J2Energy_ResidLadder3_OE_Std_Test_leo_Seed1,geo/100min-1500/100min1500SeqData_Energy_J2Energy_ResidLadder3_OE_Std_Test_leo_Seed1.log,Transformer,25.0,99.89,20,31,6.3213,405132.0,3.090911865234375,70.3461,True,0,0.0,0.0,0.0,0.0,0.0,0.0,0.25,1.0,0.4,0.0,0.0,0.0,0.0625,0.25,0.1,0.0625,0.25,0.1,0.0,0.0,225.0,0.0,0.0,225.0,0.0,0.0,225.0,0.0,0.0,225.0
100min1500SeqData_Energy_J2Energy_ResidLadder3_OE_Std_Test_leo_Seed1,geo/100min-1500/100min1500SeqData_Energy_J2Energy_ResidLadder3_OE_Std_Test_leo_Seed1.log,1D-CNN (InceptionTime),25.0,99.67,3,17,10.7144,473668.0,3.613800048828125,178.9597,True,0,0.25,1.0,0.4,0.0,0.0,0.0,0.0,0.0,0.0,0.0,0.0,0.0,0.0625,0.25,0.1,0.0625,0.25,0.1,225.0,0.0,0.0,225.0,0.0,0.0,225.0,0.0,0.0,225.0,0.0,0.0
100min1500SeqData_Std_Test_leo_Seed1,geo/100min-1500/100min1500SeqData_Std_Test_leo_Seed1.log,Decision Trees (LightGBM),24.89,24.89,1,1,1.4149,,0.4407358169555664,2.1564,False,0,0.0,0.0,0.0,0.2496,0.7778,0.378,0.2426,0.1467,0.1828,0.254,0.0711,0.1111,0.1866,0.2489,0.168,0.1866,0.2489,0.168,0.0,175.0,34.0,0.0,175.0,35.0,0.0,176.0,33.0,0.0,175.0,34.0
100min1500SeqData_Std_Test_leo_Seed1,geo/100min-1500/100min1500SeqData_Std_Test_leo_Seed1.log,MiniRocket,24.67,24.67,1,1,,9996.0,0.5914,30.262,False,0,0.0,0.0,0.0,0.2447,0.5156,0.3319,0.0,0.0,0.0,0.2488,0.4711,0.3257,0.1234,0.2467,0.1644,0.1234,0.2467,0.1644,0.0,119.0,0.0,0.0,116.0,0.0,0.0,120.0,0.0,0.0,119.0,0.0
100min1500SeqData_Std_Test_leo_Seed1,geo/100min-1500/100min1500SeqData_Std_Test_leo_Seed1.log,LSTM,24.67,25.0,1,25,1.3863,28660.0,0.218658447265625,133.389,True,0,0.0,0.0,0.0,0.2433,0.3644,0.2918,0.25,0.0133,0.0253,0.2486,0.6089,0.3531,0.1855,0.2467,0.1676,0.1855,0.2467,0.1676,0.0,85.0,3.0,0.0,82.0,3.0,0.0,85.0,3.0,0.0,85.0,3.0
100min1500SeqData_Std_Test_leo_Seed1,geo/100min-1500/100min1500SeqData_Std_Test_leo_Seed1.log,Mamba,25.0,25.0,1,13,1.3863,12208.0,0.0931396484375,53.371,True,0,0.2512,0.2267,0.2383,0.25,0.3956,0.3064,0.2489,0.2622,0.2554,0.25,0.1156,0.1581,0.25,0.25,0.2395,0.25,0.25,0.2395,51.0,89.0,59.0,50.0,89.0,60.0,51.0,89.0,59.0,51.0,89.0,59.0
100min1500SeqData_Std_Test_leo_Seed1,geo/100min-1500/100min1500SeqData_Std_Test_leo_Seed1.log,Transformer,25.11,25.11,48,48,1.3863,213092.0,1.625762939453125,87.7446,True,0,0.3333,0.0133,0.0256,0.0,0.0,0.0,0.0,0.0,0.0,0.2503,0.9911,0.3996,0.1459,0.2511,0.1063,0.1459,0.2511,0.1063,3.0,0.0,0.0,1.0,0.0,0.0,3.0,0.0,0.0,2.0,0.0,0.0
100min1500SeqData_Std_Test_leo_Seed1,geo/100min-1500/100min1500SeqData_Std_Test_leo_Seed1.log,1D-CNN (InceptionTime),25.0,25.0,1,28,1.3865,472708.0,3.606475830078125,301.1191,True,0,0.0,0.0,0.0,0.0,0.0,0.0,0.25,1.0,0.4,0.0,0.0,0.0,0.0625,0.25,0.1,0.0625,0.25,0.1,0.0,0.0,225.0,0.0,0.0,225.0,0.0,0.0,225.0,0.0,0.0,225.0
100min1500SeqData_Std_Test_leo_Seed2,geo/100min-1500/100min1500SeqData_Std_Test_leo_Seed2.log,Decision Trees (LightGBM),25.22,25.22,1,1,1.4027,,0.4402923583984375,2.1291,False,0,0.2479,0.1333,0.1734,0.2543,0.5867,0.3548,0.2513,0.2133,0.2308,0.2464,0.0756,0.1156,0.25,0.2522,0.2187,0.25,0.2522,0.2187,30.0,129.0,48.0,31.0,132.0,46.0,30.0,129.0,48.0,30.0,129.0,49.0
100min1500SeqData_Std_Test_leo_Seed2,geo/100min-1500/100min1500SeqData_Std_Test_leo_Seed2.log,MiniRocket,25.0,25.0,1,1,,9996.0,0.5911,29.0596,False,0,0.0,0.0,0.0,0.0,0.0,0.0,0.0,0.0,0.0,0.25,1.0,0.4,0.0625,0.25,0.1,0.0625,0.25,0.1,0.0,0.0,0.0,0.0,0.0,0.0,0.0,0.0,0.0,0.0,0.0,0.0
100min1500SeqData_Std_Test_leo_Seed2,geo/100min-1500/100min1500SeqData_Std_Test_leo_Seed2.log,LSTM,25.0,25.0,1,13,1.3864,28660.0,0.218658447265625,67.5778,True,0,0.0,0.0,0.0,0.25,0.3289,0.2841,0.0,0.0,0.0,0.25,0.6711,0.3643,0.125,0.25,0.1621,0.125,0.25,0.1621,0.0,74.0,0.0,0.0,74.0,0.0,0.0,74.0,0.0,0.0,74.0,0.0
100min1500SeqData_Std_Test_leo_Seed2,geo/100min-1500/100min1500SeqData_Std_Test_leo_Seed2.log,Mamba,25.22,25.22,26,26,1.3863,12208.0,0.0931396484375,108.9421,True,0,0.2506,0.4667,0.3261,0.2542,0.4,0.3109,0.2533,0.0844,0.1267,0.25,0.0578,0.0939,0.252,0.2522,0.2144,0.252,0.2522,0.2144,105.0,88.0,19.0,104.0,90.0,18.0,105.0,88.0,19.0,105.0,88.0,19.0
100min1500SeqData_Std_Test_leo_Seed2,geo/100min-1500/100min1500SeqData_Std_Test_leo_Seed2.log,Transformer,25.0,25.11,23,28,1.3863,213092.0,1.625762939453125,50.3586,True,0,0.0,0.0,0.0,0.0,0.0,0.0,0.0,0.0,0.0,0.25,1.0,0.4,0.0625,0.25,0.1,0.0625,0.25,0.1,0.0,0.0,0.0,0.0,0.0,0.0,0.0,0.0,0.0,0.0,0.0,0.0
100min1500SeqData_Std_Test_leo_Seed2,geo/100min-1500/100min1500SeqData_Std_Test_leo_Seed2.log,1D-CNN (InceptionTime),25.0,25.0,1,40,1.3863,472708.0,3.606475830078125,433.9998,True,0,0.0,0.0,0.0,0.25,0.5156,0.3367,0.2507,0.3822,0.3028,0.2473,0.1022,0.1447,0.187,0.25,0.196,0.187,0.25,0.196,0.0,116.0,86.0,0.0,116.0,85.0,0.0,116.0,86.0,0.0,116.0,86.0
100min1500SeqData_Energy_J2Energy_OE_Std_Test_leo_Seed2,geo/100min-1500/100min1500SeqData_Energy_J2Energy_OE_Std_Test_leo_Seed2.log,Decision Trees (LightGBM),33.67,33.67,1,1,2.1081,,0.4419374465942383,3.0863,False,0,0.2742,0.9956,0.4299,0.9518,0.3511,0.513,0.0,0.0,0.0,0.0,0.0,0.0,0.3065,0.3367,0.2357,0.3065,0.3367,0.2357,224.0,1.0,0.0,146.0,79.0,0.0,223.0,2.0,0.0,224.0,1.0,0.0
100min1500SeqData_Energy_J2Energy_OE_Std_Test_leo_Seed2,geo/100min-1500/100min1500SeqData_Energy_J2Energy_OE_Std_Test_leo_Seed2.log,MiniRocket,19.22,19.22,1,1,,9996.0,0.5931,32.372,False,0,0.0,0.0,0.0,0.0197,0.0311,0.0241,0.0,0.0,0.0,0.3051,0.7378,0.4317,0.0812,0.1922,0.114,0.0812,0.1922,0.114,0.0,106.0,0.0,0.0,7.0,0.0,0.0,184.0,0.0,0.0,59.0,0.0
100min1500SeqData_Energy_J2Energy_OE_Std_Test_leo_Seed2,geo/100min-1500/100min1500SeqData_Energy_J2Energy_OE_Std_Test_leo_Seed2.log,LSTM,25.0,95.33,77,78,2.9967,50500.0,0.385284423828125,526.2092,True,0,0.25,1.0,0.4,0.0,0.0,0.0,0.0,0.0,0.0,0.0,0.0,0.0,0.0625,0.25,0.1,0.0625,0.25,0.1,225.0,0.0,0.0,225.0,0.0,0.0,225.0,0.0,0.0,225.0,0.0,0.0
100min1500SeqData_Energy_J2Energy_OE_Std_Test_leo_Seed2,geo/100min-1500/100min1500SeqData_Energy_J2Energy_OE_Std_Test_leo_Seed2.log,Mamba,25.0,70.33,54,57,4.7101,17044.0,0.130035400390625,289.3949,True,0,0.25,1.0,0.4,0.0,0.0,0.0,0.0,0.0,0.0,0.0,0.0,0.0,0.0625,0.25,0.1,0.0625,0.25,0.1,225.0,0.0,0.0,225.0,0.0,0.0,225.0,0.0,0.0,225.0,0.0,0.0
100min1500SeqData_Energy_J2Energy_OE_Std_Test_leo_Seed2,geo/100min-1500/100min1500SeqData_Energy_J2Energy_OE_Std_Test_leo_Seed2.log,Transformer,25.0,98.56,76,78,5.3373,288324.0,2.199737548828125,153.2184,True,0,0.0,0.0,0.0,0.25,1.0,0.4,0.0,0.0,0.0,0.0,0.0,0.0,0.0625,0.25,0.1,0.0625,0.25,0.1,0.0,225.0,0.0,0.0,225.0,0.0,0.0,225.0,0.0,0.0,225.0,0.0
100min1500SeqData_Energy_J2Energy_OE_Std_Test_leo_Seed2,geo/100min-1500/100min1500SeqData_Energy_J2Energy_OE_Std_Test_leo_Seed2.log,1D-CNN (InceptionTime),25.0,100.0,10,37,9.1595,473092.0,3.609405517578125,402.5929,True,0,0.25,1.0,0.4,0.0,0.0,0.0,0.0,0.0,0.0,0.0,0.0,0.0,0.0625,0.25,0.1,0.0625,0.25,0.1,225.0,0.0,0.0,225.0,0.0,0.0,225.0,0.0,0.0,225.0,0.0,0.0
100min1500SeqData_Std_Test_leo_Seed0,geo/100min-1500/100min1500SeqData_Std_Test_leo_Seed0.log,Decision Trees (LightGBM),25.22,25.22,1,1,1.4058,,0.4413032531738281,2.1625,False,0,0.3077,0.0178,0.0336,0.253,0.7378,0.3768,0.2561,0.0933,0.1368,0.2416,0.16,0.1925,0.2646,0.2522,0.1849,0.2646,0.2522,0.1849,4.0,162.0,21.0,2.0,166.0,19.0,4.0,163.0,21.0,3.0,165.0,21.0
100min1500SeqData_Std_Test_leo_Seed0,geo/100min-1500/100min1500SeqData_Std_Test_leo_Seed0.log,MiniRocket,25.0,25.0,1,1,,9996.0,0.5914,30.2594,False,0,0.0,0.0,0.0,0.0,0.0,0.0,0.0,0.0,0.0,0.25,1.0,0.4,0.0625,0.25,0.1,0.0625,0.25,0.1,0.0,0.0,0.0,0.0,0.0,0.0,0.0,0.0,0.0,0.0,0.0,0.0
100min1500SeqData_Std_Test_leo_Seed0,geo/100min-1500/100min1500SeqData_Std_Test_leo_Seed0.log,LSTM,25.11,25.11,18,18,1.3863,28660.0,0.218658447265625,94.7258,True,0,0.0,0.0,0.0,0.0,0.0,0.0,0.2549,0.2889,0.2708,0.2496,0.7156,0.3701,0.1261,0.2511,0.1602,0.1261,0.2511,0.1602,0.0,0.0,65.0,0.0,0.0,61.0,0.0,0.0,65.0,0.0,0.0,64.0
100min1500SeqData_Std_Test_leo_Seed0,geo/100min-1500/100min1500SeqData_Std_Test_leo_Seed0.log,Mamba,25.11,25.11,27,27,1.3863,12208.0,0.0931396484375,119.3098,True,0,0.2532,0.0889,0.1316,0.2642,0.0622,0.1007,0.2478,0.1244,0.1657,0.2504,0.7289,0.3727,0.2539,0.2511,0.1927,0.2539,0.2511,0.1927,20.0,13.0,28.0,19.0,14.0,29.0,20.0,13.0,28.0,20.0,13.0,28.0
100min1500SeqData_Std_Test_leo_Seed0,geo/100min-1500/100min1500SeqData_Std_Test_leo_Seed0.log,Transformer,25.0,25.0,1,15,1.3879,213092.0,1.625762939453125,26.3629,True,0,0.0,0.0,0.0,0.0,0.0,0.0,0.25,1.0,0.4,0.0,0.0,0.0,0.0625,0.25,0.1,0.0625,0.25,0.1,0.0,0.0,225.0,0.0,0.0,225.0,0.0,0.0,225.0,0.0,0.0,225.0
100min1500SeqData_Std_Test_leo_Seed0,geo/100min-1500/100min1500SeqData_Std_Test_leo_Seed0.log,1D-CNN (InceptionTime),25.0,25.11,25,31,1.3864,472708.0,3.606475830078125,335.88,True,0,0.0,0.0,0.0,0.0,0.0,0.0,0.25,0.8978,0.3911,0.25,0.1022,0.1451,0.125,0.25,0.1341,0.125,0.25,0.1341,0.0,0.0,202.0,0.0,0.0,202.0,0.0,0.0,202.0,0.0,0.0,202.0
100min1500SeqData_Energy_J2Energy_OE_Std_EvalTest_Seed1,geo/100min-1500/100min1500SeqData_Energy_J2Energy_OE_Std_EvalTest_Seed1.log,Decision Trees (LightGBM),81.67,81.67,1,1,0.642,,0.4417257308959961,3.104,False,0,0.9694,0.9867,0.978,0.8932,0.8178,0.8538,0.6836,0.8356,0.752,0.7421,0.6267,0.6795,0.8221,0.8167,0.8158,0.8221,0.8167,0.8158,222.0,0.0,1.0,0.0,184.0,12.0,5.0,14.0,188.0,2.0,8.0,74.0
100min1500SeqData_Energy_J2Energy_OE_Std_EvalTest_Seed1,geo/100min-1500/100min1500SeqData_Energy_J2Energy_OE_Std_EvalTest_Seed1.log,MiniRocket,100.0,100.0,1,1,,9996.0,0.5935,33.5452,False,0,1.0,1.0,1.0,1.0,1.0,1.0,1.0,1.0,1.0,1.0,1.0,1.0,1.0,1.0,1.0,1.0,1.0,1.0,225.0,0.0,0.0,0.0,225.0,0.0,0.0,0.0,225.0,0.0,0.0,0.0
100min1500SeqData_Energy_J2Energy_OE_Std_EvalTest_Seed1,geo/100min-1500/100min1500SeqData_Energy_J2Energy_OE_Std_EvalTest_Seed1.log,LSTM,84.0,84.78,68,79,0.4462,50500.0,0.385284423828125,532.3156,True,0,0.8844,0.8844,0.8844,0.8505,0.8089,0.8292,0.8285,0.88,0.8534,0.7973,0.7867,0.7919,0.8402,0.84,0.8397,0.8402,0.84,0.8397,199.0,3.0,16.0,5.0,182.0,6.0,11.0,10.0,198.0,10.0,19.0,19.0
100min1500SeqData_Energy_J2Energy_OE_Std_EvalTest_Seed1,geo/100min-1500/100min1500SeqData_Energy_J2Energy_OE_Std_EvalTest_Seed1.log,Mamba,68.11,69.67,35,45,0.6325,17044.0,0.130035400390625,227.3375,True,0,0.978,0.9867,0.9823,0.7974,0.8044,0.8009,0.4265,0.5289,0.4722,0.5449,0.4044,0.4643,0.6867,0.6811,0.6799,0.6867,0.6811,0.6799,222.0,1.0,2.0,0.0,181.0,35.0,5.0,34.0,119.0,0.0,11.0,123.0
100min1500SeqData_Energy_J2Energy_OE_Std_EvalTest_Seed1,geo/100min-1500/100min1500SeqData_Energy_J2Energy_OE_Std_EvalTest_Seed1.log,Transformer,96.0,97.0,37,47,0.1154,288324.0,2.199737548828125,91.1781,True,0,1.0,1.0,1.0,0.9567,0.8844,0.9192,1.0,0.9956,0.9978,0.8889,0.96,0.9231,0.9614,0.96,0.96,0.9614,0.96,0.96,225.0,0.0,0.0,0.0,199.0,0.0,0.0,0.0,224.0,0.0,9.0,0.0
100min1500SeqData_Energy_J2Energy_OE_Std_EvalTest_Seed1,geo/100min-1500/100min1500SeqData_Energy_J2Energy_OE_Std_EvalTest_Seed1.log,1D-CNN (InceptionTime),99.89,99.89,29,29,0.0081,473092.0,3.609405517578125,312.9503,True,0,1.0,0.9956,0.9978,1.0,1.0,1.0,1.0,1.0,1.0,0.9956,1.0,0.9978,0.9989,0.9989,0.9989,0.9989,0.9989,0.9989,224.0,0.0,0.0,0.0,225.0,0.0,0.0,0.0,225.0,0.0,0.0,0.0
10min1500SeqData_Energy_J2Energy_OE_Std_EvalTest_Seed0,geo/10min-1500/10min1500SeqData_Energy_J2Energy_OE_Std_EvalTest_Seed0.log,Decision Trees (LightGBM),64.56,64.56,1,1,0.9167,,0.4004850387573242,0.3012,False,0,0.6209,0.5822,0.6009,0.7593,0.3644,0.4925,0.4277,0.6578,0.5184,0.9362,0.9778,0.9565,0.686,0.6456,0.6421,0.686,0.6456,0.6421,131.0,0.0,94.0,24.0,82.0,104.0,56.0,21.0,148.0,0.0,5.0,0.0
10min1500SeqData_Energy_J2Energy_OE_Std_EvalTest_Seed0,geo/10min-1500/10min1500SeqData_Energy_J2Energy_OE_Std_EvalTest_Seed0.log,MiniRocket,99.78,99.78,1,1,,9996.0,0.5787,21.7166,False,0,0.9912,1.0,0.9956,1.0,0.9956,0.9978,1.0,0.9956,0.9978,1.0,1.0,1.0,0.9978,0.9978,0.9978,0.9978,0.9978,0.9978,225.0,0.0,0.0,1.0,224.0,0.0,1.0,0.0,224.0,0.0,0.0,0.0
10min1500SeqData_Energy_J2Energy_OE_Std_EvalTest_Seed0,geo/10min-1500/10min1500SeqData_Energy_J2Energy_OE_Std_EvalTest_Seed0.log,LSTM,97.33,97.33,77,90,0.0872,50500.0,0.385284423828125,93.5014,True,0,0.9652,0.9867,0.9758,0.9722,0.9333,0.9524,0.9654,0.9911,0.9781,0.991,0.9822,0.9866,0.9735,0.9733,0.9732,0.9735,0.9733,0.9732,222.0,1.0,2.0,7.0,210.0,6.0,1.0,1.0,223.0,0.0,4.0,0.0
10min1500SeqData_Energy_J2Energy_OE_Std_EvalTest_Seed0,geo/10min-1500/10min1500SeqData_Energy_J2Energy_OE_Std_EvalTest_Seed0.log,Mamba,87.11,87.11,100,101,0.3249,17044.0,0.130035400390625,369.2335,False,0,0.8889,0.96,0.9231,0.8211,0.7956,0.8081,0.7952,0.7422,0.7678,0.9694,0.9867,0.978,0.8687,0.8711,0.8692,0.8687,0.8711,0.8692,216.0,2.0,7.0,3.0,179.0,36.0,24.0,34.0,167.0,0.0,3.0,0.0
10min1500SeqData_Energy_J2Energy_OE_Std_EvalTest_Seed0,geo/10min-1500/10min1500SeqData_Energy_J2Energy_OE_Std_EvalTest_Seed0.log,Transformer,94.56,95.0,43,66,0.1313,288324.0,2.199737548828125,88.4208,True,0,0.9956,1.0,0.9978,0.9492,0.8311,0.8863,0.8492,0.9511,0.8973,1.0,1.0,1.0,0.9485,0.9456,0.9453,0.9485,0.9456,0.9453,225.0,0.0,0.0,0.0,187.0,38.0,1.0,10.0,214.0,0.0,0.0,0.0
10min1500SeqData_Energy_J2Energy_OE_Std_EvalTest_Seed0,geo/10min-1500/10min1500SeqData_Energy_J2Energy_OE_Std_EvalTest_Seed0.log,1D-CNN (InceptionTime),99.56,99.67,43,55,0.0169,473092.0,3.609405517578125,189.6628,True,0,0.9868,1.0,0.9934,1.0,0.9867,0.9933,0.9956,0.9956,0.9956,1.0,1.0,1.0,0.9956,0.9956,0.9956,0.9956,0.9956,0.9956,225.0,0.0,0.0,2.0,222.0,1.0,1.0,0.0,224.0,0.0,0.0,0.0
10min1500SeqData_Energy_J2Energy_OE_Std_Test_leo_Seed0,geo/10min-1500/10min1500SeqData_Energy_J2Energy_OE_Std_Test_leo_Seed0.log,Decision Trees (LightGBM),24.44,24.44,1,1,1.5464,,0.4004850387573242,0.3001,False,0,0.2497,0.8889,0.3899,0.1429,0.0133,0.0244,0.2222,0.0089,0.0171,0.2174,0.0667,0.102,0.208,0.2444,0.1333,0.208,0.2444,0.1333,200.0,6.0,2.0,198.0,3.0,4.0,200.0,6.0,2.0,203.0,6.0,1.0
10min1500SeqData_Energy_J2Energy_OE_Std_Test_leo_Seed0,geo/10min-1500/10min1500SeqData_Energy_J2Energy_OE_Std_Test_leo_Seed0.log,MiniRocket,40.67,40.67,1,1,,9996.0,0.5787,22.5272,False,0,0.6082,0.5244,0.5632,0.2889,0.3467,0.3152,0.375,0.3733,0.3742,0.4057,0.3822,0.3936,0.4194,0.4067,0.4115,0.4194,0.4067,0.4115,118.0,36.0,67.0,6.0,78.0,22.0,54.0,84.0,84.0,16.0,72.0,51.0
10min1500SeqData_Energy_J2Energy_OE_Std_Test_leo_Seed0,geo/10min-1500/10min1500SeqData_Energy_J2Energy_OE_Std_Test_leo_Seed0.log,LSTM,25.0,97.33,77,90,1.908,50500.0,0.385284423828125,93.6503,True,0,0.25,1.0,0.4,0.0,0.0,0.0,0.0,0.0,0.0,0.0,0.0,0.0,0.0625,0.25,0.1,0.0625,0.25,0.1,225.0,0.0,0.0,225.0,0.0,0.0,225.0,0.0,0.0,225.0,0.0,0.0
10min1500SeqData_Energy_J2Energy_OE_Std_Test_leo_Seed0,geo/10min-1500/10min1500SeqData_Energy_J2Energy_OE_Std_Test_leo_Seed0.log,Mamba,25.0,87.11,100,101,3.8451,17044.0,0.130035400390625,395.5638,False,0,0.25,1.0,0.4,0.0,0.0,0.0,0.0,0.0,0.0,0.0,0.0,0.0,0.0625,0.25,0.1,0.0625,0.25,0.1,225.0,0.0,0.0,225.0,0.0,0.0,225.0,0.0,0.0,225.0,0.0,0.0
10min1500SeqData_Energy_J2Energy_OE_Std_Test_leo_Seed0,geo/10min-1500/10min1500SeqData_Energy_J2Energy_OE_Std_Test_leo_Seed0.log,Transformer,25.0,95.0,43,66,5.3674,288324.0,2.199737548828125,91.7801,True,0,0.25,1.0,0.4,0.0,0.0,0.0,0.0,0.0,0.0,0.0,0.0,0.0,0.0625,0.25,0.1,0.0625,0.25,0.1,225.0,0.0,0.0,225.0,0.0,0.0,225.0,0.0,0.0,225.0,0.0,0.0
10min1500SeqData_Energy_J2Energy_OE_Std_Test_leo_Seed0,geo/10min-1500/10min1500SeqData_Energy_J2Energy_OE_Std_Test_leo_Seed0.log,1D-CNN (InceptionTime),25.0,99.11,29,43,7.0782,473092.0,3.609405517578125,149.3037,True,0,0.25,1.0,0.4,0.0,0.0,0.0,0.0,0.0,0.0,0.0,0.0,0.0,0.0625,0.25,0.1,0.0625,0.25,0.1,225.0,0.0,0.0,225.0,0.0,0.0,225.0,0.0,0.0,225.0,0.0,0.0
10min1500SeqData_Energy_J2Energy_ResidLadder3_OE_Std_EvalTest_Seed0,geo/10min-1500/10min1500SeqData_Energy_J2Energy_ResidLadder3_OE_Std_EvalTest_Seed0.log,Decision Trees (LightGBM),99.56,99.56,1,1,0.1571,,0.4004507064819336,0.4816,False,0,0.9956,1.0,0.9978,1.0,0.9867,0.9933,1.0,0.9956,0.9978,0.9868,1.0,0.9934,0.9956,0.9956,0.9956,0.9956,0.9956,0.9956,225.0,0.0,0.0,0.0,222.0,0.0,1.0,0.0,224.0,0.0,0.0,0.0
10min1500SeqData_Energy_J2Energy_ResidLadder3_OE_Std_EvalTest_Seed0,geo/10min-1500/10min1500SeqData_Energy_J2Energy_ResidLadder3_OE_Std_EvalTest_Seed0.log,MiniRocket,99.89,99.89,1,1,,9996.0,0.5788,23.0232,False,0,0.9956,1.0,0.9978,1.0,1.0,1.0,1.0,0.9956,0.9978,1.0,1.0,1.0,0.9989,0.9989,0.9989,0.9989,0.9989,0.9989,225.0,0.0,0.0,0.0,225.0,0.0,1.0,0.0,224.0,0.0,0.0,0.0
10min1500SeqData_Energy_J2Energy_ResidLadder3_OE_Std_EvalTest_Seed0,geo/10min-1500/10min1500SeqData_Energy_J2Energy_ResidLadder3_OE_Std_EvalTest_Seed0.log,LSTM,99.89,99.89,8,50,0.0059,94780.0,0.723114013671875,61.3942,True,0,0.9956,1.0,0.9978,1.0,1.0,1.0,1.0,0.9956,0.9978,1.0,1.0,1.0,0.9989,0.9989,0.9989,0.9989,0.9989,0.9989,225.0,0.0,0.0,0.0,225.0,0.0,1.0,0.0,224.0,0.0,0.0,0.0
10min1500SeqData_Energy_J2Energy_ResidLadder3_OE_Std_EvalTest_Seed0,geo/10min-1500/10min1500SeqData_Energy_J2Energy_ResidLadder3_OE_Std_EvalTest_Seed0.log,Mamba,98.89,99.33,27,42,0.0461,25018.0,0.1908721923828125,161.8382,True,0,0.9956,0.9956,0.9956,0.991,0.9733,0.9821,0.9956,0.9956,0.9956,0.9738,0.9911,0.9824,0.989,0.9889,0.9889,0.989,0.9889,0.9889,224.0,0.0,1.0,0.0,219.0,0.0,1.0,0.0,224.0,0.0,2.0,0.0
10min1500SeqData_Energy_J2Energy_ResidLadder3_OE_Std_EvalTest_Seed0,geo/10min-1500/10min1500SeqData_Energy_J2Energy_ResidLadder3_OE_Std_EvalTest_Seed0.log,Transformer,99.89,99.89,6,83,0.0057,405132.0,3.090911865234375,114.7613,True,0,0.9956,1.0,0.9978,1.0,1.0,1.0,1.0,0.9956,0.9978,1.0,1.0,1.0,0.9989,0.9989,0.9989,0.9989,0.9989,0.9989,225.0,0.0,0.0,0.0,225.0,0.0,1.0,0.0,224.0,0.0,0.0,0.0
10min1500SeqData_Energy_J2Energy_ResidLadder3_OE_Std_EvalTest_Seed0,geo/10min-1500/10min1500SeqData_Energy_J2Energy_ResidLadder3_OE_Std_EvalTest_Seed0.log,1D-CNN (InceptionTime),99.78,99.78,22,40,0.0091,473668.0,3.613800048828125,138.8595,True,0,0.9956,1.0,0.9978,1.0,0.9956,0.9978,1.0,0.9956,0.9978,0.9956,1.0,0.9978,0.9978,0.9978,0.9978,0.9978,0.9978,0.9978,225.0,0.0,0.0,0.0,224.0,0.0,1.0,0.0,224.0,0.0,0.0,0.0
10min1500SeqData_Energy_J2Energy_OE_Std_Test_leo_Seed1,geo/10min-1500/10min1500SeqData_Energy_J2Energy_OE_Std_Test_leo_Seed1.log,Decision Trees (LightGBM),25.67,25.67,1,1,1.6261,,0.40091419219970703,0.3831,False,0,0.2524,0.9378,0.3977,0.3333,0.08,0.129,0.2,0.0089,0.017,0.0,0.0,0.0,0.1964,0.2567,0.1359,0.1964,0.2567,0.1359,211.0,12.0,2.0,203.0,18.0,4.0,211.0,12.0,2.0,211.0,12.0,2.0
10min1500SeqData_Energy_J2Energy_OE_Std_Test_leo_Seed1,geo/10min-1500/10min1500SeqData_Energy_J2Energy_OE_Std_Test_leo_Seed1.log,MiniRocket,23.89,23.89,1,1,,9996.0,0.5787,20.9151,False,0,0.75,0.0133,0.0262,0.0233,0.0489,0.0316,0.5,0.0044,0.0088,0.4739,0.8889,0.6182,0.4368,0.2389,0.1712,0.4368,0.2389,0.1712,3.0,218.0,1.0,0.0,11.0,0.0,1.0,218.0,1.0,0.0,25.0,0.0
10min1500SeqData_Energy_J2Energy_OE_Std_Test_leo_Seed1,geo/10min-1500/10min1500SeqData_Energy_J2Energy_OE_Std_Test_leo_Seed1.log,LSTM,25.0,98.0,97,101,9.0911,50500.0,0.385284423828125,104.6431,False,0,0.25,1.0,0.4,0.0,0.0,0.0,0.0,0.0,0.0,0.0,0.0,0.0,0.0625,0.25,0.1,0.0625,0.25,0.1,225.0,0.0,0.0,225.0,0.0,0.0,225.0,0.0,0.0,225.0,0.0,0.0
10min1500SeqData_Energy_J2Energy_OE_Std_Test_leo_Seed1,geo/10min-1500/10min1500SeqData_Energy_J2Energy_OE_Std_Test_leo_Seed1.log,Mamba,25.0,88.56,100,101,29.1395,17044.0,0.130035400390625,398.4751,False,0,0.0,0.0,0.0,0.25,1.0,0.4,0.0,0.0,0.0,0.0,0.0,0.0,0.0625,0.25,0.1,0.0625,0.25,0.1,0.0,225.0,0.0,0.0,225.0,0.0,0.0,225.0,0.0,0.0,225.0,0.0
10min1500SeqData_Energy_J2Energy_OE_Std_Test_leo_Seed1,geo/10min-1500/10min1500SeqData_Energy_J2Energy_OE_Std_Test_leo_Seed1.log,Transformer,25.0,94.33,37,57,3.5883,288324.0,2.199737548828125,80.8969,True,0,0.0,0.0,0.0,0.25,1.0,0.4,0.0,0.0,0.0,0.0,0.0,0.0,0.0625,0.25,0.1,0.0625,0.25,0.1,0.0,225.0,0.0,0.0,225.0,0.0,0.0,225.0,0.0,0.0,225.0,0.0
10min1500SeqData_Energy_J2Energy_OE_Std_Test_leo_Seed1,geo/10min-1500/10min1500SeqData_Energy_J2Energy_OE_Std_Test_leo_Seed1.log,1D-CNN (InceptionTime),25.0,99.0,50,54,9.9541,473092.0,3.609405517578125,192.1041,True,0,0.25,1.0,0.4,0.0,0.0,0.0,0.0,0.0,0.0,0.0,0.0,0.0,0.0625,0.25,0.1,0.0625,0.25,0.1,225.0,0.0,0.0,225.0,0.0,0.0,225.0,0.0,0.0,225.0,0.0,0.0
10min1500SeqData_Std_Test_leo_Seed0,geo/10min-1500/10min1500SeqData_Std_Test_leo_Seed0.log,Decision Trees (LightGBM),25.0,25.0,1,1,1.3937,,0.4089059829711914,0.2127,False,0,0.25,0.0178,0.0332,0.25,0.2044,0.2249,0.25,0.3067,0.2754,0.25,0.4711,0.3267,0.25,0.25,0.2151,0.25,0.25,0.2151,4.0,46.0,69.0,4.0,46.0,69.0,4.0,46.0,69.0,4.0,46.0,69.0
10min1500SeqData_Std_Test_leo_Seed0,geo/10min-1500/10min1500SeqData_Std_Test_leo_Seed0.log,MiniRocket,25.0,25.0,1,1,,9996.0,0.5786,21.3612,False,0,0.0,0.0,0.0,0.0,0.0,0.0,0.0,0.0,0.0,0.25,1.0,0.4,0.0625,0.25,0.1,0.0625,0.25,0.1,0.0,0.0,0.0,0.0,0.0,0.0,0.0,0.0,0.0,0.0,0.0,0.0
10min1500SeqData_Std_Test_leo_Seed0,geo/10min-1500/10min1500SeqData_Std_Test_leo_Seed0.log,LSTM,25.0,25.0,1,18,1.3863,28660.0,0.218658447265625,16.7267,True,0,0.0,0.0,0.0,0.0,0.0,0.0,0.25,0.2356,0.2426,0.25,0.7644,0.3768,0.125,0.25,0.1548,0.125,0.25,0.1548,0.0,0.0,53.0,0.0,0.0,53.0,0.0,0.0,53.0,0.0,0.0,53.0
10min1500SeqData_Std_Test_leo_Seed0,geo/10min-1500/10min1500SeqData_Std_Test_leo_Seed0.log,Mamba,25.0,25.11,21,24,1.3863,12208.0,0.0931396484375,84.1271,True,0,0.25,0.08,0.1212,0.25,0.0844,0.1262,0.25,0.0933,0.1359,0.25,0.7422,0.374,0.25,0.25,0.1894,0.25,0.25,0.1894,18.0,19.0,21.0,18.0,19.0,21.0,18.0,19.0,21.0,18.0,19.0,21.0
10min1500SeqData_Std_Test_leo_Seed0,geo/10min-1500/10min1500SeqData_Std_Test_leo_Seed0.log,Transformer,25.0,25.0,1,18,1.3877,213092.0,1.625762939453125,23.6788,True,0,0.0,0.0,0.0,0.0,0.0,0.0,0.25,0.9956,0.3996,0.25,0.0044,0.0087,0.125,0.25,0.1021,0.125,0.25,0.1021,0.0,0.0,224.0,0.0,0.0,224.0,0.0,0.0,224.0,0.0,0.0,224.0
10min1500SeqData_Std_Test_leo_Seed0,geo/10min-1500/10min1500SeqData_Std_Test_leo_Seed0.log,1D-CNN (InceptionTime),25.0,25.0,1,31,1.3863,472708.0,3.606475830078125,106.294,True,0,0.0,0.0,0.0,0.0,0.0,0.0,0.25,0.5467,0.3431,0.25,0.4533,0.3223,0.125,0.25,0.1663,0.125,0.25,0.1663,0.0,0.0,123.0,0.0,0.0,123.0,0.0,0.0,123.0,0.0,0.0,123.0
10min1500SeqData_Std_Test_leo_Seed1,geo/10min-1500/10min1500SeqData_Std_Test_leo_Seed1.log,Decision Trees (LightGBM),25.0,25.0,1,1,1.3905,,0.4089040756225586,0.2183,False,0,0.25,0.0044,0.0087,0.25,0.0578,0.0939,0.25,0.1689,0.2016,0.25,0.7689,0.3773,0.25,0.25,0.1704,0.25,0.25,0.1704,1.0,13.0,38.0,1.0,13.0,38.0,1.0,13.0,38.0,1.0,13.0,38.0
10min1500SeqData_Std_Test_leo_Seed1,geo/10min-1500/10min1500SeqData_Std_Test_leo_Seed1.log,MiniRocket,25.0,25.0,1,1,,9996.0,0.5785,19.8458,False,0,0.0,0.0,0.0,0.0,0.0,0.0,0.0,0.0,0.0,0.25,1.0,0.4,0.0625,0.25,0.1,0.0625,0.25,0.1,0.0,0.0,0.0,0.0,0.0,0.0,0.0,0.0,0.0,0.0,0.0,0.0
10min1500SeqData_Std_Test_leo_Seed1,geo/10min-1500/10min1500SeqData_Std_Test_leo_Seed1.log,LSTM,25.0,25.0,1,25,1.3863,28660.0,0.218658447265625,23.4157,True,0,0.0,0.0,0.0,0.25,0.3244,0.2824,0.25,0.0133,0.0253,0.25,0.6622,0.363,0.1875,0.25,0.1677,0.1875,0.25,0.1677,0.0,73.0,3.0,0.0,73.0,3.0,0.0,73.0,3.0,0.0,73.0,3.0
10min1500SeqData_Std_Test_leo_Seed1,geo/10min-1500/10min1500SeqData_Std_Test_leo_Seed1.log,Mamba,25.0,25.0,1,29,1.3863,12208.0,0.0931396484375,103.1309,True,0,0.25,0.4711,0.3267,0.25,0.1378,0.1777,0.25,0.2667,0.2581,0.25,0.1244,0.1662,0.25,0.25,0.2321,0.25,0.25,0.2321,106.0,31.0,60.0,106.0,31.0,60.0,106.0,31.0,60.0,106.0,31.0,60.0
10min1500SeqData_Std_Test_leo_Seed1,geo/10min-1500/10min1500SeqData_Std_Test_leo_Seed1.log,Transformer,25.0,25.0,1,28,1.3876,213092.0,1.625762939453125,37.3709,True,0,0.0,0.0,0.0,0.25,0.4267,0.3153,0.25,0.5733,0.3482,0.0,0.0,0.0,0.125,0.25,0.1659,0.125,0.25,0.1659,0.0,96.0,129.0,0.0,96.0,129.0,0.0,96.0,129.0,0.0,96.0,129.0
10min1500SeqData_Std_Test_leo_Seed1,geo/10min-1500/10min1500SeqData_Std_Test_leo_Seed1.log,1D-CNN (InceptionTime),25.0,25.0,1,20,1.3866,472708.0,3.606475830078125,66.4941,True,0,0.0,0.0,0.0,0.25,0.2311,0.2402,0.25,0.7689,0.3773,0.0,0.0,0.0,0.125,0.25,0.1544,0.125,0.25,0.1544,0.0,52.0,173.0,0.0,52.0,173.0,0.0,52.0,173.0,0.0,52.0,173.0
10min1500SeqData_Energy_J2Energy_ResidLadder3_OE_Std_EvalTest_Seed1,geo/10min-1500/10min1500SeqData_Energy_J2Energy_ResidLadder3_OE_Std_EvalTest_Seed1.log,Decision Trees (LightGBM),99.11,99.11,1,1,0.1636,,0.4004173278808594,0.4565,False,0,0.9783,1.0,0.989,0.9955,0.9911,0.9933,1.0,0.9778,0.9888,0.9912,0.9956,0.9933,0.9912,0.9911,0.9911,0.9912,0.9911,0.9911,225.0,0.0,0.0,0.0,223.0,0.0,5.0,0.0,220.0,0.0,1.0,0.0
10min1500SeqData_Energy_J2Energy_ResidLadder3_OE_Std_EvalTest_Seed1,geo/10min-1500/10min1500SeqData_Energy_J2Energy_ResidLadder3_OE_Std_EvalTest_Seed1.log,MiniRocket,99.44,99.44,1,1,,9996.0,0.5788,21.1269,False,0,0.9783,1.0,0.989,1.0,1.0,1.0,1.0,0.9778,0.9888,1.0,1.0,1.0,0.9946,0.9944,0.9944,0.9946,0.9944,0.9944,225.0,0.0,0.0,0.0,225.0,0.0,5.0,0.0,220.0,0.0,0.0,0.0
10min1500SeqData_Energy_J2Energy_ResidLadder3_OE_Std_EvalTest_Seed1,geo/10min-1500/10min1500SeqData_Energy_J2Energy_ResidLadder3_OE_Std_EvalTest_Seed1.log,LSTM,99.44,100.0,13,28,0.0315,94780.0,0.723114013671875,33.9281,True,0,0.9783,1.0,0.989,1.0,1.0,1.0,1.0,0.9778,0.9888,1.0,1.0,1.0,0.9946,0.9944,0.9944,0.9946,0.9944,0.9944,225.0,0.0,0.0,0.0,225.0,0.0,5.0,0.0,220.0,0.0,0.0,0.0
10min1500SeqData_Energy_J2Energy_ResidLadder3_OE_Std_EvalTest_Seed1,geo/10min-1500/10min1500SeqData_Energy_J2Energy_ResidLadder3_OE_Std_EvalTest_Seed1.log,Mamba,98.33,98.78,22,33,0.0996,25018.0,0.1908721923828125,122.4704,True,0,0.9783,1.0,0.989,0.9778,0.9778,0.9778,0.9955,0.9778,0.9865,0.9821,0.9778,0.98,0.9834,0.9833,0.9833,0.9834,0.9833,0.9833,225.0,0.0,0.0,0.0,220.0,1.0,5.0,0.0,220.0,0.0,5.0,0.0
10min1500SeqData_Energy_J2Energy_ResidLadder3_OE_Std_EvalTest_Seed1,geo/10min-1500/10min1500SeqData_Energy_J2Energy_ResidLadder3_OE_Std_EvalTest_Seed1.log,Transformer,99.44,100.0,5,27,0.0282,405132.0,3.090911865234375,36.9219,True,0,0.9783,1.0,0.989,1.0,1.0,1.0,1.0,0.9778,0.9888,1.0,1.0,1.0,0.9946,0.9944,0.9944,0.9946,0.9944,0.9944,225.0,0.0,0.0,0.0,225.0,0.0,5.0,0.0,220.0,0.0,0.0,0.0
10min1500SeqData_Energy_J2Energy_ResidLadder3_OE_Std_EvalTest_Seed1,geo/10min-1500/10min1500SeqData_Energy_J2Energy_ResidLadder3_OE_Std_EvalTest_Seed1.log,1D-CNN (InceptionTime),99.22,99.33,22,30,0.0303,473668.0,3.613800048828125,103.3814,True,0,0.9782,0.9956,0.9868,0.9956,1.0,0.9978,0.9955,0.9778,0.9865,1.0,0.9956,0.9978,0.9923,0.9922,0.9922,0.9923,0.9922,0.9922,224.0,0.0,1.0,0.0,225.0,0.0,5.0,0.0,220.0,0.0,1.0,0.0
10min1500SeqData_Energy_J2Energy_ResidLadder3_OE_Std_EvalTest_Seed2,geo/10min-1500/10min1500SeqData_Energy_J2Energy_ResidLadder3_OE_Std_EvalTest_Seed2.log,Decision Trees (LightGBM),98.89,98.89,1,1,0.1755,,0.39970970153808594,0.4446,False,0,0.974,1.0,0.9868,0.9955,0.9867,0.9911,1.0,0.9733,0.9865,0.9868,0.9956,0.9912,0.9891,0.9889,0.9889,0.9891,0.9889,0.9889,225.0,0.0,0.0,0.0,222.0,0.0,6.0,0.0,219.0,0.0,1.0,0.0
10min1500SeqData_Energy_J2Energy_ResidLadder3_OE_Std_EvalTest_Seed2,geo/10min-1500/10min1500SeqData_Energy_J2Energy_ResidLadder3_OE_Std_EvalTest_Seed2.log,MiniRocket,99.33,99.33,1,1,,9996.0,0.5787,20.9291,False,0,0.974,1.0,0.9868,1.0,1.0,1.0,1.0,0.9733,0.9865,1.0,1.0,1.0,0.9935,0.9933,0.9933,0.9935,0.9933,0.9933,225.0,0.0,0.0,0.0,225.0,0.0,6.0,0.0,219.0,0.0,0.0,0.0
10min1500SeqData_Energy_J2Energy_ResidLadder3_OE_Std_EvalTest_Seed2,geo/10min-1500/10min1500SeqData_Energy_J2Energy_ResidLadder3_OE_Std_EvalTest_Seed2.log,LSTM,99.33,99.78,7,56,0.0462,94780.0,0.723114013671875,68.5768,True,0,0.974,1.0,0.9868,1.0,1.0,1.0,1.0,0.9733,0.9865,1.0,1.0,1.0,0.9935,0.9933,0.9933,0.9935,0.9933,0.9933,225.0,0.0,0.0,0.0,225.0,0.0,6.0,0.0,219.0,0.0,0.0,0.0
10min1500SeqData_Energy_J2Energy_ResidLadder3_OE_Std_EvalTest_Seed2,geo/10min-1500/10min1500SeqData_Energy_J2Energy_ResidLadder3_OE_Std_EvalTest_Seed2.log,Mamba,98.44,99.11,20,27,0.2588,25018.0,0.1908721923828125,96.8741,True,0,0.9782,0.9956,0.9868,0.978,0.9867,0.9823,0.9955,0.9778,0.9865,0.9865,0.9778,0.9821,0.9845,0.9844,0.9844,0.9845,0.9844,0.9844,224.0,0.0,1.0,0.0,222.0,0.0,5.0,0.0,220.0,0.0,5.0,0.0
10min1500SeqData_Energy_J2Energy_ResidLadder3_OE_Std_EvalTest_Seed2,geo/10min-1500/10min1500SeqData_Energy_J2Energy_ResidLadder3_OE_Std_EvalTest_Seed2.log,Transformer,99.33,99.78,6,65,0.0462,405132.0,3.090911865234375,89.2093,True,0,0.974,1.0,0.9868,1.0,1.0,1.0,1.0,0.9733,0.9865,1.0,1.0,1.0,0.9935,0.9933,0.9933,0.9935,0.9933,0.9933,225.0,0.0,0.0,0.0,225.0,0.0,6.0,0.0,219.0,0.0,0.0,0.0
10min1500SeqData_Energy_J2Energy_ResidLadder3_OE_Std_EvalTest_Seed2,geo/10min-1500/10min1500SeqData_Energy_J2Energy_ResidLadder3_OE_Std_EvalTest_Seed2.log,1D-CNN (InceptionTime),99.33,99.78,28,44,0.049,473668.0,3.613800048828125,151.9295,True,0,0.974,1.0,0.9868,1.0,1.0,1.0,1.0,0.9733,0.9865,1.0,1.0,1.0,0.9935,0.9933,0.9933,0.9935,0.9933,0.9933,225.0,0.0,0.0,0.0,225.0,0.0,6.0,0.0,219.0,0.0,0.0,0.0
10min1500SeqData_Energy_J2Energy_ResidLadder3_OE_Std_Test_leo_Seed1,geo/10min-1500/10min1500SeqData_Energy_J2Energy_ResidLadder3_OE_Std_Test_leo_Seed1.log,Decision Trees (LightGBM),30.78,30.78,1,1,1.9608,,0.4004173278808594,0.4584,False,0,0.6615,0.1911,0.2966,0.359,0.0622,0.1061,0.2738,0.96,0.426,0.5714,0.0178,0.0345,0.4664,0.3078,0.2158,0.4664,0.3078,0.2158,43.0,6.0,174.0,4.0,14.0,206.0,9.0,0.0,216.0,9.0,19.0,193.0
10min1500SeqData_Energy_J2Energy_ResidLadder3_OE_Std_Test_leo_Seed1,geo/10min-1500/10min1500SeqData_Energy_J2Energy_ResidLadder3_OE_Std_Test_leo_Seed1.log,MiniRocket,44.67,44.67,1,1,,9996.0,0.5788,21.0998,False,0,0.5077,0.7289,0.5985,0.5052,0.4311,0.4652,0.3273,0.4044,0.3618,0.4673,0.2222,0.3012,0.4519,0.4467,0.4317,0.4519,0.4467,0.4317,164.0,22.0,39.0,8.0,97.0,63.0,111.0,23.0,91.0,40.0,50.0,85.0
10min1500SeqData_Energy_J2Energy_ResidLadder3_OE_Std_Test_leo_Seed1,geo/10min-1500/10min1500SeqData_Energy_J2Energy_ResidLadder3_OE_Std_Test_leo_Seed1.log,LSTM,26.67,100.0,13,28,3.8421,94780.0,0.723114013671875,34.0875,True,0,0.2563,0.9556,0.4041,0.4098,0.1111,0.1748,0.0,0.0,0.0,0.0,0.0,0.0,0.1665,0.2667,0.1447,0.1665,0.2667,0.1447,215.0,10.0,0.0,200.0,25.0,0.0,212.0,13.0,0.0,212.0,13.0,0.0
10min1500SeqData_Energy_J2Energy_ResidLadder3_OE_Std_Test_leo_Seed1,geo/10min-1500/10min1500SeqData_Energy_J2Energy_ResidLadder3_OE_Std_Test_leo_Seed1.log,Mamba,25.0,98.78,22,33,9.3179,25018.0,0.1908721923828125,126.4219,True,0,0.25,1.0,0.4,0.0,0.0,0.0,0.0,0.0,0.0,0.0,0.0,0.0,0.0625,0.25,0.1,0.0625,0.25,0.1,225.0,0.0,0.0,225.0,0.0,0.0,225.0,0.0,0.0,225.0,0.0,0.0
10min1500SeqData_Energy_J2Energy_ResidLadder3_OE_Std_Test_leo_Seed1,geo/10min-1500/10min1500SeqData_Energy_J2Energy_ResidLadder3_OE_Std_Test_leo_Seed1.log,Transformer,25.0,100.0,5,27,4.8248,405132.0,3.090911865234375,38.3321,True,0,0.0,0.0,0.0,0.0,0.0,0.0,0.25,1.0,0.4,0.0,0.0,0.0,0.0625,0.25,0.1,0.0625,0.25,0.1,0.0,0.0,225.0,0.0,0.0,225.0,0.0,0.0,225.0,0.0,0.0,225.0
10min1500SeqData_Energy_J2Energy_ResidLadder3_OE_Std_Test_leo_Seed1,geo/10min-1500/10min1500SeqData_Energy_J2Energy_ResidLadder3_OE_Std_Test_leo_Seed1.log,1D-CNN (InceptionTime),25.0,99.56,18,29,9.8114,473668.0,3.613800048828125,102.8265,True,0,0.25,1.0,0.4,0.0,0.0,0.0,0.0,0.0,0.0,0.0,0.0,0.0,0.0625,0.25,0.1,0.0625,0.25,0.1,225.0,0.0,0.0,225.0,0.0,0.0,225.0,0.0,0.0,225.0,0.0,0.0
10min1500SeqData_Energy_J2Energy_OE_Std_EvalTest_Seed1,geo/10min-1500/10min1500SeqData_Energy_J2Energy_OE_Std_EvalTest_Seed1.log,Decision Trees (LightGBM),67.89,67.89,1,1,0.8947,,0.40091419219970703,0.3154,False,0,0.6434,0.6978,0.6695,0.7869,0.4267,0.5533,0.4613,0.6089,0.5249,0.9325,0.9822,0.9567,0.706,0.6789,0.6761,0.706,0.6789,0.6761,157.0,2.0,66.0,20.0,96.0,94.0,67.0,20.0,137.0,0.0,4.0,0.0
10min1500SeqData_Energy_J2Energy_OE_Std_EvalTest_Seed1,geo/10min-1500/10min1500SeqData_Energy_J2Energy_OE_Std_EvalTest_Seed1.log,MiniRocket,99.33,99.33,1,1,,9996.0,0.5787,21.029,False,0,0.9783,1.0,0.989,1.0,0.9956,0.9978,1.0,0.9778,0.9888,0.9956,1.0,0.9978,0.9935,0.9933,0.9933,0.9935,0.9933,0.9933,225.0,0.0,0.0,0.0,224.0,0.0,5.0,0.0,220.0,0.0,0.0,0.0
10min1500SeqData_Energy_J2Energy_OE_Std_EvalTest_Seed1,geo/10min-1500/10min1500SeqData_Energy_J2Energy_OE_Std_EvalTest_Seed1.log,LSTM,97.11,98.0,97,101,0.119,50500.0,0.385284423828125,105.8506,False,0,0.9693,0.9822,0.9757,0.9686,0.96,0.9643,0.9559,0.9644,0.9602,0.991,0.9778,0.9843,0.9712,0.9711,0.9711,0.9712,0.9711,0.9711,221.0,1.0,3.0,2.0,216.0,5.0,5.0,3.0,217.0,0.0,3.0,2.0
10min1500SeqData_Energy_J2Energy_OE_Std_EvalTest_Seed1,geo/10min-1500/10min1500SeqData_Energy_J2Energy_OE_Std_EvalTest_Seed1.log,Mamba,89.0,89.0,101,101,0.4713,17044.0,0.130035400390625,387.2165,False,0,0.9339,0.9422,0.9381,0.8974,0.7778,0.8333,0.8143,0.8578,0.8355,0.917,0.9822,0.9485,0.8907,0.89,0.8888,0.8907,0.89,0.8888,212.0,0.0,10.0,2.0,175.0,34.0,13.0,16.0,193.0,0.0,4.0,0.0
10min1500SeqData_Energy_J2Energy_OE_Std_EvalTest_Seed1,geo/10min-1500/10min1500SeqData_Energy_J2Energy_OE_Std_EvalTest_Seed1.log,Transformer,93.67,94.33,37,57,0.1524,288324.0,2.199737548828125,80.2457,True,0,0.9783,1.0,0.989,0.9261,0.8356,0.8785,0.8471,0.9111,0.8779,1.0,1.0,1.0,0.9379,0.9367,0.9364,0.9379,0.9367,0.9364,225.0,0.0,0.0,0.0,188.0,37.0,5.0,15.0,205.0,0.0,0.0,0.0
10min1500SeqData_Energy_J2Energy_OE_Std_EvalTest_Seed1,geo/10min-1500/10min1500SeqData_Energy_J2Energy_OE_Std_EvalTest_Seed1.log,1D-CNN (InceptionTime),98.78,99.56,53,86,0.0911,473092.0,3.609405517578125,303.351,True,0,0.974,1.0,0.9868,0.991,0.9822,0.9866,1.0,0.9689,0.9842,0.9868,1.0,0.9934,0.988,0.9878,0.9878,0.988,0.9878,0.9878,225.0,0.0,0.0,1.0,221.0,0.0,5.0,2.0,218.0,0.0,0.0,0.0
10min1500SeqData_Std_Test_leo_Seed2,geo/10min-1500/10min1500SeqData_Std_Test_leo_Seed2.log,Decision Trees (LightGBM),24.89,24.89,1,1,1.3923,,0.40858936309814453,0.2121,False,0,0.25,0.0133,0.0253,0.2466,0.2444,0.2455,0.25,0.08,0.1212,0.2496,0.6578,0.3619,0.2491,0.2489,0.1885,0.2491,0.2489,0.1885,3.0,56.0,18.0,3.0,55.0,18.0,3.0,56.0,18.0,3.0,56.0,18.0
10min1500SeqData_Std_Test_leo_Seed2,geo/10min-1500/10min1500SeqData_Std_Test_leo_Seed2.log,MiniRocket,25.0,25.0,1,1,,9996.0,0.5785,21.014,False,0,0.0,0.0,0.0,0.0,0.0,0.0,0.0,0.0,0.0,0.25,1.0,0.4,0.0625,0.25,0.1,0.0625,0.25,0.1,0.0,0.0,0.0,0.0,0.0,0.0,0.0,0.0,0.0,0.0,0.0,0.0
10min1500SeqData_Std_Test_leo_Seed2,geo/10min-1500/10min1500SeqData_Std_Test_leo_Seed2.log,LSTM,25.0,25.0,1,13,1.3864,28660.0,0.218658447265625,11.4416,True,0,0.0,0.0,0.0,0.25,0.3289,0.2841,0.0,0.0,0.0,0.25,0.6711,0.3643,0.125,0.25,0.1621,0.125,0.25,0.1621,0.0,74.0,0.0,0.0,74.0,0.0,0.0,74.0,0.0,0.0,74.0,0.0
10min1500SeqData_Std_Test_leo_Seed2,geo/10min-1500/10min1500SeqData_Std_Test_leo_Seed2.log,Mamba,25.0,25.0,1,24,1.3864,12208.0,0.0931396484375,88.9031,True,0,0.25,0.1644,0.1984,0.25,0.4933,0.3318,0.25,0.16,0.1951,0.25,0.1822,0.2108,0.25,0.25,0.234,0.25,0.25,0.234,37.0,111.0,36.0,37.0,111.0,36.0,37.0,111.0,36.0,37.0,111.0,36.0
10min1500SeqData_Std_Test_leo_Seed2,geo/10min-1500/10min1500SeqData_Std_Test_leo_Seed2.log,Transformer,25.0,25.0,1,23,1.387,213092.0,1.625762939453125,30.9215,True,0,0.0,0.0,0.0,0.0,0.0,0.0,0.25,1.0,0.4,0.0,0.0,0.0,0.0625,0.25,0.1,0.0625,0.25,0.1,0.0,0.0,225.0,0.0,0.0,225.0,0.0,0.0,225.0,0.0,0.0,225.0
10min1500SeqData_Std_Test_leo_Seed2,geo/10min-1500/10min1500SeqData_Std_Test_leo_Seed2.log,1D-CNN (InceptionTime),25.0,25.0,1,33,1.3862,472708.0,3.606475830078125,112.9604,True,0,0.25,0.8356,0.3849,0.0,0.0,0.0,0.25,0.1644,0.1984,0.0,0.0,0.0,0.125,0.25,0.1458,0.125,0.25,0.1458,188.0,0.0,37.0,188.0,0.0,37.0,188.0,0.0,37.0,188.0,0.0,37.0
10min1500SeqData_Energy_J2Energy_ResidLadder3_OE_Std_Test_leo_Seed2,geo/10min-1500/10min1500SeqData_Energy_J2Energy_ResidLadder3_OE_Std_Test_leo_Seed2.log,Decision Trees (LightGBM),29.56,29.56,1,1,1.9768,,0.39970970153808594,0.4357,False,0,0.5,0.2178,0.3034,0.5789,0.0489,0.0902,0.2655,0.9111,0.4112,0.0909,0.0044,0.0085,0.3589,0.2956,0.2033,0.3589,0.2956,0.2033,49.0,0.0,172.0,8.0,11.0,201.0,18.0,1.0,205.0,23.0,7.0,194.0
10min1500SeqData_Energy_J2Energy_ResidLadder3_OE_Std_Test_leo_Seed2,geo/10min-1500/10min1500SeqData_Energy_J2Energy_ResidLadder3_OE_Std_Test_leo_Seed2.log,MiniRocket,41.56,41.56,1,1,,9996.0,0.5787,20.921,False,0,0.488,0.5422,0.5137,0.3775,0.8489,0.5226,0.3942,0.1822,0.2492,0.5,0.0889,0.1509,0.4399,0.4156,0.3591,0.4399,0.4156,0.3591,122.0,63.0,38.0,12.0,191.0,7.0,88.0,93.0,41.0,28.0,159.0,18.0
10min1500SeqData_Energy_J2Energy_ResidLadder3_OE_Std_Test_leo_Seed2,geo/10min-1500/10min1500SeqData_Energy_J2Energy_ResidLadder3_OE_Std_Test_leo_Seed2.log,LSTM,25.0,99.78,7,56,3.9692,94780.0,0.723114013671875,69.1996,True,0,0.0,0.0,0.0,0.25,1.0,0.4,0.0,0.0,0.0,0.0,0.0,0.0,0.0625,0.25,0.1,0.0625,0.25,0.1,0.0,225.0,0.0,0.0,225.0,0.0,0.0,225.0,0.0,0.0,225.0,0.0
10min1500SeqData_Energy_J2Energy_ResidLadder3_OE_Std_Test_leo_Seed2,geo/10min-1500/10min1500SeqData_Energy_J2Energy_ResidLadder3_OE_Std_Test_leo_Seed2.log,Mamba,25.0,99.11,20,27,22.1916,25018.0,0.1908721923828125,96.6632,True,0,0.25,1.0,0.4,0.0,0.0,0.0,0.0,0.0,0.0,0.0,0.0,0.0,0.0625,0.25,0.1,0.0625,0.25,0.1,225.0,0.0,0.0,225.0,0.0,0.0,225.0,0.0,0.0,225.0,0.0,0.0
10min1500SeqData_Energy_J2Energy_ResidLadder3_OE_Std_Test_leo_Seed2,geo/10min-1500/10min1500SeqData_Energy_J2Energy_ResidLadder3_OE_Std_Test_leo_Seed2.log,Transformer,25.0,99.78,6,65,8.2523,405132.0,3.090911865234375,90.4257,True,0,0.0,0.0,0.0,0.0,0.0,0.0,0.25,1.0,0.4,0.0,0.0,0.0,0.0625,0.25,0.1,0.0625,0.25,0.1,0.0,0.0,225.0,0.0,0.0,225.0,0.0,0.0,225.0,0.0,0.0,225.0
10min1500SeqData_Energy_J2Energy_ResidLadder3_OE_Std_Test_leo_Seed2,geo/10min-1500/10min1500SeqData_Energy_J2Energy_ResidLadder3_OE_Std_Test_leo_Seed2.log,1D-CNN (InceptionTime),25.0,99.67,18,40,10.2533,473668.0,3.613800048828125,136.8881,True,0,0.25,1.0,0.4,0.0,0.0,0.0,0.0,0.0,0.0,0.0,0.0,0.0,0.0625,0.25,0.1,0.0625,0.25,0.1,225.0,0.0,0.0,225.0,0.0,0.0,225.0,0.0,0.0,225.0,0.0,0.0
10min1500SeqData_Energy_J2Energy_OE_Std_Test_leo_Seed2,geo/10min-1500/10min1500SeqData_Energy_J2Energy_OE_Std_Test_leo_Seed2.log,Decision Trees (LightGBM),25.78,25.78,1,1,1.6634,,0.39994239807128906,0.3218,False,0,0.25,0.9289,0.394,0.4545,0.0444,0.081,0.3095,0.0578,0.0974,0.0,0.0,0.0,0.2535,0.2578,0.1431,0.2535,0.2578,0.1431,209.0,4.0,12.0,207.0,10.0,8.0,209.0,3.0,13.0,211.0,5.0,9.0
10min1500SeqData_Energy_J2Energy_OE_Std_Test_leo_Seed2,geo/10min-1500/10min1500SeqData_Energy_J2Energy_OE_Std_Test_leo_Seed2.log,MiniRocket,31.78,31.78,1,1,,9996.0,0.5786,21.7961,False,0,0.212,0.2044,0.2081,0.2426,0.4356,0.3116,0.4465,0.3156,0.3698,0.5917,0.3156,0.4116,0.3732,0.3178,0.3253,0.3732,0.3178,0.3253,46.0,102.0,73.0,77.0,98.0,7.0,25.0,127.0,71.0,69.0,77.0,8.0
10min1500SeqData_Energy_J2Energy_OE_Std_Test_leo_Seed2,geo/10min-1500/10min1500SeqData_Energy_J2Energy_OE_Std_Test_leo_Seed2.log,LSTM,25.0,97.89,99,101,7.2861,50500.0,0.385284423828125,105.2152,True,0,0.25,1.0,0.4,0.0,0.0,0.0,0.0,0.0,0.0,0.0,0.0,0.0,0.0625,0.25,0.1,0.0625,0.25,0.1,225.0,0.0,0.0,225.0,0.0,0.0,225.0,0.0,0.0,225.0,0.0,0.0
10min1500SeqData_Energy_J2Energy_OE_Std_Test_leo_Seed2,geo/10min-1500/10min1500SeqData_Energy_J2Energy_OE_Std_Test_leo_Seed2.log,Mamba,25.0,89.22,97,101,46.1583,17044.0,0.130035400390625,405.4965,False,0,0.0,0.0,0.0,0.25,1.0,0.4,0.0,0.0,0.0,0.0,0.0,0.0,0.0625,0.25,0.1,0.0625,0.25,0.1,0.0,225.0,0.0,0.0,225.0,0.0,0.0,225.0,0.0,0.0,225.0,0.0
10min1500SeqData_Energy_J2Energy_OE_Std_Test_leo_Seed2,geo/10min-1500/10min1500SeqData_Energy_J2Energy_OE_Std_Test_leo_Seed2.log,Transformer,25.0,95.44,13,40,4.1241,288324.0,2.199737548828125,53.5672,True,0,0.25,1.0,0.4,0.0,0.0,0.0,0.0,0.0,0.0,0.0,0.0,0.0,0.0625,0.25,0.1,0.0625,0.25,0.1,225.0,0.0,0.0,225.0,0.0,0.0,225.0,0.0,0.0,225.0,0.0,0.0
10min1500SeqData_Energy_J2Energy_OE_Std_Test_leo_Seed2,geo/10min-1500/10min1500SeqData_Energy_J2Energy_OE_Std_Test_leo_Seed2.log,1D-CNN (InceptionTime),25.0,99.78,27,44,9.4336,473092.0,3.609405517578125,151.5103,True,0,0.25,1.0,0.4,0.0,0.0,0.0,0.0,0.0,0.0,0.0,0.0,0.0,0.0625,0.25,0.1,0.0625,0.25,0.1,225.0,0.0,0.0,225.0,0.0,0.0,225.0,0.0,0.0,225.0,0.0,0.0
10min1500SeqData_Std_EvalTest_Seed0,geo/10min-1500/10min1500SeqData_Std_EvalTest_Seed0.log,Decision Trees (LightGBM),25.11,25.11,1,1,1.3865,,0.4089059829711914,0.2113,False,0,0.2519,0.2889,0.2692,0.2445,0.2489,0.2467,0.2526,0.2178,0.2339,0.2557,0.2489,0.2523,0.2512,0.2511,0.2505,0.2512,0.2511,0.2505,65.0,57.0,49.0,66.0,56.0,48.0,65.0,57.0,49.0,62.0,59.0,48.0
10min1500SeqData_Std_EvalTest_Seed0,geo/10min-1500/10min1500SeqData_Std_EvalTest_Seed0.log,MiniRocket,45.89,45.89,1,1,,9996.0,0.5786,21.621,False,0,0.35,0.4356,0.3881,0.3719,0.3289,0.3491,0.3462,0.24,0.2835,0.7057,0.8311,0.7633,0.4434,0.4589,0.446,0.4434,0.4589,0.446,98.0,54.0,52.0,75.0,74.0,40.0,97.0,53.0,54.0,10.0,18.0,10.0
10min1500SeqData_Std_EvalTest_Seed0,geo/10min-1500/10min1500SeqData_Std_EvalTest_Seed0.log,LSTM,25.0,25.0,1,18,1.3863,28660.0,0.218658447265625,16.2101,True,0,0.0,0.0,0.0,0.0,0.0,0.0,0.0,0.0,0.0,0.25,1.0,0.4,0.0625,0.25,0.1,0.0625,0.25,0.1,0.0,0.0,0.0,0.0,0.0,0.0,0.0,0.0,0.0,0.0,0.0,0.0
10min1500SeqData_Std_EvalTest_Seed0,geo/10min-1500/10min1500SeqData_Std_EvalTest_Seed0.log,Mamba,25.0,25.11,21,24,1.3863,12208.0,0.0931396484375,89.4743,True,0,0.25,0.2178,0.2328,0.25,0.2756,0.2622,0.25,0.0533,0.0879,0.25,0.4533,0.3223,0.25,0.25,0.2263,0.25,0.25,0.2263,49.0,62.0,12.0,49.0,62.0,12.0,49.0,62.0,12.0,49.0,62.0,12.0
10min1500SeqData_Std_EvalTest_Seed0,geo/10min-1500/10min1500SeqData_Std_EvalTest_Seed0.log,Transformer,25.0,25.0,1,18,1.3877,213092.0,1.625762939453125,23.2147,True,0,0.0,0.0,0.0,0.0,0.0,0.0,0.25,1.0,0.4,0.0,0.0,0.0,0.0625,0.25,0.1,0.0625,0.25,0.1,0.0,0.0,225.0,0.0,0.0,225.0,0.0,0.0,225.0,0.0,0.0,225.0
10min1500SeqData_Std_EvalTest_Seed0,geo/10min-1500/10min1500SeqData_Std_EvalTest_Seed0.log,1D-CNN (InceptionTime),25.0,25.0,1,31,1.3863,472708.0,3.606475830078125,106.2237,True,0,0.0,0.0,0.0,0.0,0.0,0.0,0.25,0.68,0.3656,0.25,0.32,0.2807,0.125,0.25,0.1616,0.125,0.25,0.1616,0.0,0.0,153.0,0.0,0.0,153.0,0.0,0.0,153.0,0.0,0.0,153.0
10min1500SeqData_Std_EvalTest_Seed2,geo/10min-1500/10min1500SeqData_Std_EvalTest_Seed2.log,Decision Trees (LightGBM),25.11,25.11,1,1,1.3866,,0.40858936309814453,0.211,False,0,0.2491,0.3244,0.2819,0.25,0.16,0.1951,0.25,0.24,0.2449,0.2551,0.28,0.2669,0.2511,0.2511,0.2472,0.2511,0.2511,0.2472,73.0,36.0,55.0,74.0,36.0,53.0,74.0,36.0,54.0,72.0,36.0,54.0
10min1500SeqData_Std_EvalTest_Seed2,geo/10min-1500/10min1500SeqData_Std_EvalTest_Seed2.log,MiniRocket,48.78,48.78,1,1,,9996.0,0.5785,19.7116,False,0,0.3866,0.4089,0.3974,0.4353,0.5378,0.4811,0.3554,0.1911,0.2486,0.6958,0.8133,0.75,0.4682,0.4878,0.4693,0.4682,0.4878,0.4693,92.0,66.0,47.0,40.0,121.0,26.0,89.0,71.0,43.0,17.0,20.0,5.0
10min1500SeqData_Std_EvalTest_Seed2,geo/10min-1500/10min1500SeqData_Std_EvalTest_Seed2.log,LSTM,25.11,25.11,13,13,1.3864,28660.0,0.218658447265625,11.4633,True,0,0.0,0.0,0.0,0.2509,0.32,0.2812,0.0,0.0,0.0,0.2512,0.6844,0.3675,0.1255,0.2511,0.1622,0.1255,0.2511,0.1622,0.0,72.0,0.0,0.0,72.0,0.0,0.0,72.0,0.0,0.0,71.0,0.0
10min1500SeqData_Std_EvalTest_Seed2,geo/10min-1500/10min1500SeqData_Std_EvalTest_Seed2.log,Mamba,25.0,25.0,1,24,1.3863,12208.0,0.0931396484375,85.9584,True,0,0.25,0.2622,0.256,0.25,0.3156,0.279,0.25,0.28,0.2642,0.25,0.1422,0.1813,0.25,0.25,0.2451,0.25,0.25,0.2451,59.0,71.0,63.0,59.0,71.0,63.0,59.0,71.0,63.0,59.0,71.0,63.0
10min1500SeqData_Std_EvalTest_Seed2,geo/10min-1500/10min1500SeqData_Std_EvalTest_Seed2.log,Transformer,25.0,25.0,1,23,1.387,213092.0,1.625762939453125,31.7548,True,0,0.0,0.0,0.0,0.0,0.0,0.0,0.25,1.0,0.4,0.0,0.0,0.0,0.0625,0.25,0.1,0.0625,0.25,0.1,0.0,0.0,225.0,0.0,0.0,225.0,0.0,0.0,225.0,0.0,0.0,225.0
10min1500SeqData_Std_EvalTest_Seed2,geo/10min-1500/10min1500SeqData_Std_EvalTest_Seed2.log,1D-CNN (InceptionTime),25.0,25.0,1,33,1.3862,472708.0,3.606475830078125,113.4896,True,0,0.25,0.7156,0.3705,0.0,0.0,0.0,0.25,0.2844,0.2661,0.0,0.0,0.0,0.125,0.25,0.1592,0.125,0.25,0.1592,161.0,0.0,64.0,161.0,0.0,64.0,161.0,0.0,64.0,161.0,0.0,64.0
10min1500SeqData_Energy_J2Energy_ResidLadder3_OE_Std_Test_leo_Seed0,geo/10min-1500/10min1500SeqData_Energy_J2Energy_ResidLadder3_OE_Std_Test_leo_Seed0.log,Decision Trees (LightGBM),32.44,32.44,1,1,1.9883,,0.4004507064819336,0.4374,False,0,0.5395,0.1822,0.2724,0.6296,0.1511,0.2437,0.282,0.96,0.4359,0.25,0.0044,0.0087,0.4253,0.3244,0.2402,0.4253,0.3244,0.2402,41.0,0.0,184.0,7.0,34.0,182.0,8.0,0.0,216.0,20.0,20.0,184.0
10min1500SeqData_Energy_J2Energy_ResidLadder3_OE_Std_Test_leo_Seed0,geo/10min-1500/10min1500SeqData_Energy_J2Energy_ResidLadder3_OE_Std_Test_leo_Seed0.log,MiniRocket,48.44,48.44,1,1,,9996.0,0.5788,21.8811,False,0,0.561,0.8178,0.6655,0.1696,0.0844,0.1128,0.5484,0.0756,0.1328,0.5035,0.96,0.6606,0.4456,0.4844,0.3929,0.4456,0.4844,0.3929,184.0,27.0,8.0,3.0,19.0,3.0,139.0,62.0,17.0,2.0,4.0,3.0
10min1500SeqData_Energy_J2Energy_ResidLadder3_OE_Std_Test_leo_Seed0,geo/10min-1500/10min1500SeqData_Energy_J2Energy_ResidLadder3_OE_Std_Test_leo_Seed0.log,LSTM,25.0,99.89,8,50,4.2378,94780.0,0.723114013671875,62.3155,True,0,0.25,1.0,0.4,0.0,0.0,0.0,0.0,0.0,0.0,0.0,0.0,0.0,0.0625,0.25,0.1,0.0625,0.25,0.1,225.0,0.0,0.0,225.0,0.0,0.0,225.0,0.0,0.0,225.0,0.0,0.0
10min1500SeqData_Energy_J2Energy_ResidLadder3_OE_Std_Test_leo_Seed0,geo/10min-1500/10min1500SeqData_Energy_J2Energy_ResidLadder3_OE_Std_Test_leo_Seed0.log,Mamba,25.0,99.33,27,42,10.215,25018.0,0.1908721923828125,168.5385,True,0,0.25,1.0,0.4,0.0,0.0,0.0,0.0,0.0,0.0,0.0,0.0,0.0,0.0625,0.25,0.1,0.0625,0.25,0.1,225.0,0.0,0.0,225.0,0.0,0.0,225.0,0.0,0.0,225.0,0.0,0.0
10min1500SeqData_Energy_J2Energy_ResidLadder3_OE_Std_Test_leo_Seed0,geo/10min-1500/10min1500SeqData_Energy_J2Energy_ResidLadder3_OE_Std_Test_leo_Seed0.log,Transformer,25.0,99.89,6,83,5.3371,405132.0,3.090911865234375,117.0831,True,0,0.0,0.0,0.0,0.0,0.0,0.0,0.0,0.0,0.0,0.25,1.0,0.4,0.0625,0.25,0.1,0.0625,0.25,0.1,0.0,0.0,0.0,0.0,0.0,0.0,0.0,0.0,0.0,0.0,0.0,0.0
10min1500SeqData_Energy_J2Energy_ResidLadder3_OE_Std_Test_leo_Seed0,geo/10min-1500/10min1500SeqData_Energy_J2Energy_ResidLadder3_OE_Std_Test_leo_Seed0.log,1D-CNN (InceptionTime),25.0,99.78,29,41,6.7866,473668.0,3.613800048828125,143.5377,True,0,0.25,1.0,0.4,0.0,0.0,0.0,0.0,0.0,0.0,0.0,0.0,0.0,0.0625,0.25,0.1,0.0625,0.25,0.1,225.0,0.0,0.0,225.0,0.0,0.0,225.0,0.0,0.0,225.0,0.0,0.0
10min1500SeqData_Std_EvalTest_Seed1,geo/10min-1500/10min1500SeqData_Std_EvalTest_Seed1.log,Decision Trees (LightGBM),24.89,24.89,1,1,1.3874,,0.4089040756225586,0.2162,False,0,0.2478,0.2533,0.2505,0.2487,0.2089,0.2271,0.2527,0.2044,0.226,0.2475,0.3289,0.2824,0.2492,0.2489,0.2465,0.2492,0.2489,0.2465,57.0,47.0,46.0,57.0,47.0,46.0,57.0,47.0,46.0,59.0,48.0,44.0
10min1500SeqData_Std_EvalTest_Seed1,geo/10min-1500/10min1500SeqData_Std_EvalTest_Seed1.log,MiniRocket,46.89,46.89,1,1,,9996.0,0.5785,19.9455,False,0,0.3784,0.4978,0.4299,0.3917,0.3778,0.3846,0.3846,0.2,0.2632,0.6667,0.8,0.7273,0.4553,0.4689,0.4512,0.4553,0.4689,0.4512,112.0,57.0,39.0,57.0,85.0,27.0,102.0,61.0,45.0,25.0,14.0,6.0
10min1500SeqData_Std_EvalTest_Seed1,geo/10min-1500/10min1500SeqData_Std_EvalTest_Seed1.log,LSTM,25.0,25.0,1,25,1.3863,28660.0,0.218658447265625,24.3757,True,0,0.0,0.0,0.0,0.0,0.0,0.0,0.0,0.0,0.0,0.25,1.0,0.4,0.0625,0.25,0.1,0.0625,0.25,0.1,0.0,0.0,0.0,0.0,0.0,0.0,0.0,0.0,0.0,0.0,0.0,0.0
10min1500SeqData_Std_EvalTest_Seed1,geo/10min-1500/10min1500SeqData_Std_EvalTest_Seed1.log,Mamba,25.0,25.0,1,29,1.3863,12208.0,0.0931396484375,108.8792,True,0,0.25,0.44,0.3188,0.25,0.1156,0.1581,0.25,0.2711,0.2601,0.25,0.1733,0.2047,0.25,0.25,0.2354,0.25,0.25,0.2354,99.0,26.0,61.0,99.0,26.0,61.0,99.0,26.0,61.0,99.0,26.0,61.0
10min1500SeqData_Std_EvalTest_Seed1,geo/10min-1500/10min1500SeqData_Std_EvalTest_Seed1.log,Transformer,25.0,25.0,1,28,1.3876,213092.0,1.625762939453125,39.5729,True,0,0.0,0.0,0.0,0.25,0.4267,0.3153,0.25,0.5733,0.3482,0.0,0.0,0.0,0.125,0.25,0.1659,0.125,0.25,0.1659,0.0,96.0,129.0,0.0,96.0,129.0,0.0,96.0,129.0,0.0,96.0,129.0
10min1500SeqData_Std_EvalTest_Seed1,geo/10min-1500/10min1500SeqData_Std_EvalTest_Seed1.log,1D-CNN (InceptionTime),25.0,25.0,1,20,1.3866,472708.0,3.606475830078125,69.0938,True,0,0.0,0.0,0.0,0.25,0.3422,0.2889,0.25,0.6578,0.3623,0.0,0.0,0.0,0.125,0.25,0.1628,0.125,0.25,0.1628,0.0,77.0,148.0,0.0,77.0,148.0,0.0,77.0,148.0,0.0,77.0,148.0
10min1500SeqData_Energy_J2Energy_OE_Std_EvalTest_Seed2,geo/10min-1500/10min1500SeqData_Energy_J2Energy_OE_Std_EvalTest_Seed2.log,Decision Trees (LightGBM),66.56,66.56,1,1,0.8924,,0.39994239807128906,0.3001,False,0,0.6209,0.5822,0.6009,0.8381,0.3911,0.5333,0.4708,0.7156,0.5679,0.905,0.9733,0.9379,0.7087,0.6656,0.66,0.7087,0.6656,0.66,131.0,2.0,92.0,26.0,88.0,88.0,54.0,10.0,161.0,0.0,5.0,1.0
10min1500SeqData_Energy_J2Energy_OE_Std_EvalTest_Seed2,geo/10min-1500/10min1500SeqData_Energy_J2Energy_OE_Std_EvalTest_Seed2.log,MiniRocket,99.33,99.33,1,1,,9996.0,0.5786,20.6707,False,0,0.974,1.0,0.9868,1.0,1.0,1.0,1.0,0.9733,0.9865,1.0,1.0,1.0,0.9935,0.9933,0.9933,0.9935,0.9933,0.9933,225.0,0.0,0.0,0.0,225.0,0.0,6.0,0.0,219.0,0.0,0.0,0.0
10min1500SeqData_Energy_J2Energy_OE_Std_EvalTest_Seed2,geo/10min-1500/10min1500SeqData_Energy_J2Energy_OE_Std_EvalTest_Seed2.log,LSTM,97.11,97.89,99,101,0.1146,50500.0,0.385284423828125,104.6633,True,0,0.961,0.9867,0.9737,0.9685,0.9556,0.962,0.9552,0.9467,0.9509,1.0,0.9956,0.9978,0.9712,0.9711,0.9711,0.9712,0.9711,0.9711,222.0,0.0,3.0,3.0,215.0,7.0,6.0,6.0,213.0,0.0,1.0,0.0
10min1500SeqData_Energy_J2Energy_OE_Std_EvalTest_Seed2,geo/10min-1500/10min1500SeqData_Energy_J2Energy_OE_Std_EvalTest_Seed2.log,Mamba,89.0,89.22,97,101,0.3254,17044.0,0.130035400390625,384.6537,False,0,0.8816,0.96,0.9191,0.8916,0.8044,0.8458,0.8153,0.8044,0.8098,0.9696,0.9911,0.9802,0.8895,0.89,0.8888,0.8895,0.89,0.8888,216.0,0.0,9.0,5.0,181.0,32.0,24.0,20.0,181.0,0.0,2.0,0.0
10min1500SeqData_Energy_J2Energy_OE_Std_EvalTest_Seed2,geo/10min-1500/10min1500SeqData_Energy_J2Energy_OE_Std_EvalTest_Seed2.log,Transformer,94.0,95.44,13,40,0.1639,288324.0,2.199737548828125,56.4986,True,0,0.974,1.0,0.9868,0.8865,0.9022,0.8943,0.8977,0.8578,0.8773,1.0,1.0,1.0,0.9395,0.94,0.9396,0.9395,0.94,0.9396,225.0,0.0,0.0,0.0,203.0,22.0,6.0,26.0,193.0,0.0,0.0,0.0
10min1500SeqData_Energy_J2Energy_OE_Std_EvalTest_Seed2,geo/10min-1500/10min1500SeqData_Energy_J2Energy_OE_Std_EvalTest_Seed2.log,1D-CNN (InceptionTime),99.22,99.78,22,47,0.0542,473092.0,3.609405517578125,166.6755,True,0,0.974,1.0,0.9868,1.0,0.9956,0.9978,1.0,0.9733,0.9865,0.9956,1.0,0.9978,0.9924,0.9922,0.9922,0.9924,0.9922,0.9922,225.0,0.0,0.0,0.0,224.0,0.0,6.0,0.0,219.0,0.0,0.0,0.0
