Processing datasets for leo with 30 minutes and 1500 random systems.
Training data location: /home/hunter/git/GMAT-Thrust-Data/data/seqClassification/leo/30min-1500
Test data location: /home/hunter/git/GMAT-Thrust-Data/data/seqClassification/leo/30min-1500
train_data (4200, 30, 8)  val_data (900, 30, 8)  test_data (900, 30, 8)

================================================================================
Backbone: LSTM
================================================================================

Entering LSTM Joint (4-class) Training Loop
Epoch [1/100] Train Loss: 1.3867
Val Event P(macro [1, 2, 3]): 0.0955 | R: 0.3593 | F1: 0.1466
Per-class P: [0.90666667 0.         0.10722222 0.1794152 ]  R: [0.26973933 0.         0.21325967 0.86471251]  F1: [0.41578105 0.         0.14269871 0.29717164]
Val Loss: 1.3855
Epoch [2/100] Train Loss: 1.3546
Val Event P(macro [1, 2, 3]): 0.0949 | R: 0.3968 | F1: 0.1528
Per-class P: [0.93355556 0.         0.10111111 0.18364198]  R: [0.19838496 0.         0.3519337  0.83850056]  F1: [0.32723166 0.         0.15709001 0.30129633]
Val Loss: 1.3476
Epoch [3/100] Train Loss: 1.3289
Val Event P(macro [1, 2, 3]): 0.1083 | R: 0.4066 | F1: 0.1679
Per-class P: [0.93355556 0.02037037 0.0940404  0.21050505]  R: [0.19838496 0.11802575 0.51436464 0.58737317]  F1: [0.32723166 0.03474416 0.15900939 0.30993456]
Val Loss: 1.3214
Epoch [4/100] Train Loss: 1.3289
Val Event P(macro [1, 2, 3]): 0.1068 | R: 0.4336 | F1: 0.1690
Per-class P: [0.96148148 0.02044444 0.09728395 0.2025641 ]  R: [0.12259161 0.19742489 0.43535912 0.66798196]  F1: [0.21745686 0.03705195 0.15903128 0.31086044]
Val Loss: 1.3365
Epoch [5/100] Train Loss: 1.3193
Val Event P(macro [1, 2, 3]): 0.1006 | R: 0.3676 | F1: 0.1565
Per-class P: [0.89513889 0.         0.09544444 0.20638889]  R: [0.30435399 0.         0.47458564 0.62824126]  F1: [0.45425712 0.         0.15892692 0.31070532]
Val Loss: 1.3088
Epoch [6/100] Train Loss: 1.3147
Val Event P(macro [1, 2, 3]): 0.1084 | R: 0.4383 | F1: 0.1693
Per-class P: [0.96148148 0.02037037 0.0942735  0.21050505]  R: [0.12259161 0.11802575 0.60939227 0.58737317]  F1: [0.21745686 0.03474416 0.16328645 0.30993456]
Val Loss: 1.3158
Epoch [7/100] Train Loss: 1.3148
Val Event P(macro [1, 2, 3]): 0.1017 | R: 0.3838 | F1: 0.1573
Per-class P: [0.90666667 0.         0.09453704 0.21050505]  R: [0.26973933 0.         0.5640884  0.58737317]  F1: [0.41578105 0.         0.16193497 0.30993456]
Val Loss: 1.3042
Epoch [8/100] Train Loss: 1.3125
Val Event P(macro [1, 2, 3]): 0.1071 | R: 0.4387 | F1: 0.1702
Per-class P: [0.96148148 0.02111111 0.09755556 0.2025641 ]  R: [0.12259161 0.16309013 0.48508287 0.66798196]  F1: [0.21745686 0.03738318 0.16244218 0.31086044]
Val Loss: 1.3118
Epoch [9/100] Train Loss: 1.3105
Val Event P(macro [1, 2, 3]): 0.1098 | R: 0.4377 | F1: 0.1692
Per-class P: [0.96148148 0.02111111 0.09367521 0.21466667]  R: [0.12259161 0.16309013 0.60552486 0.54453213]  F1: [0.21745686 0.03738318 0.16225019 0.30793752]
Val Loss: 1.3217
Epoch [10/100] Train Loss: 1.3117
Val Event P(macro [1, 2, 3]): 0.1112 | R: 0.4109 | F1: 0.1640
Per-class P: [0.94722222 0.02022222 0.09051282 0.22291667]  R: [0.16103136 0.19527897 0.58508287 0.45236753]  F1: [0.27526639 0.03664921 0.15677276 0.29866022]
Val Loss: 1.3304
Epoch [11/100] Train Loss: 1.3105
Val Event P(macro [1, 2, 3]): 0.1017 | R: 0.3838 | F1: 0.1573
Per-class P: [0.90666667 0.         0.09453704 0.21050505]  R: [0.26973933 0.         0.5640884  0.58737317]  F1: [0.41578105 0.         0.16193497 0.30993456]
Val Loss: 1.2941
Epoch [12/100] Train Loss: 1.3086
Val Event P(macro [1, 2, 3]): 0.1119 | R: 0.4215 | F1: 0.1650
Per-class P: [0.93361111 0.02055556 0.09208333 0.22291667]  R: [0.15871742 0.07939914 0.73259669 0.45236753]  F1: [0.27131095 0.03265666 0.16360271 0.29866022]
Val Loss: 1.3353
Epoch [13/100] Train Loss: 1.3102
Val Event P(macro [1, 2, 3]): 0.0992 | R: 0.3829 | F1: 0.1573
Per-class P: [0.90666667 0.         0.09901235 0.19873016]  R: [0.26973933 0.         0.44309392 0.70574972]  F1: [0.41578105 0.         0.16185671 0.31013129]
Val Loss: 1.3149
Epoch [14/100] Train Loss: 1.3085
Val Event P(macro [1, 2, 3]): 0.1105 | R: 0.4075 | F1: 0.1661
Per-class P: [0.92355556 0.02       0.09277778 0.21876543]  R: [0.19625992 0.07725322 0.64585635 0.4994363 ]  F1: [0.32372644 0.03177405 0.16224844 0.30425824]
Val Loss: 1.3216
Epoch [15/100] Train Loss: 1.3075
Val Event P(macro [1, 2, 3]): 0.0998 | R: 0.3995 | F1: 0.1583
Per-class P: [0.91962963 0.         0.0969697  0.2025641 ]  R: [0.23451077 0.         0.53038674 0.66798196]  F1: [0.37372065 0.         0.16396243 0.31086044]
Val Loss: 1.3140
Epoch [16/100] Train Loss: 1.3070
Val Event P(macro [1, 2, 3]): 0.1038 | R: 0.3818 | F1: 0.1555
Per-class P: [0.90666667 0.         0.09277778 0.21876543]  R: [0.26973933 0.         0.64585635 0.4994363 ]  F1: [0.41578105 0.         0.16224844 0.30425824]
Val Loss: 1.2923
Epoch [17/100] Train Loss: 1.3078
Val Event P(macro [1, 2, 3]): 0.1028 | R: 0.3834 | F1: 0.1567
Per-class P: [0.90666667 0.         0.09367521 0.21466667]  R: [0.26973933 0.         0.60552486 0.54453213]  F1: [0.41578105 0.         0.16225019 0.30793752]
Val Loss: 1.2958
Epoch [18/100] Train Loss: 1.3081
Val Event P(macro [1, 2, 3]): 0.1067 | R: 0.3873 | F1: 0.1659
Per-class P: [0.9112963  0.01925926 0.09432099 0.20638889]  R: [0.23238572 0.11158798 0.42209945 0.62824126]  F1: [0.37033414 0.03284902 0.15418769 0.31070532]
Val Loss: 1.2932
Epoch [19/100] Train Loss: 1.3084
Val Event P(macro [1, 2, 3]): 0.1085 | R: 0.3782 | F1: 0.1636
Per-class P: [0.90666667 0.01777778 0.09314815 0.21466667]  R: [0.26973933 0.03433476 0.5558011  0.54453213]  F1: [0.41578105 0.02342606 0.15955591 0.30793752]
Val Loss: 1.3041
Epoch [20/100] Train Loss: 1.3054
Val Event P(macro [1, 2, 3]): 0.1065 | R: 0.4123 | F1: 0.1671
Per-class P: [0.92777778 0.02       0.0969697  0.2025641 ]  R: [0.19715716 0.03862661 0.53038674 0.66798196]  F1: [0.32520642 0.02635432 0.16396243 0.31086044]
Val Loss: 1.3166
Epoch [21/100] Train Loss: 1.3128
Val Event P(macro [1, 2, 3]): 0.1094 | R: 0.4190 | F1: 0.1678
Per-class P: [0.94722222 0.02027778 0.09314815 0.21466667]  R: [0.16103136 0.15665236 0.5558011  0.54453213]  F1: [0.27526639 0.03590753 0.15955591 0.30793752]
Val Loss: 1.3135
Epoch [22/100] Train Loss: 1.3075
Val Event P(macro [1, 2, 3]): 0.1050 | R: 0.3950 | F1: 0.1541
Per-class P: [0.91962963 0.         0.09208333 0.22291667]  R: [0.23451077 0.         0.73259669 0.45236753]  F1: [0.37372065 0.         0.16360271 0.29866022]
Val Loss: 1.3164
Epoch [23/100] Train Loss: 1.3032
Val Event P(macro [1, 2, 3]): 0.1095 | R: 0.4378 | F1: 0.1687
Per-class P: [0.96148148 0.02037037 0.09349206 0.21466667]  R: [0.12259161 0.11802575 0.65082873 0.54453213]  F1: [0.21745686 0.03474416 0.16349757 0.30793752]
Val Loss: 1.3099
Epoch [24/100] Train Loss: 1.3039
Val Event P(macro [1, 2, 3]): 0.1094 | R: 0.4091 | F1: 0.1673
Per-class P: [0.92355556 0.02       0.09367521 0.21466667]  R: [0.19625992 0.07725322 0.60552486 0.54453213]  F1: [0.32372644 0.03177405 0.16225019 0.30793752]
Val Loss: 1.3034
Epoch [25/100] Train Loss: 1.3024
Val Event P(macro [1, 2, 3]): 0.1109 | R: 0.4361 | F1: 0.1680
Per-class P: [0.96148148 0.02111111 0.09277778 0.21876543]  R: [0.12259161 0.16309013 0.64585635 0.4994363 ]  F1: [0.21745686 0.03738318 0.16224844 0.30425824]
Val Loss: 1.3078
Epoch [26/100] Train Loss: 1.3021
Val Event P(macro [1, 2, 3]): 0.1084 | R: 0.4383 | F1: 0.1693
Per-class P: [0.96148148 0.02037037 0.0942735  0.21050505]  R: [0.12259161 0.11802575 0.60939227 0.58737317]  F1: [0.21745686 0.03474416 0.16328645 0.30993456]
Val Loss: 1.3120
Early stopping triggered.

	Elapsed time is 61.6129 seconds.

==========================================================================================
Total parameters: 50500
Total memory (bytes): 404000
Total memory (MB): 0.385284423828125
==========================================================================================

LSTM Joint Validation
Accuracy: 21.62% (5838/27000)
Per-Class Accuracy:
  No Thrust: 12.26% (2596/21176)
  Chemical: 11.80% (55/466)
  Electric: 60.94% (1103/1810)
  Impulsive: 58.74% (2084/3548)

Classification Report:
              precision    recall  f1-score   support

   No Thrust     0.9615    0.1226    0.2175     21176
    Chemical     0.0204    0.1180    0.0347       466
    Electric     0.0943    0.6094    0.1633      1810
   Impulsive     0.2105    0.5874    0.3099      3548

    accuracy                         0.2162     27000
   macro avg     0.3217    0.3593    0.1814     27000
weighted avg     0.7884    0.2162    0.2228     27000


Confusion Matrix (rows = true, cols = predicted):
             P_No Thrust  P_Chemical  P_Electric  P_Impulsive
T_No Thrust         2596        2370        9026         7184
T_Chemical            27          55         243          141
T_Electric            44         172        1103          491
T_Impulsive           33         103        1328         2084

LSTM Joint Inference Time	Elapsed time is 0.1689 seconds.

Entering LSTM Stage 1 (Detector) Training Loop
Epoch [1/100] Train Loss: 0.6755
Val Event P(macro [1]): 0.2679 | R: 0.6624 | F1: 0.3815
Per-class P: [0.84396825 0.26791667]  R: [0.50217227 0.66243132]  F1: [0.62967788 0.3815269 ]
Val Loss: 0.6602
Epoch [2/100] Train Loss: 0.6594
Val Event P(macro [1]): 0.2608 | R: 0.8061 | F1: 0.3941
Per-class P: [0.87455556 0.26083333]  R: [0.37169437 0.80614698]  F1: [0.52167285 0.39414036]
Val Loss: 0.6712
Epoch [3/100] Train Loss: 0.6550
Val Event P(macro [1]): 0.2608 | R: 0.8061 | F1: 0.3941
Per-class P: [0.87455556 0.26083333]  R: [0.37169437 0.80614698]  F1: [0.52167285 0.39414036]
Val Loss: 0.6674
Epoch [4/100] Train Loss: 0.6531
Val Event P(macro [1]): 0.2627 | R: 0.7715 | F1: 0.3920
Per-class P: [0.86555556 0.26274854]  R: [0.40465621 0.77146291]  F1: [0.55148668 0.39199093]
Val Loss: 0.6646
Epoch [5/100] Train Loss: 0.6525
Val Event P(macro [1]): 0.2587 | R: 0.8395 | F1: 0.3955
Per-class P: [0.8845679  0.25867725]  R: [0.33835474 0.83945742]  F1: [0.48947944 0.39548617]
Val Loss: 0.6801
Epoch [6/100] Train Loss: 0.6517
Val Event P(macro [1]): 0.2679 | R: 0.6624 | F1: 0.3815
Per-class P: [0.84396825 0.26791667]  R: [0.50217227 0.66243132]  F1: [0.62967788 0.3815269 ]
Val Loss: 0.6586
Epoch [7/100] Train Loss: 0.6525
Val Event P(macro [1]): 0.2627 | R: 0.7715 | F1: 0.3920
Per-class P: [0.86555556 0.26274854]  R: [0.40465621 0.77146291]  F1: [0.55148668 0.39199093]
Val Loss: 0.6670
Epoch [8/100] Train Loss: 0.6516
Val Event P(macro [1]): 0.2693 | R: 0.6241 | F1: 0.3762
Per-class P: [0.83785185 0.26925926]  R: [0.53414243 0.62414148]  F1: [0.65238205 0.3762161 ]
Val Loss: 0.6548
Epoch [9/100] Train Loss: 0.6513
Val Event P(macro [1]): 0.2627 | R: 0.7715 | F1: 0.3920
Per-class P: [0.86555556 0.26274854]  R: [0.40465621 0.77146291]  F1: [0.55148668 0.39199093]
Val Loss: 0.6622
Epoch [10/100] Train Loss: 0.6514
Val Event P(macro [1]): 0.2627 | R: 0.7715 | F1: 0.3920
Per-class P: [0.86555556 0.26274854]  R: [0.40465621 0.77146291]  F1: [0.55148668 0.39199093]
Val Loss: 0.6641
Epoch [11/100] Train Loss: 0.6506
Val Event P(macro [1]): 0.2627 | R: 0.7715 | F1: 0.3920
Per-class P: [0.86555556 0.26274854]  R: [0.40465621 0.77146291]  F1: [0.55148668 0.39199093]
Val Loss: 0.6691
Epoch [12/100] Train Loss: 0.6510
Val Event P(macro [1]): 0.2627 | R: 0.7715 | F1: 0.3920
Per-class P: [0.86555556 0.26274854]  R: [0.40465621 0.77146291]  F1: [0.55148668 0.39199093]
Val Loss: 0.6676
Epoch [13/100] Train Loss: 0.6508
Val Event P(macro [1]): 0.2679 | R: 0.6624 | F1: 0.3815
Per-class P: [0.84396825 0.26791667]  R: [0.50217227 0.66243132]  F1: [0.62967788 0.3815269 ]
Val Loss: 0.6545
Epoch [14/100] Train Loss: 0.6509
Val Event P(macro [1]): 0.2627 | R: 0.7715 | F1: 0.3920
Per-class P: [0.86555556 0.26274854]  R: [0.40465621 0.77146291]  F1: [0.55148668 0.39199093]
Val Loss: 0.6682
Epoch [15/100] Train Loss: 0.6513
Val Event P(macro [1]): 0.2587 | R: 0.8395 | F1: 0.3955
Per-class P: [0.8845679  0.25867725]  R: [0.33835474 0.83945742]  F1: [0.48947944 0.39548617]
Val Loss: 0.6747
Epoch [16/100] Train Loss: 0.6505
Val Event P(macro [1]): 0.2659 | R: 0.6985 | F1: 0.3852
Per-class P: [0.84991453 0.26588235]  R: [0.46958821 0.69848901]  F1: [0.60493977 0.38515433]
Val Loss: 0.6584
Epoch [17/100] Train Loss: 0.6508
Val Event P(macro [1]): 0.2642 | R: 0.7349 | F1: 0.3887
Per-class P: [0.85703704 0.26419753]  R: [0.4370986  0.73489011]  F1: [0.5789342  0.38866691]
Val Loss: 0.6631
Epoch [18/100] Train Loss: 0.6510
Val Event P(macro [1]): 0.2679 | R: 0.6624 | F1: 0.3815
Per-class P: [0.84396825 0.26791667]  R: [0.50217227 0.66243132]  F1: [0.62967788 0.3815269 ]
Val Loss: 0.6554
Epoch [19/100] Train Loss: 0.6498
Val Event P(macro [1]): 0.2659 | R: 0.6985 | F1: 0.3852
Per-class P: [0.84991453 0.26588235]  R: [0.46958821 0.69848901]  F1: [0.60493977 0.38515433]
Val Loss: 0.6583
Epoch [20/100] Train Loss: 0.6500
Val Event P(macro [1]): 0.2627 | R: 0.7715 | F1: 0.3920
Per-class P: [0.86555556 0.26274854]  R: [0.40465621 0.77146291]  F1: [0.55148668 0.39199093]
Val Loss: 0.6667
Epoch [21/100] Train Loss: 0.6494
Val Event P(macro [1]): 0.2608 | R: 0.8061 | F1: 0.3941
Per-class P: [0.87455556 0.26083333]  R: [0.37169437 0.80614698]  F1: [0.52167285 0.39414036]
Val Loss: 0.6780
Epoch [22/100] Train Loss: 0.6496
Val Event P(macro [1]): 0.2627 | R: 0.7715 | F1: 0.3920
Per-class P: [0.86555556 0.26274854]  R: [0.40465621 0.77146291]  F1: [0.55148668 0.39199093]
Val Loss: 0.6703
Epoch [23/100] Train Loss: 0.6499
Val Event P(macro [1]): 0.2627 | R: 0.7715 | F1: 0.3920
Per-class P: [0.86555556 0.26274854]  R: [0.40465621 0.77146291]  F1: [0.55148668 0.39199093]
Val Loss: 0.6689
Early stopping triggered.

	Elapsed time is 54.6923 seconds.

==========================================================================================
Total parameters: 50402
Total memory (bytes): 403216
Total memory (MB): 0.3845367431640625
==========================================================================================

Entering LSTM Stage 2 (Type Classifier) Training Loop
Epoch [1/100] Train Loss: 1.1021
Val Event P(macro [0, 1, 2]): 0.0267 | R: 0.3333 | F1: 0.0494
Per-class P: [0.08001374 0.         0.        ]  R: [1. 0. 0.]  F1: [0.1481717 0.        0.       ]
Val Loss: 1.0997
Epoch [2/100] Train Loss: 1.0997
Val Event P(macro [0, 1, 2]): 0.2031 | R: 0.3333 | F1: 0.2524
Per-class P: [0.        0.        0.6092033]  R: [0. 0. 1.]  F1: [0.         0.         0.75714895]
Val Loss: 1.0980
Epoch [3/100] Train Loss: 1.0993
Val Event P(macro [0, 1, 2]): 0.0267 | R: 0.3333 | F1: 0.0494
Per-class P: [0.08001374 0.         0.        ]  R: [1. 0. 0.]  F1: [0.1481717 0.        0.       ]
Val Loss: 1.0989
Epoch [4/100] Train Loss: 1.0993
Val Event P(macro [0, 1, 2]): 0.2031 | R: 0.3333 | F1: 0.2524
Per-class P: [0.        0.        0.6092033]  R: [0. 0. 1.]  F1: [0.         0.         0.75714895]
Val Loss: 1.0980
Epoch [5/100] Train Loss: 1.0990
Val Event P(macro [0, 1, 2]): 0.2031 | R: 0.3333 | F1: 0.2524
Per-class P: [0.        0.        0.6092033]  R: [0. 0. 1.]  F1: [0.         0.         0.75714895]
Val Loss: 1.0979
Epoch [6/100] Train Loss: 1.0991
Val Event P(macro [0, 1, 2]): 0.5490 | R: 0.3605 | F1: 0.2171
Per-class P: [0.32352941 0.32345013 1.        ]  R: [0.02360515 0.99447514 0.06341601]  F1: [0.044      0.48813559 0.11926849]
Val Loss: 1.0984
Epoch [7/100] Train Loss: 1.0988
Val Event P(macro [0, 1, 2]): 0.4411 | R: 0.3545 | F1: 0.2026
Per-class P: [0.         0.32327201 1.        ]  R: [0.         1.         0.06341601]  F1: [0.         0.48859495 0.11926849]
Val Loss: 1.0981
Epoch [8/100] Train Loss: 1.0968
Val Event P(macro [0, 1, 2]): 0.4722 | R: 0.3877 | F1: 0.3658
Per-class P: [0.24210526 0.53266332 0.64190222]  R: [0.09871245 0.11712707 0.94729425]  F1: [0.1402439  0.19202899 0.76525501]
Val Loss: 1.0864
Epoch [9/100] Train Loss: 1.0716
Val Event P(macro [0, 1, 2]): 0.4612 | R: 0.4237 | F1: 0.4027
Per-class P: [0.17517007 0.53604436 0.67241747]  R: [0.22103004 0.16022099 0.88979707]  F1: [0.19544592 0.24670353 0.76598326]
Val Loss: 1.0592
Epoch [10/100] Train Loss: 1.0556
Val Event P(macro [0, 1, 2]): 0.4502 | R: 0.4347 | F1: 0.3834
Per-class P: [0.14652406 0.34686131 0.85724044]  R: [0.29399142 0.65635359 0.35372041]  F1: [0.19557459 0.45386819 0.50079808]
Val Loss: 1.0586
Epoch [11/100] Train Loss: 1.0429
Val Event P(macro [0, 1, 2]): 0.4400 | R: 0.4529 | F1: 0.4418
Per-class P: [0.15761589 0.41693122 0.74551746]  R: [0.25536481 0.43535912 0.66798196]  F1: [0.19492219 0.42594595 0.70462316]
Val Loss: 1.0248
Epoch [12/100] Train Loss: 1.0416
Val Event P(macro [0, 1, 2]): 0.4119 | R: 0.4317 | F1: 0.3916
Per-class P: [0.12370466 0.34462916 0.76730486]  R: [0.40987124 0.29779006 0.58737317]  F1: [0.19004975 0.31950207 0.66538953]
Val Loss: 1.0301
Epoch [13/100] Train Loss: 1.0350
Val Event P(macro [0, 1, 2]): 0.4321 | R: 0.4481 | F1: 0.4297
Per-class P: [0.14652406 0.39320638 0.75661914]  R: [0.29399142 0.42209945 0.62824126]  F1: [0.19557459 0.40714095 0.68647983]
Val Loss: 1.0226
Epoch [14/100] Train Loss: 1.0289
Val Event P(macro [0, 1, 2]): 0.4492 | R: 0.4575 | F1: 0.4441
Per-class P: [0.17517007 0.40515873 0.76730486]  R: [0.22103004 0.5640884  0.58737317]  F1: [0.19544592 0.47159353 0.66538953]
Val Loss: 1.0162
Epoch [15/100] Train Loss: 1.0303
Val Event P(macro [0, 1, 2]): 0.4153 | R: 0.4326 | F1: 0.4026
Per-class P: [0.12546957 0.36393019 0.75661914]  R: [0.3583691  0.31104972 0.62824126]  F1: [0.18586533 0.33541853 0.68647983]
Val Loss: 1.0209
Epoch [16/100] Train Loss: 1.0254
Val Event P(macro [0, 1, 2]): 0.4179 | R: 0.4302 | F1: 0.3861
Per-class P: [0.11204013 0.37442922 0.76730486]  R: [0.43133047 0.2718232  0.58737317]  F1: [0.17787611 0.31498079 0.66538953]
Val Loss: 1.0334
Epoch [17/100] Train Loss: 1.0301
Val Event P(macro [0, 1, 2]): 0.4442 | R: 0.4503 | F1: 0.4242
Per-class P: [0.15761589 0.37992958 0.79497533]  R: [0.25536481 0.5961326  0.4994363 ]  F1: [0.19492219 0.46408602 0.6134672 ]
Val Loss: 1.0365
Epoch [18/100] Train Loss: 1.0242
Val Event P(macro [0, 1, 2]): 0.4442 | R: 0.4503 | F1: 0.4242
Per-class P: [0.15761589 0.37992958 0.79497533]  R: [0.25536481 0.5961326  0.4994363 ]  F1: [0.19492219 0.46408602 0.6134672 ]
Val Loss: 1.0225
Epoch [19/100] Train Loss: 1.0270
Val Event P(macro [0, 1, 2]): 0.4682 | R: 0.4577 | F1: 0.4412
Per-class P: [0.21404682 0.41043307 0.77997578]  R: [0.13733906 0.69116022 0.54453213]  F1: [0.16732026 0.51502676 0.6413278 ]
Val Loss: 1.0205
Epoch [20/100] Train Loss: 1.0299
Val Event P(macro [0, 1, 2]): 0.4119 | R: 0.4317 | F1: 0.3916
Per-class P: [0.12370466 0.34462916 0.76730486]  R: [0.40987124 0.29779006 0.58737317]  F1: [0.19004975 0.31950207 0.66538953]
Val Loss: 1.0229
Epoch [21/100] Train Loss: 1.0241
Val Event P(macro [0, 1, 2]): 0.4530 | R: 0.4554 | F1: 0.4314
Per-class P: [0.17517007 0.38875956 0.79497533]  R: [0.22103004 0.64585635 0.4994363 ]  F1: [0.19544592 0.48536433 0.6134672 ]
Val Loss: 1.0181
Epoch [22/100] Train Loss: 1.0217
Val Event P(macro [0, 1, 2]): 0.4487 | R: 0.4579 | F1: 0.4483
Per-class P: [0.17517007 0.41441048 0.75661914]  R: [0.22103004 0.52430939 0.62824126]  F1: [0.19544592 0.46292683 0.68647983]
Val Loss: 1.0122
Epoch [23/100] Train Loss: 1.0204
Val Event P(macro [0, 1, 2]): 0.4530 | R: 0.4554 | F1: 0.4314
Per-class P: [0.17517007 0.38875956 0.79497533]  R: [0.22103004 0.64585635 0.4994363 ]  F1: [0.19544592 0.48536433 0.6134672 ]
Val Loss: 1.0240
Epoch [24/100] Train Loss: 1.0236
Val Event P(macro [0, 1, 2]): 0.4530 | R: 0.4554 | F1: 0.4314
Per-class P: [0.17517007 0.38875956 0.79497533]  R: [0.22103004 0.64585635 0.4994363 ]  F1: [0.19544592 0.48536433 0.6134672 ]
Val Loss: 1.0212
Epoch [25/100] Train Loss: 1.0203
Val Event P(macro [0, 1, 2]): 0.4562 | R: 0.4576 | F1: 0.4465
Per-class P: [0.18894009 0.41249065 0.76730486]  R: [0.17596567 0.60939227 0.58737317]  F1: [0.18222222 0.49197145 0.66538953]
Val Loss: 1.0161
Epoch [26/100] Train Loss: 1.0211
Val Event P(macro [0, 1, 2]): 0.4402 | R: 0.4524 | F1: 0.4359
Per-class P: [0.15761589 0.39566511 0.76730486]  R: [0.25536481 0.51436464 0.58737317]  F1: [0.19492219 0.4472736  0.66538953]
Val Loss: 1.0143
Epoch [27/100] Train Loss: 1.0225
Val Event P(macro [0, 1, 2]): 0.4508 | R: 0.4570 | F1: 0.4388
Per-class P: [0.17517007 0.39724538 0.77997578]  R: [0.22103004 0.60552486 0.54453213]  F1: [0.19544592 0.47975487 0.6413278 ]
Val Loss: 1.0158
Epoch [28/100] Train Loss: 1.0203
Val Event P(macro [0, 1, 2]): 0.4419 | R: 0.4519 | F1: 0.4311
Per-class P: [0.15761589 0.38811728 0.77997578]  R: [0.25536481 0.5558011  0.54453213]  F1: [0.19492219 0.45706497 0.6413278 ]
Val Loss: 1.0137
Epoch [29/100] Train Loss: 1.0194
Val Event P(macro [0, 1, 2]): 0.4508 | R: 0.4570 | F1: 0.4388
Per-class P: [0.17517007 0.39724538 0.77997578]  R: [0.22103004 0.60552486 0.54453213]  F1: [0.19544592 0.47975487 0.6413278 ]
Val Loss: 1.0118
Epoch [30/100] Train Loss: 1.0196
Val Event P(macro [0, 1, 2]): 0.4508 | R: 0.4570 | F1: 0.4388
Per-class P: [0.17517007 0.39724538 0.77997578]  R: [0.22103004 0.60552486 0.54453213]  F1: [0.19544592 0.47975487 0.6413278 ]
Val Loss: 1.0115
Epoch [31/100] Train Loss: 1.0168
Val Event P(macro [0, 1, 2]): 0.4562 | R: 0.4576 | F1: 0.4465
Per-class P: [0.18894009 0.41249065 0.76730486]  R: [0.17596567 0.60939227 0.58737317]  F1: [0.18222222 0.49197145 0.66538953]
Val Loss: 1.0107
Epoch [32/100] Train Loss: 1.0216
Val Event P(macro [0, 1, 2]): 0.4508 | R: 0.4570 | F1: 0.4388
Per-class P: [0.17517007 0.39724538 0.77997578]  R: [0.22103004 0.60552486 0.54453213]  F1: [0.19544592 0.47975487 0.6413278 ]
Val Loss: 1.0144
Epoch [33/100] Train Loss: 1.0178
Val Event P(macro [0, 1, 2]): 0.4530 | R: 0.4554 | F1: 0.4314
Per-class P: [0.17517007 0.38875956 0.79497533]  R: [0.22103004 0.64585635 0.4994363 ]  F1: [0.19544592 0.48536433 0.6134672 ]
Val Loss: 1.0185
Epoch [34/100] Train Loss: 1.0171
Val Event P(macro [0, 1, 2]): 0.4487 | R: 0.4579 | F1: 0.4483
Per-class P: [0.17517007 0.41441048 0.75661914]  R: [0.22103004 0.52430939 0.62824126]  F1: [0.19544592 0.46292683 0.68647983]
Val Loss: 1.0173
Epoch [35/100] Train Loss: 1.0186
Val Event P(macro [0, 1, 2]): 0.4508 | R: 0.4570 | F1: 0.4388
Per-class P: [0.17517007 0.39724538 0.77997578]  R: [0.22103004 0.60552486 0.54453213]  F1: [0.19544592 0.47975487 0.6413278 ]
Val Loss: 1.0142
Epoch [36/100] Train Loss: 1.0168
Val Event P(macro [0, 1, 2]): 0.4508 | R: 0.4570 | F1: 0.4388
Per-class P: [0.17517007 0.39724538 0.77997578]  R: [0.22103004 0.60552486 0.54453213]  F1: [0.19544592 0.47975487 0.6413278 ]
Val Loss: 1.0157
Epoch [37/100] Train Loss: 1.0159
Val Event P(macro [0, 1, 2]): 0.4530 | R: 0.4554 | F1: 0.4314
Per-class P: [0.17517007 0.38875956 0.79497533]  R: [0.22103004 0.64585635 0.4994363 ]  F1: [0.19544592 0.48536433 0.6134672 ]
Val Loss: 1.0168
Epoch [38/100] Train Loss: 1.0174
Val Event P(macro [0, 1, 2]): 0.4508 | R: 0.4570 | F1: 0.4388
Per-class P: [0.17517007 0.39724538 0.77997578]  R: [0.22103004 0.60552486 0.54453213]  F1: [0.19544592 0.47975487 0.6413278 ]
Val Loss: 1.0110
Epoch [39/100] Train Loss: 1.0172
Val Event P(macro [0, 1, 2]): 0.4508 | R: 0.4570 | F1: 0.4388
Per-class P: [0.17517007 0.39724538 0.77997578]  R: [0.22103004 0.60552486 0.54453213]  F1: [0.19544592 0.47975487 0.6413278 ]
Val Loss: 1.0138
Epoch [40/100] Train Loss: 1.0163
Val Event P(macro [0, 1, 2]): 0.4508 | R: 0.4570 | F1: 0.4388
Per-class P: [0.17517007 0.39724538 0.77997578]  R: [0.22103004 0.60552486 0.54453213]  F1: [0.19544592 0.47975487 0.6413278 ]
Val Loss: 1.0114
Epoch [41/100] Train Loss: 1.0170
Val Event P(macro [0, 1, 2]): 0.4508 | R: 0.4570 | F1: 0.4388
Per-class P: [0.17517007 0.39724538 0.77997578]  R: [0.22103004 0.60552486 0.54453213]  F1: [0.19544592 0.47975487 0.6413278 ]
Val Loss: 1.0121
Early stopping triggered.

	Elapsed time is 96.6298 seconds.

==========================================================================================
Total parameters: 50451
Total memory (bytes): 403608
Total memory (MB): 0.38491058349609375
==========================================================================================

LSTM Cascade Evaluation

--- Cascade Stage 1 (Detector) Standalone Metrics ---
Accuracy: 48.38% (13062/27000)
Per-Class Accuracy:
  No Thrust: 40.47% (8569/21176)
  Thrust: 77.15% (4493/5824)

Classification Report:
              precision    recall  f1-score   support

   No Thrust     0.8656    0.4047    0.5515     21176
      Thrust     0.2627    0.7715    0.3920      5824

    accuracy                         0.4838     27000
   macro avg     0.5642    0.5881    0.4717     27000
weighted avg     0.7355    0.4838    0.5171     27000


Confusion Matrix (rows = true, cols = predicted):
             P_No Thrust  P_Thrust
T_No Thrust         8569     12607
T_Thrust            1331      4493

--- Cascade End-to-End (Stage1 -> Stage2 combined) Metrics ---
Accuracy: 41.52% (11211/27000)
Per-Class Accuracy:
  No Thrust: 40.47% (8569/21176)
  Chemical: 0.00% (0/466)
  Electric: 39.23% (710/1810)
  Impulsive: 54.45% (1932/3548)

Classification Report:
              precision    recall  f1-score   support

   No Thrust     0.8656    0.4047    0.5515     21176
    Chemical     0.0000    0.0000    0.0000       466
    Electric     0.0877    0.3923    0.1433      1810
   Impulsive     0.2147    0.5445    0.3079      3548

    accuracy                         0.4152     27000
   macro avg     0.2920    0.3354    0.2507     27000
weighted avg     0.7129    0.4152    0.4826     27000


Confusion Matrix (rows = true, cols = predicted):
             P_No Thrust  P_Chemical  P_Electric  P_Impulsive
T_No Thrust         8569           0        6084         6523
T_Chemical           167           0         170          129
T_Electric           684           0         710          416
T_Impulsive          480           0        1136         1932

Stage-2 type accuracy conditioned on correct stage-1 detection: 58.80% (4493 frames)
Stage-1 (detector-only) accuracy: 48.38%

LSTM Cascade Inference Time	Elapsed time is 0.3296 seconds.

================================================================================
Backbone: MAMBA
================================================================================

Entering MAMBA Joint (4-class) Training Loop
Epoch [1/100] Train Loss: 1.3780
Val Event P(macro [1, 2, 3]): 0.0784 | R: 0.3648 | F1: 0.1251
Per-class P: [0.96148148 0.         0.071927   0.16321571]  R: [0.12259161 0.         0.1480663  0.9464487 ]  F1: [0.21745686 0.         0.09682081 0.27841804]
Val Loss: 1.3823
Epoch [2/100] Train Loss: 1.3495
Val Event P(macro [1, 2, 3]): 0.0946 | R: 0.2896 | F1: 0.1331
Per-class P: [0.85703704 0.         0.09222222 0.19145833]  R: [0.4370986  0.         0.09171271 0.7770575 ]  F1: [0.5789342  0.         0.09196676 0.30722086]
Val Loss: 1.3271
Epoch [3/100] Train Loss: 1.3311
Val Event P(macro [1, 2, 3]): 0.1038 | R: 0.3590 | F1: 0.1596
Per-class P: [0.90666667 0.01777778 0.09111111 0.2025641 ]  R: [0.26973933 0.13733906 0.2718232  0.66798196]  F1: [0.41578105 0.03148057 0.13647712 0.31086044]
Val Loss: 1.3210
Epoch [4/100] Train Loss: 1.3227
Val Event P(macro [1, 2, 3]): 0.1065 | R: 0.4207 | F1: 0.1689
Per-class P: [0.94722222 0.02027778 0.1026517  0.19666007]  R: [0.16103136 0.15665236 0.34861878 0.75676437]  F1: [0.27526639 0.03590753 0.15860249 0.31219115]
Val Loss: 1.3219
Epoch [5/100] Train Loss: 1.3201
Val Event P(macro [1, 2, 3]): 0.1112 | R: 0.3980 | F1: 0.1638
Per-class P: [0.93355556 0.02027778 0.09051282 0.22291667]  R: [0.19838496 0.15665236 0.58508287 0.45236753]  F1: [0.32723166 0.03590753 0.15677276 0.29866022]
Val Loss: 1.3269
Epoch [6/100] Train Loss: 1.3185
Val Event P(macro [1, 2, 3]): 0.1046 | R: 0.3812 | F1: 0.1617
Per-class P: [0.91962963 0.01977921 0.10639845 0.1875817 ]  R: [0.23451077 0.09227468 0.24254144 0.80890643]  F1: [0.37372065 0.03257576 0.14791105 0.3045416 ]
Val Loss: 1.3281
Epoch [7/100] Train Loss: 1.3156
Val Event P(macro [1, 2, 3]): 0.1080 | R: 0.4017 | F1: 0.1691
Per-class P: [0.91962963 0.02333333 0.09947961 0.20133473]  R: [0.23451077 0.04506438 0.45414365 0.70574972]  F1: [0.37372065 0.03074671 0.16320858 0.31329371]
Val Loss: 1.3115
Epoch [8/100] Train Loss: 1.3121
Val Event P(macro [1, 2, 3]): 0.1080 | R: 0.4121 | F1: 0.1691
Per-class P: [0.93355556 0.02166667 0.09585859 0.20638889]  R: [0.19838496 0.08369099 0.52430939 0.62824126]  F1: [0.32723166 0.03442189 0.16208369 0.31070532]
Val Loss: 1.3104
Epoch [9/100] Train Loss: 1.3127
Val Event P(macro [1, 2, 3]): 0.1087 | R: 0.3997 | F1: 0.1681
Per-class P: [0.91962963 0.02333333 0.09590702 0.20675613]  R: [0.23451077 0.04506438 0.52430939 0.62965051]  F1: [0.37372065 0.03074671 0.16215293 0.31129381]
Val Loss: 1.3088
Epoch [10/100] Train Loss: 1.3101
Val Event P(macro [1, 2, 3]): 0.1093 | R: 0.4114 | F1: 0.1702
Per-class P: [0.93355556 0.02037037 0.09519321 0.21246708]  R: [0.19838496 0.11802575 0.50220994 0.61386697]  F1: [0.32723166 0.03474416 0.1600493  0.31567505]
Val Loss: 1.3097
Epoch [11/100] Train Loss: 1.3049
Val Event P(macro [1, 2, 3]): 0.1100 | R: 0.4187 | F1: 0.1702
Per-class P: [0.93203463 0.02051282 0.09623278 0.213124  ]  R: [0.20334341 0.03433476 0.58287293 0.63895152]  F1: [0.33385021 0.02568218 0.1651922  0.31963342]
Val Loss: 1.3137
Epoch [12/100] Train Loss: 1.2883
Val Event P(macro [1, 2, 3]): 0.1258 | R: 0.4427 | F1: 0.1907
Per-class P: [0.93228376 0.02190202 0.09740082 0.25797519]  R: [0.23210238 0.08154506 0.59005525 0.65642616]  F1: [0.37167272 0.03452976 0.16720157 0.37038804]
Val Loss: 1.2710
Epoch [13/100] Train Loss: 1.2631
Val Event P(macro [1, 2, 3]): 0.1336 | R: 0.4363 | F1: 0.2019
Per-class P: [0.92317597 0.02025886 0.09969308 0.28094532]  R: [0.30473177 0.07725322 0.48453039 0.74718151]  F1: [0.45821203 0.03209987 0.1653625  0.40834874]
Val Loss: 1.2531
Epoch [14/100] Train Loss: 1.2563
Val Event P(macro [1, 2, 3]): 0.1407 | R: 0.4298 | F1: 0.2070
Per-class P: [0.92055085 0.02010531 0.09823183 0.30389167]  R: [0.32829618 0.09012876 0.49723757 0.70208568]  F1: [0.48398775 0.03287671 0.16405396 0.4241805 ]
Val Loss: 1.2396
Epoch [15/100] Train Loss: 1.2560
Val Event P(macro [1, 2, 3]): 0.1442 | R: 0.4377 | F1: 0.2113
Per-class P: [0.92093325 0.02266667 0.09914194 0.31065089]  R: [0.33552134 0.07296137 0.52983425 0.7102593 ]  F1: [0.49184867 0.034588   0.16702952 0.432247  ]
Val Loss: 1.2405
Epoch [16/100] Train Loss: 1.2469
Val Event P(macro [1, 2, 3]): 0.1523 | R: 0.4327 | F1: 0.2145
Per-class P: [0.91238375 0.02364865 0.09823219 0.33491243]  R: [0.35209671 0.04506438 0.59558011 0.65755355]  F1: [0.50810958 0.0310192  0.16864831 0.44378923]
Val Loss: 1.2303
Epoch [17/100] Train Loss: 1.2440
Val Event P(macro [1, 2, 3]): 0.1372 | R: 0.4206 | F1: 0.2017
Per-class P: [0.91172627 0.02141328 0.09954651 0.29057851]  R: [0.36239139 0.02145923 0.49723757 0.74323563]  F1: [0.51863616 0.02143623 0.16588333 0.41780876]
Val Loss: 1.2380
Epoch [18/100] Train Loss: 1.2456
Val Event P(macro [1, 2, 3]): 0.1940 | R: 0.3275 | F1: 0.2013
Per-class P: [0.85551636 0.01818182 0.09616274 0.46770208]  R: [0.50387231 0.03433476 0.57458564 0.37344983]  F1: [0.63421303 0.02377415 0.16475248 0.41529541]
Val Loss: 1.2477
Epoch [19/100] Train Loss: 1.2412
Val Event P(macro [1, 2, 3]): 0.1468 | R: 0.4816 | F1: 0.2159
Per-class P: [0.94252874 0.02238176 0.09839498 0.31955222]  R: [0.2362108  0.11373391 0.62320442 0.70800451]  F1: [0.37775177 0.03740296 0.16995631 0.44035411]
Val Loss: 1.2467
Epoch [20/100] Train Loss: 1.2400
Val Event P(macro [1, 2, 3]): 0.1160 | R: 0.4385 | F1: 0.1826
Per-class P: [0.93740902 0.0206924  0.10886123 0.218468  ]  R: [0.21288251 0.11158798 0.32375691 0.88021421]  F1: [0.34696941 0.03491104 0.16293619 0.35005324]
Val Loss: 1.2957
Epoch [21/100] Train Loss: 1.2396
Val Event P(macro [1, 2, 3]): 0.1477 | R: 0.4416 | F1: 0.2148
Per-class P: [0.92194724 0.01949769 0.09982984 0.32363869]  R: [0.32017378 0.12660944 0.48618785 0.71195039]  F1: [0.47528917 0.03379152 0.16564706 0.44499251]
Val Loss: 1.2288
Epoch [22/100] Train Loss: 1.2340
Val Event P(macro [1, 2, 3]): 0.1335 | R: 0.4081 | F1: 0.1998
Per-class P: [0.90756954 0.02108037 0.10101152 0.27851485]  R: [0.38671137 0.03433476 0.39723757 0.79284104]  F1: [0.54233584 0.02612245 0.16106631 0.41222157]
Val Loss: 1.2362
Epoch [23/100] Train Loss: 1.2391
Val Event P(macro [1, 2, 3]): 0.1603 | R: 0.4028 | F1: 0.2176
Per-class P: [0.90168509 0.01708075 0.09847068 0.36523762]  R: [0.3967227  0.0944206  0.49447514 0.61950395]  F1: [0.55101171 0.02892834 0.16423525 0.45954422]
Val Loss: 1.2166
Epoch [24/100] Train Loss: 1.2338
Val Event P(macro [1, 2, 3]): 0.1635 | R: 0.4522 | F1: 0.2214
Per-class P: [0.9273743  0.01950235 0.09687574 0.37407725]  R: [0.30572346 0.06223176 0.6801105  0.61414882]  F1: [0.45985013 0.0296979  0.16959427 0.46495252]
Val Loss: 1.2350
Epoch [25/100] Train Loss: 1.2289
Val Event P(macro [1, 2, 3]): 0.1460 | R: 0.4548 | F1: 0.2158
Per-class P: [0.92924923 0.02193686 0.10015649 0.31587112]  R: [0.31445977 0.08798283 0.53038674 0.74605411]  F1: [0.46990332 0.03511777 0.16849495 0.44382964]
Val Loss: 1.2259
Epoch [26/100] Train Loss: 1.2282
Val Event P(macro [1, 2, 3]): 0.1576 | R: 0.4814 | F1: 0.2247
Per-class P: [0.9253911  0.02170681 0.09998162 0.35110983]  R: [0.25420287 0.15665236 0.60110497 0.68658399]  F1: [0.39884414 0.03813006 0.17144658 0.46461949]
Val Loss: 1.2176
Epoch [27/100] Train Loss: 1.2256
Val Event P(macro [1, 2, 3]): 0.1634 | R: 0.4248 | F1: 0.2139
Per-class P: [0.9069874  0.         0.09541896 0.39472207]  R: [0.37391386 0.         0.6801105  0.59441939]  F1: [0.52952585 0.         0.16735776 0.47441233]
Val Loss: 1.2254
Epoch [28/100] Train Loss: 1.2239
Val Event P(macro [1, 2, 3]): 0.1638 | R: 0.4412 | F1: 0.2264
Per-class P: [0.91752195 0.02044728 0.10052966 0.3703295 ]  R: [0.35039668 0.13733906 0.52430939 0.66206313]  F1: [0.50712504 0.03559511 0.16871111 0.47497725]
Val Loss: 1.2050
Epoch [29/100] Train Loss: 1.2202
Val Event P(macro [1, 2, 3]): 0.1446 | R: 0.4829 | F1: 0.2165
Per-class P: [0.94418514 0.01973237 0.10202899 0.31199003]  R: [0.22926898 0.18669528 0.48618785 0.7759301 ]  F1: [0.36894901 0.03569231 0.16866315 0.44503718]
Val Loss: 1.2184
Epoch [30/100] Train Loss: 1.2148
Val Event P(macro [1, 2, 3]): 0.1711 | R: 0.4270 | F1: 0.2266
Per-class P: [0.90668539 0.02100162 0.09797386 0.39433665]  R: [0.39643937 0.027897   0.61712707 0.63585118]  F1: [0.55166749 0.02396313 0.16910151 0.4867839 ]
Val Loss: 1.2019
Epoch [31/100] Train Loss: 1.2131
Val Event P(macro [1, 2, 3]): 0.1928 | R: 0.4446 | F1: 0.2312
Per-class P: [0.89634503 0.0199928  0.09805403 0.46046743]  R: [0.28952588 0.23819742 0.57348066 0.52198422]  F1: [0.43767847 0.03688933 0.16747338 0.48929987]
Val Loss: 1.2162
Epoch [32/100] Train Loss: 1.2085
Val Event P(macro [1, 2, 3]): 0.1531 | R: 0.4441 | F1: 0.2233
Per-class P: [0.92451474 0.02141247 0.10059774 0.33743388]  R: [0.36437476 0.1223176  0.43701657 0.77311161]  F1: [0.52272881 0.03644501 0.16354802 0.46981245]
Val Loss: 1.2003
Epoch [33/100] Train Loss: 1.2110
Val Event P(macro [1, 2, 3]): 0.1896 | R: 0.4456 | F1: 0.2368
Per-class P: [0.90447232 0.02050406 0.09707784 0.45130798]  R: [0.33712694 0.10300429 0.65524862 0.57863585]  F1: [0.49117617 0.03420021 0.16910245 0.5071014 ]
Val Loss: 1.1981
Epoch [34/100] Train Loss: 1.2061
Val Event P(macro [1, 2, 3]): 0.1565 | R: 0.4963 | F1: 0.2287
Per-class P: [0.94221741 0.02112285 0.10129973 0.34720617]  R: [0.24641103 0.16309013 0.5640884  0.76183766]  F1: [0.39065658 0.03740157 0.1717554  0.47701403]
Val Loss: 1.1990
Epoch [35/100] Train Loss: 1.2018
Val Event P(macro [1, 2, 3]): 0.1484 | R: 0.4573 | F1: 0.2202
Per-class P: [0.91337706 0.02469136 0.10264752 0.3177814 ]  R: [0.34855497 0.04291845 0.50552486 0.82356257]  F1: [0.50456301 0.03134796 0.17064528 0.45860472]
Val Loss: 1.2084
Epoch [36/100] Train Loss: 1.1941
Val Event P(macro [1, 2, 3]): 0.2157 | R: 0.4095 | F1: 0.2442
Per-class P: [0.89258495 0.         0.09725892 0.5498927 ]  R: [0.47010767 0.         0.65082873 0.5777903 ]  F1: [0.61585573 0.         0.16922856 0.56349643]
Val Loss: 1.1861
Epoch [37/100] Train Loss: 1.1931
Val Event P(macro [1, 2, 3]): 0.1357 | R: 0.5018 | F1: 0.2112
Per-class P: [0.95393968 0.02067297 0.10732381 0.27908771]  R: [0.19267095 0.20171674 0.38618785 0.91741826]  F1: [0.32059089 0.03750249 0.16796828 0.42797975]
Val Loss: 1.2262
Epoch [38/100] Train Loss: 1.1802
Val Event P(macro [1, 2, 3]): 0.1519 | R: 0.5162 | F1: 0.2297
Per-class P: [0.94281989 0.02401656 0.10417495 0.32754478]  R: [0.2390442  0.12446352 0.57900552 0.84526494]  F1: [0.38139009 0.0402638  0.17657961 0.47213476]
Val Loss: 1.1987
Epoch [39/100] Train Loss: 1.1802
Val Event P(macro [1, 2, 3]): 0.2256 | R: 0.4426 | F1: 0.2758
Per-class P: [0.91214594 0.02004662 0.09751958 0.5592233 ]  R: [0.44862108 0.18454936 0.41270718 0.73055242]  F1: [0.60143712 0.03616484 0.15776135 0.63350849]
Val Loss: 1.1578
Epoch [40/100] Train Loss: 1.1330
Val Event P(macro [1, 2, 3]): 0.2899 | R: 0.4639 | F1: 0.2937
Per-class P: [0.91456888 0.01777778 0.09753593 0.75434569]  R: [0.43577635 0.00858369 0.73480663 0.64825254]  F1: [0.59028977 0.01157742 0.17221287 0.69728665]
Val Loss: 1.1266
Epoch [41/100] Train Loss: 1.1047
Val Event P(macro [1, 2, 3]): 0.2108 | R: 0.5533 | F1: 0.2906
Per-class P: [0.93199508 0.02369668 0.10202676 0.50678457]  R: [0.32229883 0.15021459 0.57292818 0.93686584]  F1: [0.47896417 0.04093567 0.17320862 0.65776195]
Val Loss: 1.0466
Epoch [42/100] Train Loss: 1.0910
Val Event P(macro [1, 2, 3]): 0.3044 | R: 0.5072 | F1: 0.3401
Per-class P: [0.9195488  0.0222036  0.10315271 0.7877409 ]  R: [0.46581035 0.11373391 0.57845304 0.8294814 ]  F1: [0.61837445 0.03715387 0.17508361 0.80807249]
Val Loss: 1.0063
Epoch [43/100] Train Loss: 1.0610
Val Event P(macro [1, 2, 3]): 0.3406 | R: 0.4911 | F1: 0.3406
Per-class P: [0.91583274 0.02077922 0.10082205 0.90016584]  R: [0.48403853 0.01716738 0.69116022 0.76493799]  F1: [0.63334157 0.01880141 0.17597412 0.8270608 ]
Val Loss: 1.0282
Epoch [44/100] Train Loss: 1.0633
Val Event P(macro [1, 2, 3]): 0.3626 | R: 0.4867 | F1: 0.3276
Per-class P: [0.91814947 0.02533784 0.09778226 0.96461668]  R: [0.41424254 0.06437768 0.75027624 0.64543405]  F1: [0.57090791 0.03636364 0.17301567 0.77338737]
Val Loss: 1.0967
Epoch [45/100] Train Loss: 1.0460
Val Event P(macro [1, 2, 3]): 0.3447 | R: 0.4942 | F1: 0.3317
Per-class P: [0.9159753  0.02439024 0.09883678 0.91097818]  R: [0.44838496 0.00643777 0.74640884 0.72970688]  F1: [0.6020544  0.01018676 0.17455908 0.81032864]
Val Loss: 1.0594
Epoch [46/100] Train Loss: 1.0446
Val Event P(macro [1, 2, 3]): 0.3015 | R: 0.5154 | F1: 0.3470
Per-class P: [0.92215251 0.02311248 0.10351846 0.77777778]  R: [0.49282206 0.06437768 0.59005525 0.89177001]  F1: [0.64235374 0.03401361 0.1761359  0.83088235]
Val Loss: 0.9578
Epoch [47/100] Train Loss: 1.0711
Val Event P(macro [1, 2, 3]): 0.1685 | R: 0.5856 | F1: 0.2546
Per-class P: [0.96661238 0.02140192 0.10969044 0.37455679]  R: [0.16816207 0.23390558 0.54033149 0.98252537]  F1: [0.28648431 0.03921569 0.18236062 0.54235706]
Val Loss: 1.1044
Epoch [48/100] Train Loss: 1.0553
Val Event P(macro [1, 2, 3]): 0.2878 | R: 0.5743 | F1: 0.3414
Per-class P: [0.94207974 0.02286136 0.10564212 0.73496762]  R: [0.33027956 0.33261803 0.49447514 0.8957159 ]  F1: [0.48909091 0.04278222 0.17409064 0.8074187 ]
Val Loss: 0.9837
Epoch [49/100] Train Loss: 1.0218
Val Event P(macro [1, 2, 3]): 0.3412 | R: 0.5371 | F1: 0.3541
Per-class P: [0.9242851  0.02371712 0.10252033 0.89742775]  R: [0.40295618 0.11802575 0.69668508 0.79650507]  F1: [0.56123389 0.03949731 0.17873848 0.84395998]
Val Loss: 1.0085
Epoch [50/100] Train Loss: 1.0552
Val Event P(macro [1, 2, 3]): 0.3528 | R: 0.4806 | F1: 0.3386
Per-class P: [0.91811939 0.01715686 0.10072173 0.9406657 ]  R: [0.49244428 0.01502146 0.69392265 0.73280722]  F1: [0.64105244 0.01601831 0.17591036 0.82382763]
Val Loss: 1.0362
Epoch [51/100] Train Loss: 1.0711
Val Event P(macro [1, 2, 3]): 0.3087 | R: 0.5134 | F1: 0.3456
Per-class P: [0.92410794 0.02092676 0.10340524 0.80166363]  R: [0.49164148 0.03004292 0.64088398 0.8692221 ]  F1: [0.64182233 0.0246696  0.17807799 0.83407708]
Val Loss: 0.9962
Epoch [52/100] Train Loss: 1.0451
Val Event P(macro [1, 2, 3]): 0.2839 | R: 0.5223 | F1: 0.3348
Per-class P: [0.92766893 0.02678571 0.10408127 0.72096189]  R: [0.47846619 0.02575107 0.64530387 0.8957159 ]  F1: [0.63131659 0.02625821 0.17925107 0.79889392]
Val Loss: 0.9769
Epoch [53/100] Train Loss: 1.0001
Val Event P(macro [1, 2, 3]): 0.2112 | R: 0.5831 | F1: 0.2947
Per-class P: [0.95342778 0.02256661 0.10454239 0.50645919]  R: [0.27649226 0.17811159 0.59889503 0.9723788 ]  F1: [0.42867079 0.04005792 0.17801133 0.66602317]
Val Loss: 1.0187
Epoch [54/100] Train Loss: 0.9783
Val Event P(macro [1, 2, 3]): 0.3192 | R: 0.5740 | F1: 0.3589
Per-class P: [0.93791546 0.021634   0.10461212 0.83121693]  R: [0.35313563 0.18240343 0.65414365 0.88556933]  F1: [0.51308793 0.03868032 0.18037782 0.85753275]
Val Loss: 0.9643
Epoch [55/100] Train Loss: 0.9824
Val Event P(macro [1, 2, 3]): 0.3440 | R: 0.5008 | F1: 0.3395
Per-class P: [0.92240964 0.01609195 0.10007536 0.91575342]  R: [0.45192671 0.01502146 0.73370166 0.75366404]  F1: [0.60663687 0.01553829 0.17612732 0.82683983]
Val Loss: 1.0342
Epoch [56/100] Train Loss: 0.9923
Val Event P(macro [1, 2, 3]): 0.2882 | R: 0.5510 | F1: 0.3463
Per-class P: [0.93133839 0.02515372 0.10349854 0.73598392]  R: [0.42916509 0.09656652 0.62762431 0.92869222]  F1: [0.58757354 0.03991131 0.17769435 0.8211838 ]
Val Loss: 0.9531
Epoch [57/100] Train Loss: 0.9858
Val Event P(macro [1, 2, 3]): 0.2225 | R: 0.5747 | F1: 0.3037
Per-class P: [0.94863309 0.02308917 0.1031698  0.54124843]  R: [0.31134303 0.18669528 0.56464088 0.97266065]  F1: [0.46881889 0.04109589 0.17446227 0.69548569]
Val Loss: 0.9938
Epoch [58/100] Train Loss: 0.9902
Val Event P(macro [1, 2, 3]): 0.3050 | R: 0.5670 | F1: 0.3550
Per-class P: [0.93418994 0.0251004  0.10495129 0.7848625 ]  R: [0.39483377 0.21459227 0.57734807 0.9089628 ]  F1: [0.55506871 0.04494382 0.17761537 0.84236646]
Val Loss: 0.9477
Epoch [59/100] Train Loss: 0.9805
Val Event P(macro [1, 2, 3]): 0.3300 | R: 0.5401 | F1: 0.3651
Per-class P: [0.92562843 0.02511592 0.10550143 0.85936222]  R: [0.46255195 0.13948498 0.59226519 0.88866967]  F1: [0.61685245 0.04256713 0.17909949 0.87377026]
Val Loss: 0.9517
Epoch [60/100] Train Loss: 0.9889
Val Event P(macro [1, 2, 3]): 0.3056 | R: 0.5725 | F1: 0.3544
Per-class P: [0.93724792 0.02366505 0.10452154 0.78847574]  R: [0.37311107 0.16738197 0.64751381 0.90248027]  F1: [0.53374316 0.0414673  0.17998925 0.84163491]
Val Loss: 0.9541
Epoch [61/100] Train Loss: 0.9746
Val Event P(macro [1, 2, 3]): 0.3237 | R: 0.5682 | F1: 0.3573
Per-class P: [0.93818182 0.0210728  0.10175987 0.84820937]  R: [0.35332452 0.11802575 0.71878453 0.86781285]  F1: [0.51332716 0.03576073 0.17828023 0.85789914]
Val Loss: 0.9751
Epoch [62/100] Train Loss: 0.9821
Val Event P(macro [1, 2, 3]): 0.2575 | R: 0.5821 | F1: 0.3280
Per-class P: [0.94753178 0.02151879 0.10409616 0.64680122]  R: [0.30274839 0.29613734 0.49281768 0.95744081]  F1: [0.45887911 0.04012211 0.17188554 0.77204545]
Val Loss: 0.9602
Epoch [63/100] Train Loss: 0.9710
Val Event P(macro [1, 2, 3]): 0.3674 | R: 0.4714 | F1: 0.3336
Per-class P: [0.90440228 0.02266446 0.10072907 0.97875   ]  R: [0.46373253 0.08798283 0.6640884  0.66206313]  F1: [0.61309858 0.03604396 0.17492542 0.78984533]
Val Loss: 1.0725
Epoch [64/100] Train Loss: 0.9780
Val Event P(macro [1, 2, 3]): 0.2124 | R: 0.5550 | F1: 0.2949
Per-class P: [0.94300254 0.02291886 0.10635797 0.50782736]  R: [0.35001889 0.18669528 0.5        0.97829763]  F1: [0.51053864 0.0408259  0.17540459 0.66859289]
Val Loss: 0.9986
Epoch [65/100] Train Loss: 0.9893
Val Event P(macro [1, 2, 3]): 0.3236 | R: 0.5408 | F1: 0.3588
Per-class P: [0.92732127 0.02602389 0.10345779 0.84137367]  R: [0.44285984 0.13090129 0.62154696 0.87006764]  F1: [0.59944389 0.04341637 0.17738884 0.85548012]
Val Loss: 0.9609
Epoch [66/100] Train Loss: 0.9562
Val Event P(macro [1, 2, 3]): 0.2914 | R: 0.5729 | F1: 0.3500
Per-class P: [0.93765729 0.0247882  0.10531265 0.74413886]  R: [0.38708916 0.1695279  0.61878453 0.93038331]  F1: [0.54796444 0.04325212 0.17999196 0.82690381]
Val Loss: 0.9410
Epoch [67/100] Train Loss: 0.9619
Val Event P(macro [1, 2, 3]): 0.3060 | R: 0.5724 | F1: 0.3563
Per-class P: [0.93809469 0.02457695 0.1041328  0.78943525]  R: [0.38642803 0.13090129 0.67237569 0.91403608]  F1: [0.54737617 0.04138399 0.18033637 0.84717868]
Val Loss: 0.9478
Epoch [68/100] Train Loss: 0.9583
Val Event P(macro [1, 2, 3]): 0.2877 | R: 0.5650 | F1: 0.3478
Per-class P: [0.93624634 0.02612482 0.10496764 0.73210725]  R: [0.40777295 0.15450644 0.60939227 0.93122886]  F1: [0.56811079 0.04469274 0.17908751 0.81974941]
Val Loss: 0.9430
Epoch [69/100] Train Loss: 0.9675
Val Event P(macro [1, 2, 3]): 0.3655 | R: 0.4897 | F1: 0.3468
Per-class P: [0.91392126 0.02436647 0.10211761 0.96988181]  R: [0.47029656 0.10729614 0.64475138 0.71702368]  F1: [0.6210208  0.03971406 0.17631062 0.8245017 ]
Val Loss: 1.0359
Epoch [70/100] Train Loss: 0.9581
Val Event P(macro [1, 2, 3]): 0.3309 | R: 0.5661 | F1: 0.3631
Per-class P: [0.93653735 0.02399796 0.1041111  0.86461538]  R: [0.3818946  0.20171674 0.62541436 0.87119504]  F1: [0.54255141 0.042893   0.17850666 0.86789274]
Val Loss: 0.9617
Epoch [71/100] Train Loss: 0.9589
Val Event P(macro [1, 2, 3]): 0.3437 | R: 0.5154 | F1: 0.3623
Per-class P: [0.91949974 0.02700782 0.10362173 0.90045386]  R: [0.49301096 0.08154506 0.62596685 0.83878241]  F1: [0.64186904 0.04057662 0.17780917 0.86852473]
Val Loss: 0.9659
Epoch [72/100] Train Loss: 0.9535
Val Event P(macro [1, 2, 3]): 0.2535 | R: 0.5851 | F1: 0.3270
Per-class P: [0.95035055 0.02243297 0.10417809 0.63394343]  R: [0.31365697 0.2639485  0.52486188 0.96645998]  F1: [0.47164921 0.04135149 0.17384939 0.76565814]
Val Loss: 0.9630
Epoch [73/100] Train Loss: 0.9467
Val Event P(macro [1, 2, 3]): 0.3397 | R: 0.5599 | F1: 0.3650
Per-class P: [0.93280458 0.02554745 0.10366005 0.88993249]  R: [0.39988666 0.13519313 0.69005525 0.85456595]  F1: [0.55979375 0.04297408 0.18024388 0.87189073]
Val Loss: 0.9670
Epoch [74/100] Train Loss: 0.9518
Val Event P(macro [1, 2, 3]): 0.2637 | R: 0.5765 | F1: 0.3337
Per-class P: [0.94453738 0.02244069 0.10469927 0.66406402]  R: [0.34661881 0.22532189 0.54530387 0.95885006]  F1: [0.50713373 0.04081633 0.17566966 0.78468458]
Val Loss: 0.9531
Epoch [75/100] Train Loss: 0.9501
Val Event P(macro [1, 2, 3]): 0.3418 | R: 0.5420 | F1: 0.3638
Per-class P: [0.92726358 0.02507096 0.10399241 0.89638698]  R: [0.43525689 0.11373391 0.66629834 0.84611048]  F1: [0.59242833 0.04108527 0.17990602 0.87052342]
Val Loss: 0.9652
Epoch [76/100] Train Loss: 0.9439
Val Event P(macro [1, 2, 3]): 0.2897 | R: 0.5723 | F1: 0.3497
Per-class P: [0.9378174  0.02561034 0.10505713 0.73852295]  R: [0.39242539 0.22961373 0.54861878 0.93855693]  F1: [0.55331757 0.04608096 0.17634523 0.8266104 ]
Val Loss: 0.9356
Epoch [77/100] Train Loss: 0.9452
Val Event P(macro [1, 2, 3]): 0.3594 | R: 0.5093 | F1: 0.3582
Per-class P: [0.9186475  0.02487562 0.10342984 0.94984541]  R: [0.47086324 0.10729614 0.64143646 0.77931229]  F1: [0.62260381 0.04038772 0.17813579 0.85616969]
Val Loss: 0.9981
Epoch [78/100] Train Loss: 0.9418
Val Event P(macro [1, 2, 3]): 0.3550 | R: 0.5391 | F1: 0.3645
Per-class P: [0.92688679 0.02471042 0.1039253  0.93628719]  R: [0.42685115 0.13733906 0.6640884  0.81595265]  F1: [0.58451888 0.04188482 0.17972488 0.87198795]
Val Loss: 0.9846
Epoch [79/100] Train Loss: 0.9495
Val Event P(macro [1, 2, 3]): 0.3318 | R: 0.5703 | F1: 0.3654
Per-class P: [0.93565776 0.02473087 0.10458911 0.86611111]  R: [0.38524745 0.18240343 0.64972376 0.87880496]  F1: [0.54577689 0.04355624 0.18017466 0.87241186]
Val Loss: 0.9521
Epoch [80/100] Train Loss: 0.9439
Val Event P(macro [1, 2, 3]): 0.3470 | R: 0.5307 | F1: 0.3646
Per-class P: [0.92481633 0.02506266 0.10374845 0.91212492]  R: [0.45773517 0.10729614 0.64530387 0.83962796]  F1: [0.61237641 0.04063389 0.17875727 0.87437628]
Val Loss: 0.9668
Epoch [81/100] Train Loss: 0.9488
Val Event P(macro [1, 2, 3]): 0.3146 | R: 0.5629 | F1: 0.3599
Per-class P: [0.93421768 0.02458564 0.10431127 0.81487102]  R: [0.40574235 0.19098712 0.58950276 0.90811725]  F1: [0.56576565 0.04356339 0.17725725 0.85897094]
Val Loss: 0.9377
Epoch [82/100] Train Loss: 0.9483
Val Event P(macro [1, 2, 3]): 0.2659 | R: 0.5824 | F1: 0.3363
Per-class P: [0.94474085 0.02412605 0.1047619  0.66882734]  R: [0.35119947 0.21030043 0.57734807 0.9596956 ]  F1: [0.51204902 0.04328622 0.17734408 0.78828568]
Val Loss: 0.9496
Epoch [83/100] Train Loss: 0.9388
Val Event P(macro [1, 2, 3]): 0.2515 | R: 0.5816 | F1: 0.3263
Per-class P: [0.94821143 0.02339319 0.1043771  0.62666667]  R: [0.33547412 0.21244635 0.56519337 0.96702368]  F1: [0.49560486 0.04214559 0.17621221 0.76050094]
Val Loss: 0.9609
Epoch [84/100] Train Loss: 0.9380
Val Event P(macro [1, 2, 3]): 0.2910 | R: 0.5739 | F1: 0.3508
Per-class P: [0.93769117 0.0259887  0.10436582 0.74275524]  R: [0.39086702 0.19742489 0.58508287 0.93912063]  F1: [0.55174483 0.0459311  0.17713473 0.82947473]
Val Loss: 0.9355
Epoch [85/100] Train Loss: 0.9369
Val Event P(macro [1, 2, 3]): 0.2800 | R: 0.5758 | F1: 0.3442
Per-class P: [0.94081146 0.02434825 0.1046689  0.71098878]  R: [0.37230827 0.21244635 0.56850829 0.9464487 ]  F1: [0.53349574 0.04368932 0.17678894 0.81199371]
Val Loss: 0.9399
Epoch [86/100] Train Loss: 0.9353
Val Event P(macro [1, 2, 3]): 0.2950 | R: 0.5819 | F1: 0.3526
Per-class P: [0.94163753 0.02526981 0.1043883  0.75547945]  R: [0.36876653 0.20600858 0.60718232 0.93263811]  F1: [0.52998066 0.04501758 0.17814881 0.83476287]
Val Loss: 0.9353
Epoch [87/100] Train Loss: 0.9374
Val Event P(macro [1, 2, 3]): 0.2985 | R: 0.5767 | F1: 0.3540
Per-class P: [0.93902297 0.02541068 0.10418705 0.76585366]  R: [0.38033623 0.21244635 0.58839779 0.92925592]  F1: [0.54139078 0.04539202 0.17702793 0.8396791 ]
Val Loss: 0.9336
Epoch [88/100] Train Loss: 0.9369
Val Event P(macro [1, 2, 3]): 0.3089 | R: 0.5709 | F1: 0.3582
Per-class P: [0.93603339 0.02508961 0.10444615 0.79720108]  R: [0.39181148 0.19527897 0.60220994 0.91516347]  F1: [0.5523968  0.04446616 0.17801731 0.85211914]
Val Loss: 0.9348
Epoch [89/100] Train Loss: 0.9386
Val Event P(macro [1, 2, 3]): 0.3362 | R: 0.5516 | F1: 0.3653
Per-class P: [0.92909761 0.02713178 0.10378543 0.87764437]  R: [0.42883453 0.15021459 0.63922652 0.86527621]  F1: [0.58681745 0.04596192 0.17857694 0.87141641]
Val Loss: 0.9533
Epoch [90/100] Train Loss: 0.9376
Val Event P(macro [1, 2, 3]): 0.2790 | R: 0.5805 | F1: 0.3437
Per-class P: [0.9431592  0.02378617 0.10465575 0.70847386]  R: [0.35809407 0.20815451 0.58618785 0.94729425]  F1: [0.51909912 0.04269366 0.17760295 0.81066088]
Val Loss: 0.9403
Epoch [91/100] Train Loss: 0.9380
Val Event P(macro [1, 2, 3]): 0.2915 | R: 0.5854 | F1: 0.3510
Per-class P: [0.94261887 0.02496065 0.10429936 0.74524715]  R: [0.35762184 0.23819742 0.57900552 0.93912063]  F1: [0.51852105 0.04518624 0.17675831 0.83102631]
Val Loss: 0.9369
Epoch [92/100] Train Loss: 0.9361
Val Event P(macro [1, 2, 3]): 0.2903 | R: 0.5800 | F1: 0.3504
Per-class P: [0.94085446 0.02508361 0.10503481 0.74088889]  R: [0.37334719 0.22532189 0.57513812 0.93968433]  F1: [0.53456844 0.04514187 0.1776299  0.82852883]
Val Loss: 0.9335
Epoch [93/100] Train Loss: 0.9360
Val Event P(macro [1, 2, 3]): 0.3271 | R: 0.5667 | F1: 0.3643
Per-class P: [0.93579942 0.02398362 0.10436208 0.85294118]  R: [0.39303929 0.17596567 0.63314917 0.89092446]  F1: [0.55357499 0.04221364 0.17918849 0.87151916]
Val Loss: 0.9422
Epoch [94/100] Train Loss: 0.9347
Val Event P(macro [1, 2, 3]): 0.3240 | R: 0.5669 | F1: 0.3631
Per-class P: [0.93590031 0.02415747 0.10451566 0.84340879]  R: [0.39370042 0.17381974 0.63425414 0.89261556]  F1: [0.55424811 0.04241948 0.17945912 0.8673148 ]
Val Loss: 0.9412
Epoch [95/100] Train Loss: 0.9327
Val Event P(macro [1, 2, 3]): 0.2905 | R: 0.5847 | F1: 0.3508
Per-class P: [0.94332679 0.02504214 0.10483476 0.74166296]  R: [0.36314696 0.22317597 0.59060773 0.94024803]  F1: [0.52441353 0.04503139 0.1780628  0.82923192]
Val Loss: 0.9358
Epoch [96/100] Train Loss: 0.9342
Val Event P(macro [1, 2, 3]): 0.3085 | R: 0.5777 | F1: 0.3580
Per-class P: [0.93958854 0.02425373 0.10472031 0.79641894]  R: [0.37311107 0.19527897 0.62265193 0.91516347]  F1: [0.53412202 0.04314841 0.17928731 0.85167213]
Val Loss: 0.9358
Epoch [97/100] Train Loss: 0.9360
Val Event P(macro [1, 2, 3]): 0.3029 | R: 0.5822 | F1: 0.3561
Per-class P: [0.94197245 0.02437147 0.10479574 0.77962875]  R: [0.36489422 0.20386266 0.61933702 0.92333709]  F1: [0.52602199 0.04353804 0.17925961 0.84541935]
Val Loss: 0.9353
Epoch [98/100] Train Loss: 0.9337
Val Event P(macro [1, 2, 3]): 0.3316 | R: 0.5665 | F1: 0.3658
Per-class P: [0.93458255 0.02502261 0.1046817  0.86495443]  R: [0.39804496 0.17811159 0.63867403 0.88275085]  F1: [0.55830436 0.04388052 0.17988018 0.87376203]
Val Loss: 0.9459
Epoch [99/100] Train Loss: 0.9344
Val Event P(macro [1, 2, 3]): 0.3287 | R: 0.5597 | F1: 0.3645
Per-class P: [0.93254565 0.02490009 0.10393832 0.8572596 ]  R: [0.40999244 0.17381974 0.61823204 0.88697858]  F1: [0.56957292 0.0435601  0.17795802 0.87186591]
Val Loss: 0.9427
Epoch [100/100] Train Loss: 0.9313
Val Event P(macro [1, 2, 3]): 0.3230 | R: 0.5630 | F1: 0.3626
Per-class P: [0.9342993  0.02370627 0.10418804 0.84122784]  R: [0.39889498 0.17596567 0.61712707 0.89599775]  F1: [0.55908925 0.04178344 0.17827787 0.86774942]
Val Loss: 0.9393

	Elapsed time is 196.7113 seconds.

==========================================================================================
Total parameters: 8524
Total memory (bytes): 68192
Total memory (MB): 0.065032958984375
==========================================================================================

MAMBA Joint Validation
Accuracy: 47.50% (12825/27000)
Per-Class Accuracy:
  No Thrust: 39.89% (8447/21176)
  Chemical: 17.60% (82/466)
  Electric: 61.71% (1117/1810)
  Impulsive: 89.60% (3179/3548)

Classification Report:
              precision    recall  f1-score   support

   No Thrust     0.9343    0.3989    0.5591     21176
    Chemical     0.0237    0.1760    0.0418       466
    Electric     0.1042    0.6171    0.1783      1810
   Impulsive     0.8412    0.8960    0.8677      3548

    accuracy                         0.4750     27000
   macro avg     0.4759    0.5220    0.4117     27000
weighted avg     0.8507    0.4750    0.5652     27000


Confusion Matrix (rows = true, cols = predicted):
             P_No Thrust  P_Chemical  P_Electric  P_Impulsive
T_No Thrust         8447        2937        9239          553
T_Chemical           134          82         238           12
T_Electric           381         277        1117           35
T_Impulsive           79         163         127         3179

MAMBA Joint Inference Time	Elapsed time is 0.1629 seconds.

Entering MAMBA Stage 1 (Detector) Training Loop
Epoch [1/100] Train Loss: 0.6720
Val Event P(macro [1]): 0.2810 | R: 0.3317 | F1: 0.3043
Per-class P: [0.80659909 0.28097731]  R: [0.76652815 0.33173077]  F1: [0.78605327 0.30425197]
Val Loss: 0.6511
Epoch [2/100] Train Loss: 0.6515
Val Event P(macro [1]): 0.2587 | R: 0.8395 | F1: 0.3955
Per-class P: [0.8845679  0.25867725]  R: [0.33835474 0.83945742]  F1: [0.48947944 0.39548617]
Val Loss: 0.6926
Epoch [3/100] Train Loss: 0.6518
Val Event P(macro [1]): 0.2639 | R: 0.7912 | F1: 0.3958
Per-class P: [0.87253669 0.26391753]  R: [0.39308651 0.79120879]  F1: [0.54199766 0.39580828]
Val Loss: 0.6669
Epoch [4/100] Train Loss: 0.6503
Val Event P(macro [1]): 0.2680 | R: 0.7131 | F1: 0.3896
Per-class P: [0.85477142 0.26803924]  R: [0.46444088 0.71308379]  F1: [0.60186035 0.38962379]
Val Loss: 0.6624
Epoch [5/100] Train Loss: 0.6497
Val Event P(macro [1]): 0.2608 | R: 0.8061 | F1: 0.3941
Per-class P: [0.87455556 0.26083333]  R: [0.37169437 0.80614698]  F1: [0.52167285 0.39414036]
Val Loss: 0.6756
Epoch [6/100] Train Loss: 0.6496
Val Event P(macro [1]): 0.2677 | R: 0.7196 | F1: 0.3903
Per-class P: [0.85608531 0.2677442 ]  R: [0.45872686 0.71960852]  F1: [0.59736187 0.39027797]
Val Loss: 0.6600
Epoch [7/100] Train Loss: 0.6498
Val Event P(macro [1]): 0.2672 | R: 0.7131 | F1: 0.3888
Per-class P: [0.85417576 0.26722862]  R: [0.46222138 0.71308379]  F1: [0.59984679 0.38876667]
Val Loss: 0.6602
Epoch [8/100] Train Loss: 0.6495
Val Event P(macro [1]): 0.2627 | R: 0.7715 | F1: 0.3920
Per-class P: [0.86555556 0.26274854]  R: [0.40465621 0.77146291]  F1: [0.55148668 0.39199093]
Val Loss: 0.6664
Epoch [9/100] Train Loss: 0.6478
Val Event P(macro [1]): 0.2610 | R: 0.8068 | F1: 0.3944
Per-class P: [0.87493052 0.26098306]  R: [0.37164715 0.80683379]  F1: [0.52169302 0.39439339]
Val Loss: 0.6704
Epoch [10/100] Train Loss: 0.6448
Val Event P(macro [1]): 0.5165 | R: 0.3645 | F1: 0.4274
Per-class P: [0.83831367 0.51654501]  R: [0.90616736 0.3645261 ]  F1: [0.87092089 0.42742098]
Val Loss: 0.6364
Epoch [11/100] Train Loss: 0.6312
Val Event P(macro [1]): 0.3648 | R: 0.6940 | F1: 0.4782
Per-class P: [0.88806533 0.36480144]  R: [0.66764261 0.69402473]  F1: [0.76223852 0.47823   ]
Val Loss: 0.6170
Epoch [12/100] Train Loss: 0.6119
Val Event P(macro [1]): 0.2758 | R: 0.8535 | F1: 0.4169
Per-class P: [0.90496881 0.27579893]  R: [0.38359464 0.85353709]  F1: [0.5388034  0.41689031]
Val Loss: 0.6744
Epoch [13/100] Train Loss: 0.6032
Val Event P(macro [1]): 0.4166 | R: 0.5881 | F1: 0.4877
Per-class P: [0.87225092 0.41661598]  R: [0.77351719 0.58808379]  F1: [0.81992241 0.48771805]
Val Loss: 0.6004
Epoch [14/100] Train Loss: 0.6041
Val Event P(macro [1]): 0.3854 | R: 0.6588 | F1: 0.4863
Per-class P: [0.88342622 0.38543446]  R: [0.71108802 0.65882555]  F1: [0.7879438  0.48634261]
Val Loss: 0.6067
Epoch [15/100] Train Loss: 0.6031
Val Event P(macro [1]): 0.3419 | R: 0.7299 | F1: 0.4657
Per-class P: [0.89200879 0.34188515]  R: [0.61357197 0.72991071]  F1: [0.72704381 0.46565889]
Val Loss: 0.6205
Epoch [16/100] Train Loss: 0.5928
Val Event P(macro [1]): 0.3768 | R: 0.6877 | F1: 0.4868
Per-class P: [0.8888821  0.37676388]  R: [0.68714583 0.6876717 ]  F1: [0.77510254 0.48681172]
Val Loss: 0.6073
Epoch [17/100] Train Loss: 0.5965
Val Event P(macro [1]): 0.4444 | R: 0.5781 | F1: 0.5025
Per-class P: [0.873507   0.44442978]  R: [0.80123725 0.578125  ]  F1: [0.83581281 0.50253731]
Val Loss: 0.5942
Epoch [18/100] Train Loss: 0.5948
Val Event P(macro [1]): 0.4007 | R: 0.6526 | F1: 0.4965
Per-class P: [0.88449241 0.40069576]  R: [0.7315357  0.65264423]  F1: [0.80077539 0.49653821]
Val Loss: 0.5997
Epoch [19/100] Train Loss: 0.5912
Val Event P(macro [1]): 0.4482 | R: 0.5867 | F1: 0.5082
Per-class P: [0.87578056 0.44824872]  R: [0.80137892 0.58671016]  F1: [0.83692945 0.50821745]
Val Loss: 0.5933
Epoch [20/100] Train Loss: 0.5904
Val Event P(macro [1]): 0.3195 | R: 0.7814 | F1: 0.4535
Per-class P: [0.90018818 0.31945809]  R: [0.54217038 0.7814217 ]  F1: [0.67674624 0.45351271]
Val Loss: 0.6346
Epoch [21/100] Train Loss: 0.5900
Val Event P(macro [1]): 0.5963 | R: 0.4435 | F1: 0.5087
Per-class P: [0.85702312 0.59626039]  R: [0.9174065  0.44350962]  F1: [0.88618739 0.50866483]
Val Loss: 0.5911
Epoch [22/100] Train Loss: 0.5858
Val Event P(macro [1]): 0.2867 | R: 0.8415 | F1: 0.4277
Per-class P: [0.90681474 0.28669202]  R: [0.42415943 0.84151786]  F1: [0.57797368 0.42768009]
Val Loss: 0.6643
Epoch [23/100] Train Loss: 0.5860
Val Event P(macro [1]): 0.4812 | R: 0.5879 | F1: 0.5293
Per-class P: [0.87930601 0.48123682]  R: [0.8256989  0.58791209]  F1: [0.85165973 0.52925265]
Val Loss: 0.5849
Epoch [24/100] Train Loss: 0.5867
Val Event P(macro [1]): 0.2783 | R: 0.8614 | F1: 0.4207
Per-class P: [0.9100535  0.27828933]  R: [0.38557801 0.86143544]  F1: [0.54166114 0.42067751]
Val Loss: 0.6777
Epoch [25/100] Train Loss: 0.5857
Val Event P(macro [1]): 0.3583 | R: 0.7392 | F1: 0.4826
Per-class P: [0.8986252 0.3582723]  R: [0.63586135 0.73918269]  F1: [0.74474558 0.48262332]
Val Loss: 0.6054
Epoch [26/100] Train Loss: 0.5754
Val Event P(macro [1]): 0.3772 | R: 0.7102 | F1: 0.4927
Per-class P: [0.89473684 0.37723459]  R: [0.6775595  0.71016484]  F1: [0.77114909 0.4927329 ]
Val Loss: 0.5956
Epoch [27/100] Train Loss: 0.5769
Val Event P(macro [1]): 0.6180 | R: 0.4967 | F1: 0.5508
Per-class P: [0.86867691 0.61803034]  R: [0.91556479 0.49673764]  F1: [0.89150477 0.55078534]
Val Loss: 0.5777
Epoch [28/100] Train Loss: 0.5773
Val Event P(macro [1]): 0.2927 | R: 0.8391 | F1: 0.4341
Per-class P: [0.90908209 0.29273991]  R: [0.44243483 0.83911401]  F1: [0.59519726 0.43405276]
Val Loss: 0.6462
Epoch [29/100] Train Loss: 0.5698
Val Event P(macro [1]): 0.6080 | R: 0.5563 | F1: 0.5810
Per-class P: [0.88076231 0.607994  ]  R: [0.90135059 0.55631868]  F1: [0.89093752 0.58100959]
Val Loss: 0.5630
Epoch [30/100] Train Loss: 0.5736
Val Event P(macro [1]): 0.3700 | R: 0.7194 | F1: 0.4887
Per-class P: [0.89575758 0.36997792]  R: [0.66306196 0.71943681]  F1: [0.76204174 0.48865823]
Val Loss: 0.5898
Epoch [31/100] Train Loss: 0.5637
Val Event P(macro [1]): 0.6603 | R: 0.5446 | F1: 0.5969
Per-class P: [0.88051901 0.6602831 ]  R: [0.92293162 0.54464286]  F1: [0.9012266  0.59691381]
Val Loss: 0.5585
Epoch [32/100] Train Loss: 0.5688
Val Event P(macro [1]): 0.7900 | R: 0.4560 | F1: 0.5783
Per-class P: [0.86597851 0.79000595]  R: [0.96666037 0.45604396]  F1: [0.9135538  0.57827128]
Val Loss: 0.5700
Epoch [33/100] Train Loss: 0.5648
Val Event P(macro [1]): 0.8316 | R: 0.4196 | F1: 0.5578
Per-class P: [0.85952371 0.83157537]  R: [0.97662448 0.41964286]  F1: [0.91434003 0.55779984]
Val Loss: 0.5783
Epoch [34/100] Train Loss: 0.5604
Val Event P(macro [1]): 0.5651 | R: 0.6271 | F1: 0.5944
Per-class P: [0.89423966 0.56506266]  R: [0.86725538 0.62706044]  F1: [0.88054084 0.59444942]
Val Loss: 0.5548
Epoch [35/100] Train Loss: 0.5555
Val Event P(macro [1]): 0.8829 | R: 0.3858 | F1: 0.5370
Per-class P: [0.85373134 0.88290766]  R: [0.98592747 0.38581731]  F1: [0.91507966 0.53698172]
Val Loss: 0.5971
Epoch [36/100] Train Loss: 0.5497
Val Event P(macro [1]): 0.4879 | R: 0.6652 | F1: 0.5629
Per-class P: [0.8976915  0.48790932]  R: [0.80799018 0.66517857]  F1: [0.85048216 0.56291776]
Val Loss: 0.5492
Epoch [37/100] Train Loss: 0.5531
Val Event P(macro [1]): 0.3697 | R: 0.7421 | F1: 0.4935
Per-class P: [0.90189419 0.36971771]  R: [0.65205893 0.74210165]  F1: [0.75689305 0.49354802]
Val Loss: 0.5762
Epoch [38/100] Train Loss: 0.5410
Val Event P(macro [1]): 0.4167 | R: 0.7146 | F1: 0.5265
Per-class P: [0.90231    0.41674176]  R: [0.72492444 0.71462912]  F1: [0.80394878 0.52646891]
Val Loss: 0.5581
Epoch [39/100] Train Loss: 0.5494
Val Event P(macro [1]): 0.3175 | R: 0.8029 | F1: 0.4551
Per-class P: [0.90646134 0.31751205]  R: [0.5253589  0.80288462]  F1: [0.66519178 0.45506301]
Val Loss: 0.6031
Epoch [40/100] Train Loss: 0.5475
Val Event P(macro [1]): 0.6408 | R: 0.6049 | F1: 0.6223
Per-class P: [0.8929867  0.64077846]  R: [0.90673404 0.60491071]  F1: [0.89980786 0.62232821]
Val Loss: 0.5443
Epoch [41/100] Train Loss: 0.5432
Val Event P(macro [1]): 0.5169 | R: 0.6583 | F1: 0.5791
Per-class P: [0.89838125 0.51692059]  R: [0.83079902 0.65831044]  F1: [0.86326946 0.57911034]
Val Loss: 0.5441
Epoch [42/100] Train Loss: 0.5488
Val Event P(macro [1]): 0.6943 | R: 0.5903 | F1: 0.6381
Per-class P: [0.89178157 0.69426494]  R: [0.92850397 0.59031593]  F1: [0.90977235 0.63808463]
Val Loss: 0.5369
Epoch [43/100] Train Loss: 0.5379
Val Event P(macro [1]): 0.6614 | R: 0.6053 | F1: 0.6321
Per-class P: [0.89390863 0.66135084]  R: [0.91476199 0.60525412]  F1: [0.9042151  0.63206025]
Val Loss: 0.5369
Epoch [44/100] Train Loss: 0.5605
Val Event P(macro [1]): 0.3176 | R: 0.8029 | F1: 0.4552
Per-class P: [0.90650704 0.31764146]  R: [0.52564224 0.80288462]  F1: [0.66543118 0.45519591]
Val Loss: 0.6034
Epoch [45/100] Train Loss: 0.5465
Val Event P(macro [1]): 0.6716 | R: 0.5975 | F1: 0.6324
Per-class P: [0.89256577 0.67155538]  R: [0.91962599 0.59752747]  F1: [0.90589385 0.63238234]
Val Loss: 0.5384
Epoch [46/100] Train Loss: 0.5418
Val Event P(macro [1]): 0.4652 | R: 0.6769 | F1: 0.5514
Per-class P: [0.89841304 0.46518763]  R: [0.78598413 0.6768544 ]  F1: [0.83844643 0.55140579]
Val Loss: 0.5525
Epoch [47/100] Train Loss: 0.5394
Val Event P(macro [1]): 0.3248 | R: 0.7946 | F1: 0.4612
Per-class P: [0.90621814 0.32484032]  R: [0.54575935 0.79464286]  F1: [0.68124613 0.46116287]
Val Loss: 0.5977
Epoch [48/100] Train Loss: 0.5395
Val Event P(macro [1]): 0.7409 | R: 0.5738 | F1: 0.6467
Per-class P: [0.88963493 0.74085569]  R: [0.944796   0.57383242]  F1: [0.91638612 0.6467344 ]
Val Loss: 0.5385
Epoch [49/100] Train Loss: 0.5289
Val Event P(macro [1]): 0.4702 | R: 0.6818 | F1: 0.5566
Per-class P: [0.90013473 0.47021906]  R: [0.78872308 0.68183379]  F1: [0.84075407 0.55659121]
Val Loss: 0.5418
Epoch [50/100] Train Loss: 0.5340
Val Event P(macro [1]): 0.3634 | R: 0.7600 | F1: 0.4917
Per-class P: [0.90566802 0.36338259]  R: [0.63383075 0.75995879]  F1: [0.74574953 0.49166852]
Val Loss: 0.5695
Epoch [51/100] Train Loss: 0.5303
Val Event P(macro [1]): 0.6423 | R: 0.6162 | F1: 0.6290
Per-class P: [0.89561928 0.64226915]  R: [0.90560068 0.61624313]  F1: [0.90058232 0.62898703]
Val Loss: 0.5330
Epoch [52/100] Train Loss: 0.5299
Val Event P(macro [1]): 0.4919 | R: 0.6727 | F1: 0.5683
Per-class P: [0.89986866 0.49190207]  R: [0.80888742 0.67273352]  F1: [0.85195593 0.56827906]
Val Loss: 0.5399
Epoch [53/100] Train Loss: 0.5309
Val Event P(macro [1]): 0.5071 | R: 0.6650 | F1: 0.5754
Per-class P: [0.89923562 0.50706991]  R: [0.82220438 0.66500687]  F1: [0.8589965  0.57539741]
Val Loss: 0.5395
Epoch [54/100] Train Loss: 0.5268
Val Event P(macro [1]): 0.3406 | R: 0.7768 | F1: 0.4735
Per-class P: [0.90522018 0.34056007]  R: [0.58632414 0.77678571]  F1: [0.71168176 0.47351894]
Val Loss: 0.5836
Epoch [55/100] Train Loss: 0.5301
Val Event P(macro [1]): 0.3582 | R: 0.7632 | F1: 0.4876
Per-class P: [0.90548321 0.35817889]  R: [0.62386664 0.76322115]  F1: [0.7387463  0.48755073]
Val Loss: 0.5724
Epoch [56/100] Train Loss: 0.5270
Val Event P(macro [1]): 0.5870 | R: 0.6360 | F1: 0.6105
Per-class P: [0.89753504 0.58700475]  R: [0.87693615 0.63598901]  F1: [0.88711604 0.61051591]
Val Loss: 0.5318
Epoch [57/100] Train Loss: 0.5274
Val Event P(macro [1]): 0.4746 | R: 0.6830 | F1: 0.5600
Per-class P: [0.90084864 0.4745884 ]  R: [0.79202871 0.68303571]  F1: [0.84294115 0.56004505]
Val Loss: 0.5398
Epoch [58/100] Train Loss: 0.5299
Val Event P(macro [1]): 0.5121 | R: 0.6631 | F1: 0.5779
Per-class P: [0.89917262 0.51213367]  R: [0.82626558 0.66311813]  F1: [0.86117879 0.57792742]
Val Loss: 0.5369
Epoch [59/100] Train Loss: 0.5302
Val Event P(macro [1]): 0.5476 | R: 0.6494 | F1: 0.5941
Per-class P: [0.89837257 0.54756045]  R: [0.85242728 0.64938187]  F1: [0.87479706 0.59414029]
Val Loss: 0.5323
Epoch [60/100] Train Loss: 0.5299
Val Event P(macro [1]): 0.3184 | R: 0.8068 | F1: 0.4566
Per-class P: [0.90808824 0.31836043]  R: [0.52488666 0.80683379]  F1: [0.66525018 0.45656821]
Val Loss: 0.6024
Epoch [61/100] Train Loss: 0.5288
Val Event P(macro [1]): 0.4688 | R: 0.6861 | F1: 0.5570
Per-class P: [0.90106084 0.46879399]  R: [0.78617303 0.68612637]  F1: [0.83970544 0.55701143]
Val Loss: 0.5415
Epoch [62/100] Train Loss: 0.5289
Val Event P(macro [1]): 0.7194 | R: 0.5898 | F1: 0.6482
Per-class P: [0.89250844 0.71937173]  R: [0.93672082 0.58980082]  F1: [0.91408032 0.64817436]
Val Loss: 0.5331
Epoch [63/100] Train Loss: 0.5238
Val Event P(macro [1]): 0.5270 | R: 0.6568 | F1: 0.5848
Per-class P: [0.89874379 0.52700468]  R: [0.83788251 0.65676511]  F1: [0.86724669 0.58477297]
Val Loss: 0.5332
Epoch [64/100] Train Loss: 0.5236
Val Event P(macro [1]): 0.6754 | R: 0.6056 | F1: 0.6386
Per-class P: [0.89452659 0.67541172]  R: [0.91995655 0.60559753]  F1: [0.90706337 0.63860221]
Val Loss: 0.5302
Epoch [65/100] Train Loss: 0.5271
Val Event P(macro [1]): 0.4940 | R: 0.6757 | F1: 0.5707
Per-class P: [0.90075654 0.49397439]  R: [0.80964299 0.67565247]  F1: [0.85277294 0.57070341]
Val Loss: 0.5382
Epoch [66/100] Train Loss: 0.5245
Val Event P(macro [1]): 0.3400 | R: 0.7797 | F1: 0.4735
Per-class P: [0.90597288 0.34002246]  R: [0.58377408 0.77970467]  F1: [0.7100313  0.47353877]
Val Loss: 0.5845
Epoch [67/100] Train Loss: 0.5212
Val Event P(macro [1]): 0.3259 | R: 0.7981 | F1: 0.4628
Per-class P: [0.90767781 0.325901  ]  R: [0.54599547 0.79807692]  F1: [0.68184231 0.46280992]
Val Loss: 0.5961
Epoch [68/100] Train Loss: 0.5219
Val Event P(macro [1]): 0.4208 | R: 0.7153 | F1: 0.5299
Per-class P: [0.90303527 0.42076558]  R: [0.72917454 0.71531593]  F1: [0.8068452  0.52985692]
Val Loss: 0.5502
Epoch [69/100] Train Loss: 0.5224
Val Event P(macro [1]): 0.4151 | R: 0.7227 | F1: 0.5273
Per-class P: [0.90421115 0.41508876]  R: [0.71991878 0.72269918]  F1: [0.801609   0.52731145]
Val Loss: 0.5510
Epoch [70/100] Train Loss: 0.5216
Val Event P(macro [1]): 0.5062 | R: 0.6678 | F1: 0.5759
Per-class P: [0.89983435 0.50624837]  R: [0.82088213 0.66775412]  F1: [0.85854695 0.5758922 ]
Val Loss: 0.5342
Epoch [71/100] Train Loss: 0.5188
Val Event P(macro [1]): 0.5029 | R: 0.6698 | F1: 0.5745
Per-class P: [0.90006756 0.50290061]  R: [0.81790706 0.66981456]  F1: [0.85702269 0.57447905]
Val Loss: 0.5342
Epoch [72/100] Train Loss: 0.5209
Val Event P(macro [1]): 0.4742 | R: 0.6863 | F1: 0.5609
Per-class P: [0.90162081 0.47419623]  R: [0.79070646 0.68629808]  F1: [0.842529   0.56086438]
Val Loss: 0.5383
Epoch [73/100] Train Loss: 0.5192
Val Event P(macro [1]): 0.4740 | R: 0.6861 | F1: 0.5607
Per-class P: [0.90156166 0.47402135]  R: [0.79061201 0.68612637]  F1: [0.84244955 0.56068472]
Val Loss: 0.5380
Epoch [74/100] Train Loss: 0.5224
Val Event P(macro [1]): 0.5682 | R: 0.6420 | F1: 0.6028
Per-class P: [0.89788922 0.56815074]  R: [0.86579146 0.64199863]  F1: [0.88154826 0.60282144]
Val Loss: 0.5298
Epoch [75/100] Train Loss: 0.5203
Val Event P(macro [1]): 0.5622 | R: 0.6444 | F1: 0.6005
Per-class P: [0.89810578 0.56224719]  R: [0.8620136  0.64440247]  F1: [0.87968965 0.60052804]
Val Loss: 0.5295
Epoch [76/100] Train Loss: 0.5194
Val Event P(macro [1]): 0.5162 | R: 0.6631 | F1: 0.5805
Per-class P: [0.89948256 0.51624114]  R: [0.82909898 0.66311813]  F1: [0.86285784 0.58053363]
Val Loss: 0.5328
Epoch [77/100] Train Loss: 0.5200
Val Event P(macro [1]): 0.5701 | R: 0.6415 | F1: 0.6037
Per-class P: [0.89788233 0.57012056]  R: [0.86697204 0.64148352]  F1: [0.8821565  0.60370041]
Val Loss: 0.5294
Epoch [78/100] Train Loss: 0.5197
Val Event P(macro [1]): 0.5398 | R: 0.6509 | F1: 0.5902
Per-class P: [0.89823297 0.53979781]  R: [0.84737439 0.6509272 ]  F1: [0.87206279 0.59017669]
Val Loss: 0.5311
Epoch [79/100] Train Loss: 0.5189
Val Event P(macro [1]): 0.4044 | R: 0.7279 | F1: 0.5199
Per-class P: [0.90403826 0.40436898]  R: [0.70513789 0.72785027]  F1: [0.79229565 0.51989943]
Val Loss: 0.5534
Epoch [80/100] Train Loss: 0.5205
Val Event P(macro [1]): 0.4520 | R: 0.7014 | F1: 0.5497
Per-class P: [0.9031845  0.45198053]  R: [0.76610314 0.70140797]  F1: [0.82901528 0.54972413]
Val Loss: 0.5422
Epoch [81/100] Train Loss: 0.5212
Val Event P(macro [1]): 0.4536 | R: 0.7004 | F1: 0.5506
Per-class P: [0.90309862 0.45362544]  R: [0.76799207 0.70037775]  F1: [0.83008371 0.55062095]
Val Loss: 0.5417
Epoch [82/100] Train Loss: 0.5196
Val Event P(macro [1]): 0.4235 | R: 0.7175 | F1: 0.5327
Per-class P: [0.90398646 0.42353299]  R: [0.73139403 0.71754808]  F1: [0.80858284 0.53266204]
Val Loss: 0.5478
Epoch [83/100] Train Loss: 0.5204
Val Event P(macro [1]): 0.6377 | R: 0.6193 | F1: 0.6284
Per-class P: [0.89613006 0.63772984]  R: [0.90323952 0.61933379]  F1: [0.89967074 0.62839721]
Val Loss: 0.5279
Epoch [84/100] Train Loss: 0.5194
Val Event P(macro [1]): 0.3621 | R: 0.7656 | F1: 0.4916
Per-class P: [0.90704801 0.36207877]  R: [0.62901398 0.765625  ]  F1: [0.7428683  0.49164783]
Val Loss: 0.5720
Epoch [85/100] Train Loss: 0.5214
Val Event P(macro [1]): 0.4874 | R: 0.6811 | F1: 0.5682
Per-class P: [0.90154287 0.48740632]  R: [0.80298451 0.68114698]  F1: [0.84941429 0.568216  ]
Val Loss: 0.5359
Epoch [86/100] Train Loss: 0.5188
Val Event P(macro [1]): 0.4322 | R: 0.7114 | F1: 0.5377
Per-class P: [0.90347402 0.43223787]  R: [0.74301096 0.71136676]  F1: [0.81542329 0.53773769]
Val Loss: 0.5465
Epoch [87/100] Train Loss: 0.5201
Val Event P(macro [1]): 0.4474 | R: 0.7047 | F1: 0.5473
Per-class P: [0.90351714 0.44739998]  R: [0.76062524 0.70467033]  F1: [0.82593647 0.54730946]
Val Loss: 0.5432
Epoch [88/100] Train Loss: 0.5185
Val Event P(macro [1]): 0.5782 | R: 0.6394 | F1: 0.6073
Per-class P: [0.89785495 0.57817109]  R: [0.87169437 0.63942308]  F1: [0.88458129 0.60725642]
Val Loss: 0.5287
Epoch [89/100] Train Loss: 0.5190
Val Event P(macro [1]): 0.4746 | R: 0.6865 | F1: 0.5612
Per-class P: [0.90170112 0.47459639]  R: [0.7909898  0.68646978]  F1: [0.84272489 0.56120157]
Val Loss: 0.5372
Epoch [90/100] Train Loss: 0.5189
Val Event P(macro [1]): 0.5839 | R: 0.6374 | F1: 0.6095
Per-class P: [0.89768929 0.58392323]  R: [0.87509445 0.63736264]  F1: [0.88624788 0.60947377]
Val Loss: 0.5283
Epoch [91/100] Train Loss: 0.5179
Val Event P(macro [1]): 0.4619 | R: 0.6959 | F1: 0.5552
Per-class P: [0.90282579 0.46188034]  R: [0.77701171 0.69591346]  F1: [0.83520723 0.55524351]
Val Loss: 0.5399
Epoch [92/100] Train Loss: 0.5176
Val Event P(macro [1]): 0.4587 | R: 0.6980 | F1: 0.5536
Per-class P: [0.90302128 0.45870007]  R: [0.77346997 0.6979739 ]  F1: [0.83324007 0.55358845]
Val Loss: 0.5403
Epoch [93/100] Train Loss: 0.5176
Val Event P(macro [1]): 0.5288 | R: 0.6575 | F1: 0.5861
Per-class P: [0.89903335 0.52879437]  R: [0.8388742  0.65745192]  F1: [0.86791254 0.58614619]
Val Loss: 0.5309
Early stopping triggered.

	Elapsed time is 180.0414 seconds.

==========================================================================================
Total parameters: 8394
Total memory (bytes): 67152
Total memory (MB): 0.0640411376953125
==========================================================================================

Entering MAMBA Stage 2 (Type Classifier) Training Loop
Epoch [1/100] Train Loss: 1.1006
Val Event P(macro [0, 1, 2]): 0.1312 | R: 0.3323 | F1: 0.1881
Per-class P: [0.13368984 0.25988941 0.        ]  R: [0.32188841 0.67513812 0.        ]  F1: [0.18891688 0.37530713 0.        ]
Val Loss: 1.0985
Epoch [2/100] Train Loss: 1.0971
Val Event P(macro [0, 1, 2]): 0.2872 | R: 0.3608 | F1: 0.3001
Per-class P: [0.24210526 0.         0.61945332]  R: [0.09871245 0.         0.98365276]  F1: [0.1402439  0.         0.76018297]
Val Loss: 1.0903
Epoch [3/100] Train Loss: 1.0791
Val Event P(macro [0, 1, 2]): 0.2852 | R: 0.4308 | F1: 0.2972
Per-class P: [0.1100189  0.         0.74551746]  R: [0.62446352 0.         0.66798196]  F1: [0.18707811 0.         0.70462316]
Val Loss: 1.0458
Epoch [4/100] Train Loss: 1.0440
Val Event P(macro [0, 1, 2]): 0.4327 | R: 0.4469 | F1: 0.4302
Per-class P: [0.14652406 0.41773866 0.73388042]  R: [0.29399142 0.34088398 0.70574972]  F1: [0.19557459 0.37541831 0.71954023]
Val Loss: 1.0300
Epoch [5/100] Train Loss: 1.0403
Val Event P(macro [0, 1, 2]): 0.4221 | R: 0.4381 | F1: 0.4150
Per-class P: [0.13286094 0.37678674 0.75661914]  R: [0.32188841 0.3640884  0.62824126]  F1: [0.18808777 0.37032874 0.68647983]
Val Loss: 1.0372
Epoch [6/100] Train Loss: 1.0364
Val Event P(macro [0, 1, 2]): 0.4487 | R: 0.4579 | F1: 0.4483
Per-class P: [0.17517007 0.41441048 0.75661914]  R: [0.22103004 0.52430939 0.62824126]  F1: [0.19544592 0.46292683 0.68647983]
Val Loss: 1.0276
Epoch [7/100] Train Loss: 1.0326
Val Event P(macro [0, 1, 2]): 0.4667 | R: 0.4581 | F1: 0.4473
Per-class P: [0.21404682 0.41865433 0.76730486]  R: [0.13733906 0.64972376 0.58737317]  F1: [0.16732026 0.50920113 0.66538953]
Val Loss: 1.0303
Epoch [8/100] Train Loss: 1.0337
Val Event P(macro [0, 1, 2]): 0.4492 | R: 0.4575 | F1: 0.4441
Per-class P: [0.17517007 0.40515873 0.76730486]  R: [0.22103004 0.5640884  0.58737317]  F1: [0.19544592 0.47159353 0.66538953]
Val Loss: 1.0320
Epoch [9/100] Train Loss: 1.0301
Val Event P(macro [0, 1, 2]): 0.4662 | R: 0.4585 | F1: 0.4523
Per-class P: [0.21404682 0.4280729  0.75661914]  R: [0.13733906 0.60994475 0.62824126]  F1: [0.16732026 0.50307587 0.68647983]
Val Loss: 1.0255
Epoch [10/100] Train Loss: 1.0317
Val Event P(macro [0, 1, 2]): 0.4402 | R: 0.4524 | F1: 0.4359
Per-class P: [0.15761589 0.39566511 0.76730486]  R: [0.25536481 0.51436464 0.58737317]  F1: [0.19492219 0.4472736  0.66538953]
Val Loss: 1.0311
Epoch [11/100] Train Loss: 1.0315
Val Event P(macro [0, 1, 2]): 0.4492 | R: 0.4580 | F1: 0.4514
Per-class P: [0.17517007 0.4268352  0.74551746]  R: [0.22103004 0.48508287 0.66798196]  F1: [0.19544592 0.45409878 0.70462316]
Val Loss: 1.0228
Epoch [12/100] Train Loss: 1.0295
Val Event P(macro [0, 1, 2]): 0.4492 | R: 0.4575 | F1: 0.4441
Per-class P: [0.17517007 0.40515873 0.76730486]  R: [0.22103004 0.5640884  0.58737317]  F1: [0.19544592 0.47159353 0.66538953]
Val Loss: 1.0261
Epoch [13/100] Train Loss: 1.0283
Val Event P(macro [0, 1, 2]): 0.4565 | R: 0.4648 | F1: 0.4500
Per-class P: [0.17517007 0.41295076 0.78133233]  R: [0.22103004 0.58839779 0.58511838]  F1: [0.19544592 0.48530417 0.66913779]
Val Loss: 1.0229
Epoch [14/100] Train Loss: 1.0226
Val Event P(macro [0, 1, 2]): 0.4777 | R: 0.4783 | F1: 0.4599
Per-class P: [0.18949772 0.42744964 0.81603582]  R: [0.17811159 0.69171271 0.5651071 ]  F1: [0.18362832 0.52838152 0.66777685]
Val Loss: 1.0063
Epoch [15/100] Train Loss: 0.9683
Val Event P(macro [0, 1, 2]): 0.5174 | R: 0.5030 | F1: 0.4956
Per-class P: [0.16688742 0.60980036 0.77564911]  R: [0.27038627 0.37127072 0.86724915]  F1: [0.20638821 0.46153846 0.81889554]
Val Loss: 0.9545
Epoch [16/100] Train Loss: 0.9335
Val Event P(macro [0, 1, 2]): 0.5328 | R: 0.5371 | F1: 0.5329
Per-class P: [0.18571429 0.59337349 0.81918506]  R: [0.25107296 0.5441989  0.81595265]  F1: [0.21350365 0.56772334 0.81756566]
Val Loss: 0.9062
Epoch [17/100] Train Loss: 0.9206
Val Event P(macro [0, 1, 2]): 0.5237 | R: 0.5415 | F1: 0.5194
Per-class P: [0.17789757 0.50476981 0.8884313 ]  R: [0.2832618  0.67237569 0.66882751]  F1: [0.21854305 0.57664061 0.7631452 ]
Val Loss: 0.8970
Epoch [18/100] Train Loss: 0.9147
Val Event P(macro [0, 1, 2]): 0.5363 | R: 0.5492 | F1: 0.5378
Per-class P: [0.19402985 0.54509632 0.86984021]  R: [0.22317597 0.6878453  0.73647125]  F1: [0.20758483 0.60820713 0.79761905]
Val Loss: 0.8796
Epoch [19/100] Train Loss: 0.9264
Val Event P(macro [0, 1, 2]): 0.5081 | R: 0.5077 | F1: 0.4433
Per-class P: [0.12035731 0.48793408 0.91591592]  R: [0.54935622 0.45801105 0.51578354]  F1: [0.19745469 0.47249929 0.65993509]
Val Loss: 0.9322
Epoch [20/100] Train Loss: 0.9107
Val Event P(macro [0, 1, 2]): 0.5323 | R: 0.5581 | F1: 0.5275
Per-class P: [0.17582418 0.54814385 0.87300532]  R: [0.41201717 0.52209945 0.74013529]  F1: [0.24646983 0.53480475 0.80109823]
Val Loss: 0.8702
Epoch [21/100] Train Loss: 0.9021
Val Event P(macro [0, 1, 2]): 0.5372 | R: 0.5550 | F1: 0.5293
Per-class P: [0.18094321 0.58169014 0.84903418]  R: [0.40343348 0.45635359 0.80524239]  F1: [0.24983389 0.51145511 0.82655866]
Val Loss: 0.8670
Epoch [22/100] Train Loss: 0.9042
Val Event P(macro [0, 1, 2]): 0.5491 | R: 0.5425 | F1: 0.5452
Per-class P: [0.20342612 0.62782184 0.81603012]  R: [0.20386266 0.56850829 0.85512965]  F1: [0.20364416 0.59669469 0.83512249]
Val Loss: 0.8973
Epoch [23/100] Train Loss: 0.9030
Val Event P(macro [0, 1, 2]): 0.5248 | R: 0.5359 | F1: 0.5093
Per-class P: [0.17054264 0.49105225 0.91278826]  R: [0.2360515  0.75801105 0.61358512]  F1: [0.1980198  0.59600348 0.73386145]
Val Loss: 0.8929
Epoch [24/100] Train Loss: 0.8896
Val Event P(macro [0, 1, 2]): 0.5195 | R: 0.5136 | F1: 0.4822
Per-class P: [0.17570499 0.45318695 0.92946257]  R: [0.17381974 0.82099448 0.54594138]  F1: [0.17475728 0.58400472 0.68785511]
Val Loss: 0.9193
Epoch [25/100] Train Loss: 0.8975
Val Event P(macro [0, 1, 2]): 0.5475 | R: 0.5580 | F1: 0.5507
Per-class P: [0.19075145 0.58408766 0.86774797]  R: [0.21244635 0.67734807 0.78410372]  F1: [0.20101523 0.6272704  0.82380811]
Val Loss: 0.8588
Epoch [26/100] Train Loss: 0.9020
Val Event P(macro [0, 1, 2]): 0.5442 | R: 0.5607 | F1: 0.5420
Per-class P: [0.19932998 0.53236246 0.90090744]  R: [0.25536481 0.72707182 0.69954904]  F1: [0.22389464 0.61466604 0.78756148]
Val Loss: 0.8594
Epoch [27/100] Train Loss: 0.8847
Val Event P(macro [0, 1, 2]): 0.5393 | R: 0.5655 | F1: 0.5325
Per-class P: [0.1730038  0.53757225 0.90727003]  R: [0.39055794 0.61657459 0.68940248]  F1: [0.2397892  0.57436953 0.78347213]
Val Loss: 0.8606
Epoch [28/100] Train Loss: 0.8798
Val Event P(macro [0, 1, 2]): 0.5429 | R: 0.5657 | F1: 0.5374
Per-class P: [0.17336395 0.54175589 0.91367456]  R: [0.32403433 0.69889503 0.67418264]  F1: [0.22587883 0.61037394 0.77586766]
Val Loss: 0.8502
Epoch [29/100] Train Loss: 0.8798
Val Event P(macro [0, 1, 2]): 0.5790 | R: 0.5537 | F1: 0.4714
Per-class P: [0.14153132 0.70261438 0.89270527]  R: [0.65450644 0.23756906 0.76916573]  F1: [0.2327356  0.35507845 0.82634368]
Val Loss: 0.8372
Epoch [30/100] Train Loss: 0.8782
Val Event P(macro [0, 1, 2]): 0.5266 | R: 0.5392 | F1: 0.4913
Per-class P: [0.1456     0.48769841 0.94644596]  R: [0.39055794 0.67900552 0.54791432]  F1: [0.21212121 0.56766744 0.69403784]
Val Loss: 0.8990
Epoch [31/100] Train Loss: 0.8600
Val Event P(macro [0, 1, 2]): 0.5550 | R: 0.5818 | F1: 0.5523
Per-class P: [0.1835245  0.56256015 0.91890922]  R: [0.3776824  0.64585635 0.72181511]  F1: [0.24701754 0.60133745 0.80852407]
Val Loss: 0.8256
Epoch [32/100] Train Loss: 0.8521
Val Event P(macro [0, 1, 2]): 0.5652 | R: 0.5776 | F1: 0.5683
Per-class P: [0.18761726 0.60482375 0.9030303 ]  R: [0.21459227 0.72044199 0.79791432]  F1: [0.2002002  0.65758951 0.8472243 ]
Val Loss: 0.8035
Epoch [33/100] Train Loss: 0.8655
Val Event P(macro [0, 1, 2]): 0.5739 | R: 0.5780 | F1: 0.5757
Per-class P: [0.19327731 0.64952781 0.87884951]  R: [0.19742489 0.6839779  0.85259301]  F1: [0.19532909 0.66630786 0.86552217]
Val Loss: 0.8134
Epoch [34/100] Train Loss: 0.8528
Val Event P(macro [0, 1, 2]): 0.5963 | R: 0.5661 | F1: 0.5119
Per-class P: [0.1757841  0.76129032 0.8518132 ]  R: [0.51716738 0.26077348 0.92023675]  F1: [0.26238432 0.38847737 0.88470397]
Val Loss: 0.8084
Epoch [35/100] Train Loss: 0.8143
Val Event P(macro [0, 1, 2]): 0.5962 | R: 0.6051 | F1: 0.5999
Per-class P: [0.21428571 0.6642144  0.91022222]  R: [0.25107296 0.69834254 0.86583991]  F1: [0.2312253  0.68085106 0.88747653]
Val Loss: 0.7500
Epoch [36/100] Train Loss: 0.8099
Val Event P(macro [0, 1, 2]): 0.5582 | R: 0.5670 | F1: 0.5437
Per-class P: [0.176      0.53338068 0.965311  ]  R: [0.1888412  0.82983425 0.68235626]  F1: [0.18219462 0.64937311 0.79953765]
Val Loss: 0.8045
Epoch [37/100] Train Loss: 0.8041
Val Event P(macro [0, 1, 2]): 0.6111 | R: 0.6213 | F1: 0.6054
Per-class P: [0.21151586 0.70739986 0.91428571]  R: [0.38626609 0.57569061 0.90191657]  F1: [0.27334852 0.63478526 0.90805902]
Val Loss: 0.7159
Epoch [38/100] Train Loss: 0.8097
Val Event P(macro [0, 1, 2]): 0.6202 | R: 0.6202 | F1: 0.6196
Per-class P: [0.22761194 0.72705882 0.9057971 ]  R: [0.26180258 0.68287293 0.91600902]  F1: [0.24351297 0.7042735  0.91087444]
Val Loss: 0.7265
Epoch [39/100] Train Loss: 0.7738
Val Event P(macro [0, 1, 2]): 0.6327 | R: 0.6165 | F1: 0.6231
Per-class P: [0.24020888 0.76602177 0.89199894]  R: [0.19742489 0.7        0.95208568]  F1: [0.21672556 0.73152425 0.92106339]
Val Loss: 0.7202
Epoch [40/100] Train Loss: 0.7542
Val Event P(macro [0, 1, 2]): 0.6172 | R: 0.6261 | F1: 0.5732
Per-class P: [0.17021277 0.71452991 0.96695026]  R: [0.58369099 0.46187845 0.83286359]  F1: [0.26356589 0.56107383 0.89491217]
Val Loss: 0.6804
Epoch [41/100] Train Loss: 0.7687
Val Event P(macro [0, 1, 2]): 0.6183 | R: 0.6405 | F1: 0.6234
Per-class P: [0.21546961 0.67507568 0.96440026]  R: [0.33476395 0.73922652 0.84751973]  F1: [0.26218487 0.7056962  0.90219022]
Val Loss: 0.6809
Epoch [42/100] Train Loss: 0.7542
Val Event P(macro [0, 1, 2]): 0.6281 | R: 0.6330 | F1: 0.6302
Per-class P: [0.21956522 0.71931642 0.94552869]  R: [0.2167382  0.76740331 0.91488162]  F1: [0.21814255 0.7425822  0.92995273]
Val Loss: 0.6567
Epoch [43/100] Train Loss: 0.7277
Val Event P(macro [0, 1, 2]): 0.6010 | R: 0.5940 | F1: 0.5430
Per-class P: [0.13246753 0.67564018 0.99494949]  R: [0.5472103  0.56850829 0.66629087]  F1: [0.21329987 0.61746175 0.79810939]
Val Loss: 0.7720
Epoch [44/100] Train Loss: 0.7303
Val Event P(macro [0, 1, 2]): 0.6162 | R: 0.6264 | F1: 0.6180
Per-class P: [0.18417266 0.71405049 0.95040822]  R: [0.27467811 0.71878453 0.88585118]  F1: [0.22049957 0.71640969 0.91699489]
Val Loss: 0.6887
Epoch [45/100] Train Loss: 0.7297
Val Event P(macro [0, 1, 2]): 0.6455 | R: 0.6431 | F1: 0.6034
Per-class P: [0.19936204 0.8        0.93702128]  R: [0.53648069 0.46187845 0.93094701]  F1: [0.29069767 0.58563923 0.93397427]
Val Loss: 0.6552
Epoch [46/100] Train Loss: 0.7391
Val Event P(macro [0, 1, 2]): 0.6493 | R: 0.6319 | F1: 0.6324
Per-class P: [0.24677419 0.80801209 0.8930688 ]  R: [0.32832618 0.59060773 0.97688839]  F1: [0.28176796 0.68241302 0.93310001]
Val Loss: 0.6836
Epoch [47/100] Train Loss: 0.7199
Val Event P(macro [0, 1, 2]): 0.6543 | R: 0.6496 | F1: 0.6365
Per-class P: [0.24623116 0.80191693 0.91472458]  R: [0.42060086 0.55469613 0.9735062 ]  F1: [0.31061807 0.65578054 0.94320044]
Val Loss: 0.6455
Epoch [48/100] Train Loss: 0.7301
Val Event P(macro [0, 1, 2]): 0.6624 | R: 0.6281 | F1: 0.4869
Per-class P: [0.18177592 0.85       0.95549661]  R: [0.83905579 0.13149171 0.91375423]  F1: [0.29881544 0.2277512  0.93415934]
Val Loss: 0.6353
Epoch [49/100] Train Loss: 0.7484
Val Event P(macro [0, 1, 2]): 0.6230 | R: 0.6449 | F1: 0.6127
Per-class P: [0.18221447 0.70564042 0.98117647]  R: [0.44849785 0.66353591 0.82271702]  F1: [0.25914445 0.68394077 0.89498697]
Val Loss: 0.6648
Epoch [50/100] Train Loss: 0.7090
Val Event P(macro [0, 1, 2]): 0.5426 | R: 0.5309 | F1: 0.4803
Per-class P: [0.10740741 0.52509931 0.99530792]  R: [0.3111588  0.80331492 0.47829763]  F1: [0.15969163 0.63507316 0.64610699]
Val Loss: 0.9528
Epoch [51/100] Train Loss: 0.7929
Val Event P(macro [0, 1, 2]): 0.5223 | R: 0.4817 | F1: 0.4282
Per-class P: [0.17063492 0.40126904 0.99492754]  R: [0.18454936 0.87348066 0.38697858]  F1: [0.17731959 0.54991304 0.55722403]
Val Loss: 1.0004
Epoch [52/100] Train Loss: 0.7153
Val Event P(macro [0, 1, 2]): 0.6491 | R: 0.6518 | F1: 0.6190
Per-class P: [0.21597096 0.79362267 0.93765655]  R: [0.51072961 0.49502762 0.94954904]  F1: [0.30357143 0.6097312  0.94356533]
Val Loss: 0.6212
Epoch [53/100] Train Loss: 0.7282
Val Event P(macro [0, 1, 2]): 0.6090 | R: 0.6265 | F1: 0.6119
Per-class P: [0.1781874  0.66913466 0.97974768]  R: [0.24892704 0.79889503 0.83173619]  F1: [0.20769919 0.72828003 0.89969512]
Val Loss: 0.6649
Epoch [54/100] Train Loss: 0.7116
Val Event P(macro [0, 1, 2]): 0.6509 | R: 0.6374 | F1: 0.6272
Per-class P: [0.24191462 0.8114962  0.89943123]  R: [0.40128755 0.53038674 0.98055242]  F1: [0.30185634 0.64149683 0.93824164]
Val Loss: 0.6632
Epoch [55/100] Train Loss: 0.7193
Val Event P(macro [0, 1, 2]): 0.6566 | R: 0.6424 | F1: 0.6451
Per-class P: [0.26630435 0.79958246 0.90378096]  R: [0.31545064 0.63480663 0.97688839]  F1: [0.28880157 0.70773021 0.93891372]
Val Loss: 0.6541
Epoch [56/100] Train Loss: 0.7669
Val Event P(macro [0, 1, 2]): 0.6304 | R: 0.6416 | F1: 0.6300
Per-class P: [0.21073298 0.73353474 0.94684288]  R: [0.34549356 0.67071823 0.90868095]  F1: [0.26178862 0.7007215  0.92736948]
Val Loss: 0.6744
Epoch [57/100] Train Loss: 0.6879
Val Event P(macro [0, 1, 2]): 0.6390 | R: 0.6517 | F1: 0.6220
Per-class P: [0.20607176 0.75429425 0.95673926]  R: [0.4806867  0.55801105 0.91629087]  F1: [0.28847392 0.64147348 0.93607832]
Val Loss: 0.6167
Epoch [58/100] Train Loss: 0.6861
Val Event P(macro [0, 1, 2]): 0.6501 | R: 0.6473 | F1: 0.6284
Per-class P: [0.23258427 0.79566305 0.92208835]  R: [0.44420601 0.52707182 0.97068771]  F1: [0.30530973 0.63409771 0.94576411]
Val Loss: 0.6251
Epoch [59/100] Train Loss: 0.7155
Val Event P(macro [0, 1, 2]): 0.6370 | R: 0.6487 | F1: 0.6373
Per-class P: [0.21552878 0.74058577 0.95475911]  R: [0.34549356 0.68453039 0.91600902]  F1: [0.26545754 0.71145564 0.93498274]
Val Loss: 0.6379
Epoch [60/100] Train Loss: 0.7000
Val Event P(macro [0, 1, 2]): 0.5697 | R: 0.5820 | F1: 0.5533
Per-class P: [0.14730878 0.56507353 0.99666389]  R: [0.22317597 0.84917127 0.67361894]  F1: [0.1774744  0.6785872  0.80390178]
Val Loss: 0.7774
Epoch [61/100] Train Loss: 0.7125
Val Event P(macro [0, 1, 2]): 0.6201 | R: 0.6079 | F1: 0.5633
Per-class P: [0.1327957  0.73105802 0.99639856]  R: [0.53004292 0.59171271 0.70180383]  F1: [0.21238177 0.6540458  0.82354887]
Val Loss: 0.7452
Epoch [62/100] Train Loss: 0.6846
Val Event P(macro [0, 1, 2]): 0.6394 | R: 0.6585 | F1: 0.6432
Per-class P: [0.21657754 0.72421281 0.97742733]  R: [0.34763948 0.73701657 0.89092446]  F1: [0.26688633 0.7305586  0.9321734 ]
Val Loss: 0.6084
Epoch [63/100] Train Loss: 0.7429
Val Event P(macro [0, 1, 2]): 0.6492 | R: 0.6328 | F1: 0.6176
Per-class P: [0.23718713 0.81734317 0.89310433]  R: [0.42703863 0.48950276 0.98196167]  F1: [0.30498084 0.61230131 0.93542757]
Val Loss: 0.6720
Epoch [64/100] Train Loss: 0.6919
Val Event P(macro [0, 1, 2]): 0.6334 | R: 0.6447 | F1: 0.6376
Per-class P: [0.2109777  0.72446307 0.96488595]  R: [0.2639485  0.7640884  0.90614431]  F1: [0.23450906 0.74374832 0.93459302]
Val Loss: 0.6081
Epoch [65/100] Train Loss: 0.7140
Val Event P(macro [0, 1, 2]): 0.6155 | R: 0.5321 | F1: 0.5133
Per-class P: [0.20643432 0.85460993 0.78555605]  R: [0.3304721  0.26629834 0.9994363 ]  F1: [0.25412541 0.40606571 0.87968246]
Val Loss: 0.9069
Epoch [66/100] Train Loss: 0.7326
Val Event P(macro [0, 1, 2]): 0.5670 | R: 0.5787 | F1: 0.5401
Per-class P: [0.13996139 0.56452859 0.99636364]  R: [0.3111588  0.80718232 0.61781285]  F1: [0.1930759  0.66439291 0.76270007]
Val Loss: 0.8235
Epoch [67/100] Train Loss: 0.6985
Val Event P(macro [0, 1, 2]): 0.6494 | R: 0.6593 | F1: 0.6238
Per-class P: [0.20858369 0.78104575 0.95866084]  R: [0.52145923 0.5281768  0.92812852]  F1: [0.2979767  0.63019117 0.94314764]
Val Loss: 0.6221
Epoch [68/100] Train Loss: 0.7353
Val Event P(macro [0, 1, 2]): 0.6434 | R: 0.6606 | F1: 0.6423
Per-class P: [0.22195986 0.745219   0.96305125]  R: [0.40343348 0.66740331 0.91093574]  F1: [0.2863671  0.70416788 0.93626883]
Val Loss: 0.6086
Epoch [69/100] Train Loss: 0.6903
Val Event P(macro [0, 1, 2]): 0.6513 | R: 0.6426 | F1: 0.6244
Per-class P: [0.2338252  0.80792952 0.91228992]  R: [0.44206009 0.50662983 0.97914318]  F1: [0.30586488 0.62275042 0.94453507]
Val Loss: 0.6356
Epoch [70/100] Train Loss: 0.7047
Val Event P(macro [0, 1, 2]): 0.6549 | R: 0.6622 | F1: 0.6520
Per-class P: [0.23939808 0.77626459 0.94902844]  R: [0.37553648 0.66132597 0.94983089]  F1: [0.29239766 0.71420048 0.9494295 ]
Val Loss: 0.6005
Epoch [71/100] Train Loss: 0.7227
Val Event P(macro [0, 1, 2]): 0.6155 | R: 0.6310 | F1: 0.6176
Per-class P: [0.18032787 0.68245968 0.98359073]  R: [0.2832618  0.7480663  0.86161218]  F1: [0.22036728 0.71375857 0.91856971]
Val Loss: 0.6680
Epoch [72/100] Train Loss: 0.7045
Val Event P(macro [0, 1, 2]): 0.6346 | R: 0.6467 | F1: 0.6385
Per-class P: [0.21019108 0.72975871 0.96397478]  R: [0.2832618  0.7519337  0.90501691]  F1: [0.24131627 0.74068027 0.93356593]
Val Loss: 0.6167
Epoch [73/100] Train Loss: 0.6805
Val Event P(macro [0, 1, 2]): 0.6525 | R: 0.6271 | F1: 0.5598
Per-class P: [0.20797101 0.84150327 0.90814196]  R: [0.61587983 0.28453039 0.98083427]  F1: [0.31094258 0.42526837 0.94308943]
Val Loss: 0.6460
Epoch [74/100] Train Loss: 0.7318
Val Event P(macro [0, 1, 2]): 0.6535 | R: 0.6372 | F1: 0.6003
Per-class P: [0.22769517 0.83238312 0.9005425 ]  R: [0.52575107 0.40331492 0.98252537]  F1: [0.31776913 0.5433569  0.93974929]
Val Loss: 0.6603
Epoch [75/100] Train Loss: 0.7074
Val Event P(macro [0, 1, 2]): 0.5847 | R: 0.6029 | F1: 0.5688
Per-class P: [0.152657   0.60470085 0.99673336]  R: [0.33905579 0.78176796 0.68799324]  F1: [0.21052632 0.68192771 0.8140737 ]
Val Loss: 0.7568
Epoch [76/100] Train Loss: 0.6816
Val Event P(macro [0, 1, 2]): 0.6332 | R: 0.6460 | F1: 0.6370
Per-class P: [0.20436817 0.72572944 0.96937538]  R: [0.28111588 0.7558011  0.90107103]  F1: [0.2366757  0.74046008 0.93397604]
Val Loss: 0.6186
Epoch [77/100] Train Loss: 0.6886
Val Event P(macro [0, 1, 2]): 0.6218 | R: 0.6418 | F1: 0.6079
Per-class P: [0.17298188 0.69878823 0.99374348]  R: [0.45064378 0.66906077 0.80580609]  F1: [0.25       0.68360147 0.88996109]
Val Loss: 0.6734
Epoch [78/100] Train Loss: 0.6754
Val Event P(macro [0, 1, 2]): 0.6531 | R: 0.6636 | F1: 0.6535
Per-class P: [0.23281907 0.76745598 0.95900693]  R: [0.35622318 0.69834254 0.93630214]  F1: [0.28159457 0.73126989 0.94751854]
Val Loss: 0.5937
Epoch [79/100] Train Loss: 0.6584
Val Event P(macro [0, 1, 2]): 0.6136 | R: 0.6334 | F1: 0.6138
Per-class P: [0.17550505 0.67091596 0.99450927]  R: [0.29828326 0.78508287 0.8167982 ]  F1: [0.22098569 0.72352342 0.89693593]
Val Loss: 0.6587
Epoch [80/100] Train Loss: 0.6477
Val Event P(macro [0, 1, 2]): 0.5715 | R: 0.5766 | F1: 0.5405
Per-class P: [0.1219917  0.59626556 0.99637845]  R: [0.31545064 0.79392265 0.62034949]  F1: [0.17594255 0.68104265 0.76463436]
Val Loss: 0.8410
Epoch [81/100] Train Loss: 0.6850
Val Event P(macro [0, 1, 2]): 0.6431 | R: 0.6561 | F1: 0.6217
Per-class P: [0.19082719 0.75852067 0.97983871]  R: [0.5        0.57790055 0.89036077]  F1: [0.27622999 0.65600502 0.93295924]
Val Loss: 0.6250
Epoch [82/100] Train Loss: 0.6641
Val Event P(macro [0, 1, 2]): 0.5900 | R: 0.6052 | F1: 0.5806
Per-class P: [0.13988439 0.6333192  0.99692308]  R: [0.25965665 0.82541436 0.73055242]  F1: [0.18181818 0.71671864 0.84320104]
Val Loss: 0.7304
Epoch [83/100] Train Loss: 0.6930
Val Event P(macro [0, 1, 2]): 0.5881 | R: 0.5938 | F1: 0.5556
Per-class P: [0.13052632 0.6371124  0.99657388]  R: [0.39914163 0.72651934 0.65586246]  F1: [0.19672131 0.67888487 0.79109298]
Val Loss: 0.7862
Epoch [84/100] Train Loss: 0.6558
Val Event P(macro [0, 1, 2]): 0.6574 | R: 0.6527 | F1: 0.6514
Per-class P: [0.24834437 0.79221636 0.93169546]  R: [0.32188841 0.66353591 0.97266065]  F1: [0.28037383 0.72218882 0.95173745]
Val Loss: 0.6038
Epoch [85/100] Train Loss: 0.6384
Val Event P(macro [0, 1, 2]): 0.6602 | R: 0.6718 | F1: 0.6538
Per-class P: [0.235363   0.7866394  0.95860691]  R: [0.43133047 0.63756906 0.9464487 ]  F1: [0.30454545 0.70430272 0.95248901]
Val Loss: 0.5804
Epoch [86/100] Train Loss: 0.6276
Val Event P(macro [0, 1, 2]): 0.6557 | R: 0.6713 | F1: 0.6413
Per-class P: [0.2142189  0.78064516 0.97232143]  R: [0.49141631 0.60165746 0.92080045]  F1: [0.29837134 0.67956318 0.94585987]
Val Loss: 0.5789
Epoch [87/100] Train Loss: 0.6558
Val Event P(macro [0, 1, 2]): 0.6571 | R: 0.6647 | F1: 0.6544
Per-class P: [0.23441734 0.77970456 0.95721167]  R: [0.37124464 0.67071823 0.95208568]  F1: [0.28737542 0.72111672 0.9546418 ]
Val Loss: 0.5828
Epoch [88/100] Train Loss: 0.6318
Val Event P(macro [0, 1, 2]): 0.6557 | R: 0.6714 | F1: 0.6436
Per-class P: [0.21490803 0.77863128 0.97350402]  R: [0.47639485 0.6160221  0.921646  ]  F1: [0.29619746 0.68784701 0.9468655 ]
Val Loss: 0.5775
Epoch [89/100] Train Loss: 0.6286
Val Event P(macro [0, 1, 2]): 0.6540 | R: 0.6719 | F1: 0.6455
Per-class P: [0.21371769 0.77004639 0.97824116]  R: [0.46137339 0.64198895 0.91234498]  F1: [0.29211957 0.70021091 0.94414467]
Val Loss: 0.5805
Epoch [90/100] Train Loss: 0.6314
Val Event P(macro [0, 1, 2]): 0.6603 | R: 0.6661 | F1: 0.6354
Per-class P: [0.22337418 0.80434783 0.95318195]  R: [0.50858369 0.53149171 0.95828636]  F1: [0.31041257 0.64005323 0.95572734]
Val Loss: 0.5804
Epoch [91/100] Train Loss: 0.6246
Val Event P(macro [0, 1, 2]): 0.6612 | R: 0.6696 | F1: 0.6548
Per-class P: [0.23768473 0.79084074 0.95519865]  R: [0.41416309 0.63922652 0.95546787]  F1: [0.30203443 0.70699664 0.95533324]
Val Loss: 0.5760
Epoch [92/100] Train Loss: 0.6227
Val Event P(macro [0, 1, 2]): 0.6326 | R: 0.6534 | F1: 0.6217
Per-class P: [0.18237347 0.7198352  0.99563612]  R: [0.44849785 0.67569061 0.83596392]  F1: [0.25930521 0.69706469 0.9088402 ]
Val Loss: 0.6341
Epoch [93/100] Train Loss: 0.6456
Val Event P(macro [0, 1, 2]): 0.6615 | R: 0.6662 | F1: 0.6342
Per-class P: [0.22481343 0.80911436 0.95068264]  R: [0.51716738 0.5198895  0.96166855]  F1: [0.31339402 0.63303061 0.95614404]
Val Loss: 0.5818
Epoch [94/100] Train Loss: 0.6270
Val Event P(macro [0, 1, 2]): 0.6588 | R: 0.6729 | F1: 0.6420
Per-class P: [0.21787709 0.78853313 0.97006164]  R: [0.50214592 0.58508287 0.93151071]  F1: [0.3038961 0.6717412 0.9503954]
Val Loss: 0.5730
Epoch [95/100] Train Loss: 0.6394
Val Event P(macro [0, 1, 2]): 0.6599 | R: 0.6722 | F1: 0.6529
Per-class P: [0.23041998 0.78542234 0.96374101]  R: [0.43562232 0.63701657 0.94391206]  F1: [0.30141054 0.70347773 0.95372348]
Val Loss: 0.5748
Epoch [96/100] Train Loss: 0.6267
Val Event P(macro [0, 1, 2]): 0.6589 | R: 0.6655 | F1: 0.6513
Per-class P: [0.23341523 0.78976487 0.95342312]  R: [0.40772532 0.63093923 0.95772266]  F1: [0.296875   0.7014742  0.95556805]
Val Loss: 0.5790
Epoch [97/100] Train Loss: 0.6279
Val Event P(macro [0, 1, 2]): 0.6602 | R: 0.6586 | F1: 0.6139
Per-class P: [0.20866142 0.81726908 0.95474986]  R: [0.56866953 0.44972376 0.95744081]  F1: [0.30529954 0.58018532 0.95609344]
Val Loss: 0.5795
Epoch [98/100] Train Loss: 0.6312
Val Event P(macro [0, 1, 2]): 0.6536 | R: 0.6720 | F1: 0.6499
Per-class P: [0.21715527 0.76455855 0.97912886]  R: [0.42918455 0.67458564 0.91234498]  F1: [0.28839221 0.71675961 0.94455792]
Val Loss: 0.5777
Epoch [99/100] Train Loss: 0.6417
Val Event P(macro [0, 1, 2]): 0.6602 | R: 0.6682 | F1: 0.6448
Per-class P: [0.22851153 0.79757392 0.95466066]  R: [0.46781116 0.58121547 0.95546787]  F1: [0.30704225 0.6724193  0.95506409]
Val Loss: 0.5799
Epoch [100/100] Train Loss: 0.6209
Val Event P(macro [0, 1, 2]): 0.6481 | R: 0.6650 | F1: 0.6482
Per-class P: [0.21109771 0.75248103 0.98080439]  R: [0.37553648 0.7121547  0.9072717 ]  F1: [0.27027027 0.7317627  0.94260615]
Val Loss: 0.5808

	Elapsed time is 190.6522 seconds.

==========================================================================================
Total parameters: 8459
Total memory (bytes): 67672
Total memory (MB): 0.06453704833984375
==========================================================================================

MAMBA Cascade Evaluation

--- Cascade Stage 1 (Detector) Standalone Metrics ---
Accuracy: 79.97% (21593/27000)
Per-Class Accuracy:
  No Thrust: 83.89% (17764/21176)
  Thrust: 65.75% (3829/5824)

Classification Report:
              precision    recall  f1-score   support

   No Thrust     0.8990    0.8389    0.8679     21176
      Thrust     0.5288    0.6575    0.5861      5824

    accuracy                         0.7997     27000
   macro avg     0.7139    0.7482    0.7270     27000
weighted avg     0.8192    0.7997    0.8071     27000


Confusion Matrix (rows = true, cols = predicted):
             P_No Thrust  P_Thrust
T_No Thrust        17764      3412
T_Thrust            1995      3829

--- Cascade End-to-End (Stage1 -> Stage2 combined) Metrics ---
Accuracy: 78.51% (21197/27000)
Per-Class Accuracy:
  No Thrust: 83.89% (17764/21176)
  Chemical: 4.08% (19/466)
  Electric: 12.21% (221/1810)
  Impulsive: 89.99% (3193/3548)

Classification Report:
              precision    recall  f1-score   support

   No Thrust     0.8990    0.8389    0.8679     21176
    Chemical     0.0208    0.0408    0.0276       466
    Electric     0.0934    0.1221    0.1058      1810
   Impulsive     0.8061    0.8999    0.8504      3548

    accuracy                         0.7851     27000
   macro avg     0.4548    0.4754    0.4629     27000
weighted avg     0.8177    0.7851    0.8000     27000


Confusion Matrix (rows = true, cols = predicted):
             P_No Thrust  P_Chemical  P_Electric  P_Impulsive
T_No Thrust        17764         748        1957          707
T_Chemical           367          19          66           14
T_Electric          1482          60         221           47
T_Impulsive          146          86         123         3193

Stage-2 type accuracy conditioned on correct stage-1 detection: 89.66% (3829 frames)
Stage-1 (detector-only) accuracy: 79.97%

MAMBA Cascade Inference Time	Elapsed time is 0.2801 seconds.

================================================================================
Backbone: TRANSFORMER
================================================================================

Entering TRANSFORMER Joint (4-class) Training Loop
Epoch [1/100] Train Loss: 1.4017
Val Event P(macro [1, 2, 3]): 0.0438 | R: 0.3333 | F1: 0.0774
Per-class P: [0.         0.         0.         0.13140741]  R: [0. 0. 0. 1.]  F1: [0.         0.         0.         0.23229017]
Val Loss: 1.3813
Epoch [2/100] Train Loss: 1.3940
Val Event P(macro [1, 2, 3]): 0.0223 | R: 0.3333 | F1: 0.0419
Per-class P: [0.         0.         0.06703704 0.        ]  R: [0. 0. 1. 0.]  F1: [0.         0.         0.12565082 0.        ]
Val Loss: 1.3973
Epoch [3/100] Train Loss: 1.3943
Val Event P(macro [1, 2, 3]): 0.0058 | R: 0.3333 | F1: 0.0113
Per-class P: [0.         0.01725926 0.         0.        ]  R: [0. 1. 0. 0.]  F1: [0.         0.03393286 0.         0.        ]
Val Loss: 1.3932
Epoch [4/100] Train Loss: 1.3931
Val Event P(macro [1, 2, 3]): 0.0223 | R: 0.3333 | F1: 0.0419
Per-class P: [0.         0.         0.06703704 0.        ]  R: [0. 0. 1. 0.]  F1: [0.         0.         0.12565082 0.        ]
Val Loss: 1.3786
Epoch [5/100] Train Loss: 1.3901
Val Event P(macro [1, 2, 3]): 0.0058 | R: 0.3333 | F1: 0.0113
Per-class P: [0.         0.01725926 0.         0.        ]  R: [0. 1. 0. 0.]  F1: [0.         0.03393286 0.         0.        ]
Val Loss: 1.3803
Epoch [6/100] Train Loss: 1.3901
Val Event P(macro [1, 2, 3]): 0.0223 | R: 0.3333 | F1: 0.0419
Per-class P: [0.         0.         0.06703704 0.        ]  R: [0. 0. 1. 0.]  F1: [0.         0.         0.12565082 0.        ]
Val Loss: 1.3811
Epoch [7/100] Train Loss: 1.3911
Val Event P(macro [1, 2, 3]): 0.0000 | R: 0.0000 | F1: 0.0000
Per-class P: [0.7842963 0.        0.        0.       ]  R: [1. 0. 0. 0.]  F1: [0.87910993 0.         0.         0.        ]
Val Loss: 1.3826
Epoch [8/100] Train Loss: 1.3868
Val Event P(macro [1, 2, 3]): 0.0438 | R: 0.3333 | F1: 0.0774
Per-class P: [0.         0.         0.         0.13140741]  R: [0. 0. 0. 1.]  F1: [0.         0.         0.         0.23229017]
Val Loss: 1.3902
Epoch [9/100] Train Loss: 1.3881
Val Event P(macro [1, 2, 3]): 0.0438 | R: 0.3333 | F1: 0.0774
Per-class P: [0.         0.         0.         0.13140741]  R: [0. 0. 0. 1.]  F1: [0.         0.         0.         0.23229017]
Val Loss: 1.3910
Epoch [10/100] Train Loss: 1.3882
Val Event P(macro [1, 2, 3]): 0.0223 | R: 0.3333 | F1: 0.0419
Per-class P: [0.         0.         0.06703704 0.        ]  R: [0. 0. 1. 0.]  F1: [0.         0.         0.12565082 0.        ]
Val Loss: 1.3862
Epoch [11/100] Train Loss: 1.3871
Val Event P(macro [1, 2, 3]): 0.0438 | R: 0.3333 | F1: 0.0774
Per-class P: [0.         0.         0.         0.13140741]  R: [0. 0. 0. 1.]  F1: [0.         0.         0.         0.23229017]
Val Loss: 1.3821
Epoch [12/100] Train Loss: 1.3875
Val Event P(macro [1, 2, 3]): 0.0000 | R: 0.0000 | F1: 0.0000
Per-class P: [0.7842963 0.        0.        0.       ]  R: [1. 0. 0. 0.]  F1: [0.87910993 0.         0.         0.        ]
Val Loss: 1.3827
Epoch [13/100] Train Loss: 1.3872
Val Event P(macro [1, 2, 3]): 0.0000 | R: 0.0000 | F1: 0.0000
Per-class P: [0.7842963 0.        0.        0.       ]  R: [1. 0. 0. 0.]  F1: [0.87910993 0.         0.         0.        ]
Val Loss: 1.3807
Epoch [14/100] Train Loss: 1.3872
Val Event P(macro [1, 2, 3]): 0.0438 | R: 0.3333 | F1: 0.0774
Per-class P: [0.         0.         0.         0.13140741]  R: [0. 0. 0. 1.]  F1: [0.         0.         0.         0.23229017]
Val Loss: 1.3850
Early stopping triggered.

	Elapsed time is 18.9013 seconds.

==========================================================================================
Total parameters: 288196
Total memory (bytes): 2305568
Total memory (MB): 2.198760986328125
==========================================================================================

TRANSFORMER Joint Validation
Accuracy: 13.14% (3548/27000)
Per-Class Accuracy:
  No Thrust: 0.00% (0/21176)
  Chemical: 0.00% (0/466)
  Electric: 0.00% (0/1810)
  Impulsive: 100.00% (3548/3548)

Classification Report:
              precision    recall  f1-score   support

   No Thrust     0.0000    0.0000    0.0000     21176
    Chemical     0.0000    0.0000    0.0000       466
    Electric     0.0000    0.0000    0.0000      1810
   Impulsive     0.1314    1.0000    0.2323      3548

    accuracy                         0.1314     27000
   macro avg     0.0329    0.2500    0.0581     27000
weighted avg     0.0173    0.1314    0.0305     27000


Confusion Matrix (rows = true, cols = predicted):
             P_No Thrust  P_Chemical  P_Electric  P_Impulsive
T_No Thrust            0           0           0        21176
T_Chemical             0           0           0          466
T_Electric             0           0           0         1810
T_Impulsive            0           0           0         3548

TRANSFORMER Joint Inference Time	Elapsed time is 0.0786 seconds.

Entering TRANSFORMER Stage 1 (Detector) Training Loop
Epoch [1/100] Train Loss: 0.7012
Val Event P(macro [1]): 0.0000 | R: 0.0000 | F1: 0.0000
Per-class P: [0.7842963 0.       ]  R: [1. 0.]  F1: [0.87910993 0.        ]
Val Loss: 0.6722
Epoch [2/100] Train Loss: 0.6967
Val Event P(macro [1]): 0.2157 | R: 1.0000 | F1: 0.3549
Per-class P: [0.        0.2157037]  R: [0. 1.]  F1: [0.        0.3548623]
Val Loss: 0.6997
Epoch [3/100] Train Loss: 0.6944
Val Event P(macro [1]): 0.2157 | R: 1.0000 | F1: 0.3549
Per-class P: [0.        0.2157037]  R: [0. 1.]  F1: [0.        0.3548623]
Val Loss: 0.6976
Epoch [4/100] Train Loss: 0.6950
Val Event P(macro [1]): 0.2157 | R: 1.0000 | F1: 0.3549
Per-class P: [0.        0.2157037]  R: [0. 1.]  F1: [0.        0.3548623]
Val Loss: 0.6939
Epoch [5/100] Train Loss: 0.6953
Val Event P(macro [1]): 0.0000 | R: 0.0000 | F1: 0.0000
Per-class P: [0.7842963 0.       ]  R: [1. 0.]  F1: [0.87910993 0.        ]
Val Loss: 0.6835
Epoch [6/100] Train Loss: 0.6948
Val Event P(macro [1]): 0.2157 | R: 1.0000 | F1: 0.3549
Per-class P: [0.        0.2157037]  R: [0. 1.]  F1: [0.        0.3548623]
Val Loss: 0.7058
Epoch [7/100] Train Loss: 0.6937
Val Event P(macro [1]): 0.2157 | R: 1.0000 | F1: 0.3549
Per-class P: [0.        0.2157037]  R: [0. 1.]  F1: [0.        0.3548623]
Val Loss: 0.6933
Epoch [8/100] Train Loss: 0.6939
Val Event P(macro [1]): 0.0000 | R: 0.0000 | F1: 0.0000
Per-class P: [0.7842963 0.       ]  R: [1. 0.]  F1: [0.87910993 0.        ]
Val Loss: 0.6908
Epoch [9/100] Train Loss: 0.6936
Val Event P(macro [1]): 0.0000 | R: 0.0000 | F1: 0.0000
Per-class P: [0.7842963 0.       ]  R: [1. 0.]  F1: [0.87910993 0.        ]
Val Loss: 0.6888
Epoch [10/100] Train Loss: 0.6937
Val Event P(macro [1]): 0.0000 | R: 0.0000 | F1: 0.0000
Per-class P: [0.7842963 0.       ]  R: [1. 0.]  F1: [0.87910993 0.        ]
Val Loss: 0.6859
Epoch [11/100] Train Loss: 0.6934
Val Event P(macro [1]): 0.0000 | R: 0.0000 | F1: 0.0000
Per-class P: [0.7842963 0.       ]  R: [1. 0.]  F1: [0.87910993 0.        ]
Val Loss: 0.6821
Early stopping triggered.

	Elapsed time is 14.4652 seconds.

==========================================================================================
Total parameters: 288066
Total memory (bytes): 2304528
Total memory (MB): 2.1977691650390625
==========================================================================================

Entering TRANSFORMER Stage 2 (Type Classifier) Training Loop
Epoch [1/100] Train Loss: 1.1126
Val Event P(macro [0, 1, 2]): 0.1036 | R: 0.3333 | F1: 0.1581
Per-class P: [0.         0.31078297 0.        ]  R: [0. 1. 0.]  F1: [0.         0.47419439 0.        ]
Val Loss: 1.1068
Epoch [2/100] Train Loss: 1.1062
Val Event P(macro [0, 1, 2]): 0.2031 | R: 0.3333 | F1: 0.2524
Per-class P: [0.        0.        0.6092033]  R: [0. 0. 1.]  F1: [0.         0.         0.75714895]
Val Loss: 1.1001
Epoch [3/100] Train Loss: 1.1041
Val Event P(macro [0, 1, 2]): 0.2031 | R: 0.3333 | F1: 0.2524
Per-class P: [0.        0.        0.6092033]  R: [0. 0. 1.]  F1: [0.         0.         0.75714895]
Val Loss: 1.1009
Epoch [4/100] Train Loss: 1.1033
Val Event P(macro [0, 1, 2]): 0.1036 | R: 0.3333 | F1: 0.1581
Per-class P: [0.         0.31078297 0.        ]  R: [0. 1. 0.]  F1: [0.         0.47419439 0.        ]
Val Loss: 1.1012
Epoch [5/100] Train Loss: 1.1038
Val Event P(macro [0, 1, 2]): 0.0267 | R: 0.3333 | F1: 0.0494
Per-class P: [0.08001374 0.         0.        ]  R: [1. 0. 0.]  F1: [0.1481717 0.        0.       ]
Val Loss: 1.1053
Epoch [6/100] Train Loss: 1.1025
Val Event P(macro [0, 1, 2]): 0.0267 | R: 0.3333 | F1: 0.0494
Per-class P: [0.08001374 0.         0.        ]  R: [1. 0. 0.]  F1: [0.1481717 0.        0.       ]
Val Loss: 1.1016
Epoch [7/100] Train Loss: 1.1035
Val Event P(macro [0, 1, 2]): 0.0267 | R: 0.3333 | F1: 0.0494
Per-class P: [0.08001374 0.         0.        ]  R: [1. 0. 0.]  F1: [0.1481717 0.        0.       ]
Val Loss: 1.0981
Epoch [8/100] Train Loss: 1.1019
Val Event P(macro [0, 1, 2]): 0.0267 | R: 0.3333 | F1: 0.0494
Per-class P: [0.08001374 0.         0.        ]  R: [1. 0. 0.]  F1: [0.1481717 0.        0.       ]
Val Loss: 1.1103
Epoch [9/100] Train Loss: 1.1025
Val Event P(macro [0, 1, 2]): 0.0267 | R: 0.3333 | F1: 0.0494
Per-class P: [0.08001374 0.         0.        ]  R: [1. 0. 0.]  F1: [0.1481717 0.        0.       ]
Val Loss: 1.1055
Epoch [10/100] Train Loss: 1.1000
Val Event P(macro [0, 1, 2]): 0.1036 | R: 0.3333 | F1: 0.1581
Per-class P: [0.         0.31078297 0.        ]  R: [0. 1. 0.]  F1: [0.         0.47419439 0.        ]
Val Loss: 1.1001
Epoch [11/100] Train Loss: 1.1012
Val Event P(macro [0, 1, 2]): 0.1036 | R: 0.3333 | F1: 0.1581
Per-class P: [0.         0.31078297 0.        ]  R: [0. 1. 0.]  F1: [0.         0.47419439 0.        ]
Val Loss: 1.1062
Epoch [12/100] Train Loss: 1.1010
Val Event P(macro [0, 1, 2]): 0.1036 | R: 0.3333 | F1: 0.1581
Per-class P: [0.         0.31078297 0.        ]  R: [0. 1. 0.]  F1: [0.         0.47419439 0.        ]
Val Loss: 1.1035
Epoch [13/100] Train Loss: 1.0998
Val Event P(macro [0, 1, 2]): 0.0267 | R: 0.3333 | F1: 0.0494
Per-class P: [0.08001374 0.         0.        ]  R: [1. 0. 0.]  F1: [0.1481717 0.        0.       ]
Val Loss: 1.1000
Epoch [14/100] Train Loss: 1.0992
Val Event P(macro [0, 1, 2]): 0.0267 | R: 0.3333 | F1: 0.0494
Per-class P: [0.08001374 0.         0.        ]  R: [1. 0. 0.]  F1: [0.1481717 0.        0.       ]
Val Loss: 1.1003
Epoch [15/100] Train Loss: 1.1000
Val Event P(macro [0, 1, 2]): 0.1036 | R: 0.3333 | F1: 0.1581
Per-class P: [0.         0.31078297 0.        ]  R: [0. 1. 0.]  F1: [0.         0.47419439 0.        ]
Val Loss: 1.0991
Epoch [16/100] Train Loss: 1.0998
Val Event P(macro [0, 1, 2]): 0.2031 | R: 0.3333 | F1: 0.2524
Per-class P: [0.        0.        0.6092033]  R: [0. 0. 1.]  F1: [0.         0.         0.75714895]
Val Loss: 1.0979
Epoch [17/100] Train Loss: 1.0995
Val Event P(macro [0, 1, 2]): 0.1036 | R: 0.3333 | F1: 0.1581
Per-class P: [0.         0.31078297 0.        ]  R: [0. 1. 0.]  F1: [0.         0.47419439 0.        ]
Val Loss: 1.0982
Epoch [18/100] Train Loss: 1.0989
Val Event P(macro [0, 1, 2]): 0.1036 | R: 0.3333 | F1: 0.1581
Per-class P: [0.         0.31078297 0.        ]  R: [0. 1. 0.]  F1: [0.         0.47419439 0.        ]
Val Loss: 1.0996
Epoch [19/100] Train Loss: 1.0994
Val Event P(macro [0, 1, 2]): 0.0267 | R: 0.3333 | F1: 0.0494
Per-class P: [0.08001374 0.         0.        ]  R: [1. 0. 0.]  F1: [0.1481717 0.        0.       ]
Val Loss: 1.0982
Epoch [20/100] Train Loss: 1.0990
Val Event P(macro [0, 1, 2]): 0.0267 | R: 0.3333 | F1: 0.0494
Per-class P: [0.08001374 0.         0.        ]  R: [1. 0. 0.]  F1: [0.1481717 0.        0.       ]
Val Loss: 1.0981
Epoch [21/100] Train Loss: 1.0982
Val Event P(macro [0, 1, 2]): 0.1036 | R: 0.3333 | F1: 0.1581
Per-class P: [0.         0.31078297 0.        ]  R: [0. 1. 0.]  F1: [0.         0.47419439 0.        ]
Val Loss: 1.1002
Epoch [22/100] Train Loss: 1.0997
Val Event P(macro [0, 1, 2]): 0.2031 | R: 0.3333 | F1: 0.2524
Per-class P: [0.        0.        0.6092033]  R: [0. 0. 1.]  F1: [0.         0.         0.75714895]
Val Loss: 1.0978
Epoch [23/100] Train Loss: 1.0982
Val Event P(macro [0, 1, 2]): 0.1036 | R: 0.3333 | F1: 0.1581
Per-class P: [0.         0.31078297 0.        ]  R: [0. 1. 0.]  F1: [0.         0.47419439 0.        ]
Val Loss: 1.0985
Epoch [24/100] Train Loss: 1.0990
Val Event P(macro [0, 1, 2]): 0.1036 | R: 0.3333 | F1: 0.1581
Per-class P: [0.         0.31078297 0.        ]  R: [0. 1. 0.]  F1: [0.         0.47419439 0.        ]
Val Loss: 1.0985
Epoch [25/100] Train Loss: 1.0987
Val Event P(macro [0, 1, 2]): 0.1036 | R: 0.3333 | F1: 0.1581
Per-class P: [0.         0.31078297 0.        ]  R: [0. 1. 0.]  F1: [0.         0.47419439 0.        ]
Val Loss: 1.0976
Epoch [26/100] Train Loss: 1.0988
Val Event P(macro [0, 1, 2]): 0.0267 | R: 0.3333 | F1: 0.0494
Per-class P: [0.08001374 0.         0.        ]  R: [1. 0. 0.]  F1: [0.1481717 0.        0.       ]
Val Loss: 1.0978
Epoch [27/100] Train Loss: 1.0990
Val Event P(macro [0, 1, 2]): 0.1036 | R: 0.3333 | F1: 0.1581
Per-class P: [0.         0.31078297 0.        ]  R: [0. 1. 0.]  F1: [0.         0.47419439 0.        ]
Val Loss: 1.0986
Epoch [28/100] Train Loss: 1.0985
Val Event P(macro [0, 1, 2]): 0.1036 | R: 0.3333 | F1: 0.1581
Per-class P: [0.         0.31078297 0.        ]  R: [0. 1. 0.]  F1: [0.         0.47419439 0.        ]
Val Loss: 1.0984
Epoch [29/100] Train Loss: 1.0987
Val Event P(macro [0, 1, 2]): 0.2031 | R: 0.3333 | F1: 0.2524
Per-class P: [0.        0.        0.6092033]  R: [0. 0. 1.]  F1: [0.         0.         0.75714895]
Val Loss: 1.0967
Epoch [30/100] Train Loss: 1.0983
Val Event P(macro [0, 1, 2]): 0.2031 | R: 0.3333 | F1: 0.2524
Per-class P: [0.        0.        0.6092033]  R: [0. 0. 1.]  F1: [0.         0.         0.75714895]
Val Loss: 1.0966
Epoch [31/100] Train Loss: 1.0976
Val Event P(macro [0, 1, 2]): 0.0267 | R: 0.3333 | F1: 0.0494
Per-class P: [0.08001374 0.         0.        ]  R: [1. 0. 0.]  F1: [0.1481717 0.        0.       ]
Val Loss: 1.1004
Epoch [32/100] Train Loss: 1.0975
Val Event P(macro [0, 1, 2]): 0.0267 | R: 0.3333 | F1: 0.0494
Per-class P: [0.08001374 0.         0.        ]  R: [1. 0. 0.]  F1: [0.1481717 0.        0.       ]
Val Loss: 1.0971
Epoch [33/100] Train Loss: 1.0974
Val Event P(macro [0, 1, 2]): 0.2031 | R: 0.3333 | F1: 0.2524
Per-class P: [0.        0.        0.6092033]  R: [0. 0. 1.]  F1: [0.         0.         0.75714895]
Val Loss: 1.0946
Epoch [34/100] Train Loss: 1.0963
Val Event P(macro [0, 1, 2]): 0.1036 | R: 0.3333 | F1: 0.1581
Per-class P: [0.         0.31078297 0.        ]  R: [0. 1. 0.]  F1: [0.         0.47419439 0.        ]
Val Loss: 1.0945
Epoch [35/100] Train Loss: 1.0965
Val Event P(macro [0, 1, 2]): 0.1036 | R: 0.3333 | F1: 0.1581
Per-class P: [0.         0.31078297 0.        ]  R: [0. 1. 0.]  F1: [0.         0.47419439 0.        ]
Val Loss: 1.0962
Epoch [36/100] Train Loss: 1.0923
Val Event P(macro [0, 1, 2]): 0.2031 | R: 0.3333 | F1: 0.2524
Per-class P: [0.        0.        0.6092033]  R: [0. 0. 1.]  F1: [0.         0.         0.75714895]
Val Loss: 1.0832
Epoch [37/100] Train Loss: 1.0854
Val Event P(macro [0, 1, 2]): 0.0267 | R: 0.3333 | F1: 0.0494
Per-class P: [0.08001374 0.         0.        ]  R: [1. 0. 0.]  F1: [0.1481717 0.        0.       ]
Val Loss: 1.0783
Epoch [38/100] Train Loss: 1.0824
Val Event P(macro [0, 1, 2]): 0.2031 | R: 0.3333 | F1: 0.2524
Per-class P: [0.        0.        0.6092033]  R: [0. 0. 1.]  F1: [0.         0.         0.75714895]
Val Loss: 1.1337
Epoch [39/100] Train Loss: 1.0579
Val Event P(macro [0, 1, 2]): 0.5299 | R: 0.5947 | F1: 0.5459
Per-class P: [0.         0.61068702 0.9789259 ]  R: [0.         0.97237569 0.81172492]  F1: [0.         0.75021313 0.88751926]
Val Loss: 0.9865
Epoch [40/100] Train Loss: 1.0273
Val Event P(macro [0, 1, 2]): 0.6058 | R: 0.5179 | F1: 0.5293
Per-class P: [0.22522523 0.82578397 0.7663067 ]  R: [0.16094421 0.39281768 1.        ]  F1: [0.18773467 0.53238487 0.86769381]
Val Loss: 0.9130
Epoch [41/100] Train Loss: 0.9686
Val Event P(macro [0, 1, 2]): 0.3414 | R: 0.5418 | F1: 0.3968
Per-class P: [0.17685851 0.         0.84720885]  R: [0.63304721 0.         0.99239008]  F1: [0.2764761  0.         0.91407061]
Val Loss: 0.8157
Epoch [42/100] Train Loss: 0.8770
Val Event P(macro [0, 1, 2]): 0.5255 | R: 0.4972 | F1: 0.4623
Per-class P: [0.00737619 0.56902571 1.        ]  R: [0.01502146 0.99060773 0.48590755]  F1: [0.00989399 0.72283814 0.65402124]
Val Loss: 0.9297
Epoch [43/100] Train Loss: 0.8401
Val Event P(macro [0, 1, 2]): 0.5118 | R: 0.5193 | F1: 0.4701
Per-class P: [0.0091954  0.52628505 1.        ]  R: [0.00858369 0.99558011 0.55383315]  F1: [0.00887902 0.6885747  0.71286051]
Val Loss: 0.8960
Epoch [44/100] Train Loss: 0.8374
Val Event P(macro [0, 1, 2]): 0.6186 | R: 0.5286 | F1: 0.4510
Per-class P: [0.17791898 0.86440678 0.81335181]  R: [0.4806867  0.11270718 0.99239008]  F1: [0.25971014 0.19941349 0.89399518]
Val Loss: 0.7862
Epoch [45/100] Train Loss: 0.7994
Val Event P(macro [0, 1, 2]): 0.6448 | R: 0.6268 | F1: 0.6028
Per-class P: [0.15662651 0.81323283 0.96456693]  R: [0.44635193 0.53646409 0.89768884]  F1: [0.23188406 0.64647137 0.92992701]
Val Loss: 0.6641
Epoch [46/100] Train Loss: 0.8374
Val Event P(macro [0, 1, 2]): 0.6449 | R: 0.6172 | F1: 0.5724
Per-class P: [0.17552448 0.83112183 0.92791024]  R: [0.53862661 0.38066298 0.93235626]  F1: [0.26476793 0.52216749 0.93012793]
Val Loss: 0.6771
Epoch [47/100] Train Loss: 0.8297
Val Event P(macro [0, 1, 2]): 0.6178 | R: 0.5573 | F1: 0.5389
Per-class P: [0.18312986 0.83546099 0.83475581]  R: [0.35407725 0.32541436 0.99239008]  F1: [0.24140454 0.46838966 0.90677311]
Val Loss: 0.7706
Epoch [48/100] Train Loss: 0.7892
Val Event P(macro [0, 1, 2]): 0.6013 | R: 0.5591 | F1: 0.5700
Per-class P: [0.15128205 0.8142514  0.83823178]  R: [0.12660944 0.56187845 0.98872604]  F1: [0.13785047 0.66492318 0.90728049]
Val Loss: 0.7608
Epoch [49/100] Train Loss: 0.7844
Val Event P(macro [0, 1, 2]): 0.5958 | R: 0.4721 | F1: 0.3789
Per-class P: [0.18128655 0.86111111 0.7450651 ]  R: [0.39914163 0.01712707 1.        ]  F1: [0.24932976 0.03358613 0.85391095]
Val Loss: 1.0186
Epoch [50/100] Train Loss: 0.7819
Val Event P(macro [0, 1, 2]): 0.6573 | R: 0.6197 | F1: 0.5267
Per-class P: [0.18595279 0.86021505 0.92573164]  R: [0.69313305 0.22099448 0.94503946]  F1: [0.2932365  0.35164835 0.93528591]
Val Loss: 0.6547
Epoch [51/100] Train Loss: 0.7501
Val Event P(macro [0, 1, 2]): 0.6467 | R: 0.6178 | F1: 0.5877
Per-class P: [0.13329419 0.81513944 0.99162596]  R: [0.48712446 0.56519337 0.80101466]  F1: [0.20931305 0.6675367  0.88618647]
Val Loss: 0.6788
Epoch [52/100] Train Loss: 0.7699
Val Event P(macro [0, 1, 2]): 0.6174 | R: 0.5430 | F1: 0.4654
Per-class P: [0.1488764  0.84718499 0.85616998]  R: [0.56866953 0.17458564 0.88585118]  F1: [0.23597507 0.28950985 0.87075772]
Val Loss: 0.7963
Epoch [53/100] Train Loss: 0.8798
Val Event P(macro [0, 1, 2]): 0.6454 | R: 0.6232 | F1: 0.5926
Per-class P: [0.14848883 0.8067591  0.98094028]  R: [0.48497854 0.51436464 0.87034949]  F1: [0.22736419 0.62820513 0.9223417 ]
Val Loss: 0.6514
Epoch [54/100] Train Loss: 0.8784
Val Event P(macro [0, 1, 2]): 0.4668 | R: 0.4719 | F1: 0.4604
Per-class P: [0.         0.66666667 0.73383525]  R: [0.         0.48176796 0.93404735]  F1: [0.         0.55933291 0.8219246 ]
Val Loss: 0.9325
Epoch [55/100] Train Loss: 0.9406
Val Event P(macro [0, 1, 2]): 0.5641 | R: 0.4470 | F1: 0.4429
Per-class P: [0.15588235 0.83143939 0.70500404]  R: [0.11373391 0.24254144 0.98478016]  F1: [0.13151365 0.37553464 0.82173095]
Val Loss: 1.0024
Epoch [56/100] Train Loss: 0.9217
Val Event P(macro [0, 1, 2]): 0.5479 | R: 0.5412 | F1: 0.5197
Per-class P: [0.0606372  0.61464355 0.96852837]  R: [0.12660944 0.88121547 0.61583991]  F1: [0.08200139 0.72417707 0.75292901]
Val Loss: 0.8813
Epoch [57/100] Train Loss: 0.8900
Val Event P(macro [0, 1, 2]): 0.6365 | R: 0.5943 | F1: 0.5283
Per-class P: [0.16617211 0.83908046 0.90424929]  R: [0.60085837 0.28232044 0.89966178]  F1: [0.26034403 0.42248863 0.9019497 ]
Val Loss: 0.7658
Epoch [58/100] Train Loss: 0.8613
Val Event P(macro [0, 1, 2]): 0.6386 | R: 0.5998 | F1: 0.5282
Per-class P: [0.18112245 0.83941606 0.89536138]  R: [0.60944206 0.25414365 0.93573844]  F1: [0.2792527  0.39016115 0.91510474]
Val Loss: 0.7398
Epoch [59/100] Train Loss: 0.8032
Val Event P(macro [0, 1, 2]): 0.6441 | R: 0.6222 | F1: 0.5948
Per-class P: [0.14822404 0.80782313 0.97613065]  R: [0.46566524 0.52486188 0.87598647]  F1: [0.22487047 0.63630275 0.92335116]
Val Loss: 0.6733
Epoch [60/100] Train Loss: 0.7350
Val Event P(macro [0, 1, 2]): 0.6028 | R: 0.5749 | F1: 0.5662
Per-class P: [0.0608565  0.75185874 0.99572832]  R: [0.17381974 0.89392265 0.65698985]  F1: [0.09015025 0.81675921 0.79164544]
Val Loss: 0.7813
Epoch [61/100] Train Loss: 0.7173
Val Event P(macro [0, 1, 2]): 0.6342 | R: 0.5459 | F1: 0.4546
Per-class P: [0.18089725 0.88405797 0.8377804 ]  R: [0.53648069 0.10110497 1.        ]  F1: [0.27056277 0.18145761 0.9117307 ]
Val Loss: 0.8104
Epoch [62/100] Train Loss: 0.6930
Val Event P(macro [0, 1, 2]): 0.6542 | R: 0.6364 | F1: 0.6008
Per-class P: [0.15138191 0.81447587 0.99669967]  R: [0.51716738 0.54088398 0.85118377]  F1: [0.23420797 0.6500664  0.91821222]
Val Loss: 0.6132
Epoch [63/100] Train Loss: 0.6681
Val Event P(macro [0, 1, 2]): 0.6774 | R: 0.6765 | F1: 0.6291
Per-class P: [0.21964856 0.83608247 0.976402  ]  R: [0.59012876 0.4480663  0.99126268]  F1: [0.3201397  0.58345324 0.98377622]
Val Loss: 0.5518
Epoch [64/100] Train Loss: 0.6254
Val Event P(macro [0, 1, 2]): 0.6843 | R: 0.6893 | F1: 0.6483
Per-class P: [0.23426573 0.84078212 0.97781475]  R: [0.5751073  0.49889503 0.99379932]  F1: [0.33291925 0.62621359 0.98574224]
Val Loss: 0.5224
Epoch [65/100] Train Loss: 0.6071
Val Event P(macro [0, 1, 2]): 0.6968 | R: 0.7090 | F1: 0.6987
Per-class P: [0.26362297 0.8297491  0.99711899]  R: [0.38412017 0.76740331 0.97547914]  F1: [0.31266376 0.79735936 0.98618037]
Val Loss: 0.4970
Epoch [66/100] Train Loss: 0.5662
Val Event P(macro [0, 1, 2]): 0.7111 | R: 0.7229 | F1: 0.7116
Per-class P: [0.29941003 0.83775253 0.99606962]  R: [0.43562232 0.73314917 1.        ]  F1: [0.3548951  0.78196818 0.99803094]
Val Loss: 0.4723
Epoch [67/100] Train Loss: 0.5507
Val Event P(macro [0, 1, 2]): 0.7166 | R: 0.7300 | F1: 0.7184
Per-class P: [0.31034483 0.84007467 0.99943662]  R: [0.44420601 0.74585635 1.        ]  F1: [0.36540159 0.79016681 0.99971823]
Val Loss: 0.4623
Epoch [68/100] Train Loss: 0.5615
Val Event P(macro [0, 1, 2]): 0.6061 | R: 0.6079 | F1: 0.5993
Per-class P: [0.01897019 0.79946761 1.        ]  R: [0.03004292 0.99558011 0.79819617]  F1: [0.02325581 0.88681102 0.88777429]
Val Loss: 0.6485
Epoch [69/100] Train Loss: 0.5376
Val Event P(macro [0, 1, 2]): 0.7171 | R: 0.6776 | F1: 0.6556
Per-class P: [0.34920635 0.80213904 1.        ]  R: [0.0472103  0.99447514 0.99126268]  F1: [0.0831758  0.88801184 0.99561217]
Val Loss: 0.4754
Epoch [70/100] Train Loss: 0.5248
Val Event P(macro [0, 1, 2]): 0.7123 | R: 0.7238 | F1: 0.7139
Per-class P: [0.30214724 0.83538841 0.99943662]  R: [0.42274678 0.74861878 1.        ]  F1: [0.35241503 0.78962704 0.99971823]
Val Loss: 0.4514
Epoch [71/100] Train Loss: 0.5329
Val Event P(macro [0, 1, 2]): 0.7313 | R: 0.7017 | F1: 0.7012
Per-class P: [0.37864078 0.81532604 1.        ]  R: [0.16738197 0.94640884 0.99126268]  F1: [0.23214286 0.8759908  0.99561217]
Val Loss: 0.4655
Epoch [72/100] Train Loss: 0.5203
Val Event P(macro [0, 1, 2]): 0.6849 | R: 0.6833 | F1: 0.6708
Per-class P: [0.2459893  0.80883022 1.        ]  R: [0.09871245 0.98176796 0.96956032]  F1: [0.14088821 0.88694784 0.98454493]
Val Loss: 0.4847
Epoch [73/100] Train Loss: 0.5344
Val Event P(macro [0, 1, 2]): 0.7124 | R: 0.6853 | F1: 0.5107
Per-class P: [0.21476834 0.92424242 0.99831176]  R: [0.95493562 0.10110497 1.        ]  F1: [0.35066982 0.18227092 0.99915517]
Val Loss: 0.4661
Epoch [74/100] Train Loss: 0.5231
Val Event P(macro [0, 1, 2]): 0.7550 | R: 0.6922 | F1: 0.6824
Per-class P: [0.45544554 0.80961015 1.        ]  R: [0.09871245 0.98674033 0.99126268]  F1: [0.1622575  0.88944223 0.99561217]
Val Loss: 0.4755
Epoch [75/100] Train Loss: 0.5304
Val Event P(macro [0, 1, 2]): 0.8289 | R: 0.6980 | F1: 0.6918
Per-class P: [0.67567568 0.81108084 1.        ]  R: [0.10729614 0.98674033 1.        ]  F1: [0.18518519 0.89032901 1.        ]
Val Loss: 0.4560
Epoch [76/100] Train Loss: 0.5134
Val Event P(macro [0, 1, 2]): 0.6925 | R: 0.6813 | F1: 0.6652
Per-class P: [0.27131783 0.80620504 1.        ]  R: [0.0751073  0.99060773 0.97829763]  F1: [0.11764706 0.88894398 0.98902978]
Val Loss: 0.4814
Epoch [77/100] Train Loss: 0.5013
Val Event P(macro [0, 1, 2]): 0.7232 | R: 0.7315 | F1: 0.7260
Per-class P: [0.33215548 0.8374269  1.        ]  R: [0.40343348 0.79116022 1.        ]  F1: [0.36434109 0.81363636 1.        ]
Val Loss: 0.4446
Epoch [78/100] Train Loss: 0.4951
Val Event P(macro [0, 1, 2]): 0.7178 | R: 0.7363 | F1: 0.7176
Per-class P: [0.30728477 0.84615385 1.        ]  R: [0.49785408 0.71104972 1.        ]  F1: [0.38001638 0.77274092 1.        ]
Val Loss: 0.4421
Epoch [79/100] Train Loss: 0.5011
Val Event P(macro [0, 1, 2]): 0.7206 | R: 0.7389 | F1: 0.7215
Per-class P: [0.31463748 0.84724919 1.        ]  R: [0.49356223 0.72320442 1.        ]  F1: [0.38429407 0.78032787 1.        ]
Val Loss: 0.4426
Epoch [80/100] Train Loss: 0.5019
Val Event P(macro [0, 1, 2]): 0.7213 | R: 0.7468 | F1: 0.7146
Per-class P: [0.30400891 0.85994194 1.        ]  R: [0.58583691 0.65469613 1.        ]  F1: [0.40029326 0.7434128  1.        ]
Val Loss: 0.4414
Epoch [81/100] Train Loss: 0.4989
Val Event P(macro [0, 1, 2]): 0.7208 | R: 0.7122 | F1: 0.7151
Per-class P: [0.34048257 0.82186022 1.        ]  R: [0.27253219 0.8640884  1.        ]  F1: [0.30274136 0.84244546 1.        ]
Val Loss: 0.4459
Epoch [82/100] Train Loss: 0.4949
Val Event P(macro [0, 1, 2]): 0.7235 | R: 0.7539 | F1: 0.7011
Per-class P: [0.29299363 0.87765506 1.        ]  R: [0.69098712 0.57071823 1.        ]  F1: [0.4115016  0.69166388 1.        ]
Val Loss: 0.4415
Epoch [83/100] Train Loss: 0.5009
Val Event P(macro [0, 1, 2]): 0.7055 | R: 0.7089 | F1: 0.5907
Per-class P: [0.23183391 0.88518519 0.99943662]  R: [0.86266094 0.2640884  1.        ]  F1: [0.36545455 0.40680851 0.99971823]
Val Loss: 0.4472
Epoch [84/100] Train Loss: 0.5015
Val Event P(macro [0, 1, 2]): 0.7153 | R: 0.7135 | F1: 0.7143
Per-class P: [0.32207207 0.82368996 1.        ]  R: [0.30686695 0.83370166 1.        ]  F1: [0.31428571 0.82866557 1.        ]
Val Loss: 0.4461
Epoch [85/100] Train Loss: 0.4956
Val Event P(macro [0, 1, 2]): 0.7231 | R: 0.7502 | F1: 0.7153
Per-class P: [0.30576714 0.86366986 1.        ]  R: [0.60300429 0.64751381 1.        ]  F1: [0.40577617 0.74013262 1.        ]
Val Loss: 0.4424
Epoch [86/100] Train Loss: 0.4960
Val Event P(macro [0, 1, 2]): 0.6333 | R: 0.6650 | F1: 0.6385
Per-class P: [0.1        0.79982324 1.        ]  R: [0.027897   1.         0.96702368]  F1: [0.04362416 0.88877977 0.98323542]
Val Loss: 0.4855
Epoch [87/100] Train Loss: 0.4916
Val Event P(macro [0, 1, 2]): 0.7839 | R: 0.7018 | F1: 0.7003
Per-class P: [0.53846154 0.81333951 1.        ]  R: [0.13519313 0.97016575 1.        ]  F1: [0.2161235  0.88485765 1.        ]
Val Loss: 0.4557
Epoch [88/100] Train Loss: 0.4900
Val Event P(macro [0, 1, 2]): 0.7154 | R: 0.7120 | F1: 0.7134
Per-class P: [0.32387707 0.82245008 1.        ]  R: [0.29399142 0.84198895 1.        ]  F1: [0.30821147 0.83210483 1.        ]
Val Loss: 0.4436
Epoch [89/100] Train Loss: 0.4826
Val Event P(macro [0, 1, 2]): 0.7235 | R: 0.7104 | F1: 0.7139
Per-class P: [0.3502994  0.82028836 1.        ]  R: [0.25107296 0.8801105  1.        ]  F1: [0.2925     0.84914712 1.        ]
Val Loss: 0.4448
Epoch [90/100] Train Loss: 0.4964
Val Event P(macro [0, 1, 2]): 0.7148 | R: 0.7099 | F1: 0.7118
Per-class P: [0.32345679 0.82095136 1.        ]  R: [0.28111588 0.84861878 1.        ]  F1: [0.30080367 0.83455583 1.        ]
Val Loss: 0.4444
Early stopping triggered.

	Elapsed time is 121.2580 seconds.

==========================================================================================
Total parameters: 288131
Total memory (bytes): 2305048
Total memory (MB): 2.1982650756835938
==========================================================================================

TRANSFORMER Cascade Evaluation

--- Cascade Stage 1 (Detector) Standalone Metrics ---
Accuracy: 78.43% (21176/27000)
Per-Class Accuracy:
  No Thrust: 100.00% (21176/21176)
  Thrust: 0.00% (0/5824)

Classification Report:
              precision    recall  f1-score   support

   No Thrust     0.7843    1.0000    0.8791     21176
      Thrust     0.0000    0.0000    0.0000      5824

    accuracy                         0.7843     27000
   macro avg     0.3921    0.5000    0.4396     27000
weighted avg     0.6151    0.7843    0.6895     27000


Confusion Matrix (rows = true, cols = predicted):
             P_No Thrust  P_Thrust
T_No Thrust        21176         0
T_Thrust            5824         0

--- Cascade End-to-End (Stage1 -> Stage2 combined) Metrics ---
Accuracy: 78.43% (21176/27000)
Per-Class Accuracy:
  No Thrust: 100.00% (21176/21176)
  Chemical: 0.00% (0/466)
  Electric: 0.00% (0/1810)
  Impulsive: 0.00% (0/3548)

Classification Report:
              precision    recall  f1-score   support

   No Thrust     0.7843    1.0000    0.8791     21176
    Chemical     0.0000    0.0000    0.0000       466
    Electric     0.0000    0.0000    0.0000      1810
   Impulsive     0.0000    0.0000    0.0000      3548

    accuracy                         0.7843     27000
   macro avg     0.1961    0.2500    0.2198     27000
weighted avg     0.6151    0.7843    0.6895     27000


Confusion Matrix (rows = true, cols = predicted):
             P_No Thrust  P_Chemical  P_Electric  P_Impulsive
T_No Thrust        21176           0           0            0
T_Chemical           466           0           0            0
T_Electric          1810           0           0            0
T_Impulsive         3548           0           0            0

No frames with correct stage-1 positive detection to condition stage-2 accuracy on.
Stage-1 (detector-only) accuracy: 78.43%

TRANSFORMER Cascade Inference Time	Elapsed time is 0.1495 seconds.

================================================================================
Backbone: CNN
================================================================================

Entering CNN Joint (4-class) Training Loop
Epoch [1/100] Train Loss: 1.3392
Val Event P(macro [1, 2, 3]): 0.1083 | R: 0.3908 | F1: 0.1415
Per-class P: [0.93355556 0.         0.08761111 0.23733333]  R: [0.19838496 0.         0.87127072 0.30101466]  F1: [0.32723166 0.         0.15921252 0.26540755]
Val Loss: 1.3358
Epoch [2/100] Train Loss: 1.3241
Val Event P(macro [1, 2, 3]): 0.1052 | R: 0.3580 | F1: 0.1594
Per-class P: [0.90666667 0.01955556 0.08555556 0.21050505]  R: [0.26973933 0.1888412  0.29779006 0.58737317]  F1: [0.41578105 0.035441   0.13292232 0.30993456]
Val Loss: 1.3047
Epoch [3/100] Train Loss: 1.3137
Val Event P(macro [1, 2, 3]): 0.1044 | R: 0.4268 | F1: 0.1564
Per-class P: [0.98111111 0.02039996 0.09016624 0.2025641 ]  R: [0.0833963  0.43562232 0.17679558 0.66798196]  F1: [0.15372563 0.03897475 0.11942527 0.31086044]
Val Loss: 1.3332
Epoch [4/100] Train Loss: 1.3105
Val Event P(macro [1, 2, 3]): 0.1156 | R: 0.3987 | F1: 0.1533
Per-class P: [0.94722222 0.01907407 0.09037037 0.23733333]  R: [0.16103136 0.22103004 0.67403315 0.30101466]  F1: [0.27526639 0.03511763 0.15937296 0.26540755]
Val Loss: 1.3395
Epoch [5/100] Train Loss: 1.3107
Val Event P(macro [1, 2, 3]): 0.1061 | R: 0.3910 | F1: 0.1512
Per-class P: [0.91962963 0.         0.09098039 0.22746032]  R: [0.23451077 0.         0.76906077 0.40388952]  F1: [0.37372065 0.         0.16271186 0.29102356]
Val Loss: 1.2907
Epoch [6/100] Train Loss: 1.3053
Val Event P(macro [1, 2, 3]): 0.0796 | R: 0.4104 | F1: 0.1144
Per-class P: [0.98111111 0.01994152 0.         0.21876543]  R: [0.0833963  0.73175966 0.         0.4994363 ]  F1: [0.15372563 0.038825   0.         0.30425824]
Val Loss: 1.3431
Epoch [7/100] Train Loss: 1.3054
Val Event P(macro [1, 2, 3]): 0.1073 | R: 0.3696 | F1: 0.1317
Per-class P: [0.90296296 0.         0.08761111 0.23416667]  R: [0.23026067 0.         0.87127072 0.23759865]  F1: [0.36694762 0.         0.15921252 0.23587017]
Val Loss: 1.3260
Epoch [8/100] Train Loss: 1.3069
Val Event P(macro [1, 2, 3]): 0.1090 | R: 0.3868 | F1: 0.1688
Per-class P: [0.90666667 0.02555556 0.09901235 0.2025641 ]  R: [0.26973933 0.04935622 0.44309392 0.66798196]  F1: [0.41578105 0.03367496 0.16185671 0.31086044]
Val Loss: 1.2887
Epoch [9/100] Train Loss: 1.3031
Val Event P(macro [1, 2, 3]): 0.1050 | R: 0.4200 | F1: 0.1641
Per-class P: [0.96148148 0.01991258 0.09248015 0.2025641 ]  R: [0.12259161 0.2639485  0.3281768  0.66798196]  F1: [0.21745686 0.03703146 0.14429734 0.31086044]
Val Loss: 1.3185
Epoch [10/100] Train Loss: 1.3035
Val Event P(macro [1, 2, 3]): 0.1003 | R: 0.4006 | F1: 0.1588
Per-class P: [0.91962963 0.         0.09673543 0.20406406]  R: [0.23451077 0.         0.53370166 0.66798196]  F1: [0.37372065 0.         0.16378433 0.31262366]
Val Loss: 1.3020
Epoch [11/100] Train Loss: 1.3028
Val Event P(macro [1, 2, 3]): 0.1050 | R: 0.3950 | F1: 0.1541
Per-class P: [0.91962963 0.         0.09208333 0.22291667]  R: [0.23451077 0.         0.73259669 0.45236753]  F1: [0.37372065 0.         0.16360271 0.29866022]
Val Loss: 1.2994
Epoch [12/100] Train Loss: 1.2882
Val Event P(macro [1, 2, 3]): 0.2416 | R: 0.5089 | F1: 0.2642
Per-class P: [0.93794842 0.0213214  0.09731998 0.60618115]  R: [0.22841896 0.17381974 0.79447514 0.55834273]  F1: [0.36737174 0.03798359 0.17339925 0.58127934]
Val Loss: 1.2034
Epoch [13/100] Train Loss: 1.0404
Val Event P(macro [1, 2, 3]): 0.2880 | R: 0.6864 | F1: 0.3551
Per-class P: [0.97368421 0.02920335 0.1258956  0.70883362]  R: [0.23937476 0.58369099 0.54364641 0.93179256]  F1: [0.38427716 0.05562372 0.20444629 0.80516318]
Val Loss: 0.9372
Epoch [14/100] Train Loss: 0.8693
Val Event P(macro [1, 2, 3]): 0.3578 | R: 0.7067 | F1: 0.4136
Per-class P: [0.95356936 0.06388752 0.12586855 0.88378167]  R: [0.46552701 0.55579399 0.61049724 0.95377678]  F1: [0.62562671 0.11460177 0.20870715 0.91744612]
Val Loss: 0.7858
Epoch [15/100] Train Loss: 0.7625
Val Event P(macro [1, 2, 3]): 0.3938 | R: 0.7759 | F1: 0.4453
Per-class P: [0.96416093 0.09141355 0.12566072 0.96432616]  R: [0.45608236 0.67167382 0.6961326  0.95997745]  F1: [0.6192415  0.16092545 0.21289178 0.96214689]
Val Loss: 0.7295
Epoch [16/100] Train Loss: 0.5883
Val Event P(macro [1, 2, 3]): 0.4183 | R: 0.8929 | F1: 0.4914
Per-class P: [0.97658527 0.14862861 0.13861849 0.9675484 ]  R: [0.45891575 0.86051502 0.81823204 1.        ]  F1: [0.62440968 0.25347661 0.2370738  0.98350658]
Val Loss: 0.5682
Epoch [17/100] Train Loss: 0.4498
Val Event P(macro [1, 2, 3]): 0.5274 | R: 0.9507 | F1: 0.6189
Per-class P: [0.98466127 0.43812375 0.15422792 0.98995536]  R: [0.5456649  0.94206009 0.90994475 1.        ]  F1: [0.70219683 0.59809264 0.2637521  0.99495233]
Val Loss: 0.4437
Epoch [18/100] Train Loss: 0.3414
Val Event P(macro [1, 2, 3]): 0.5085 | R: 0.9300 | F1: 0.6023
Per-class P: [0.97449474 0.367494   0.16622932 0.99189265]  R: [0.61706649 0.98497854 0.80497238 1.        ]  F1: [0.75564551 0.53527697 0.27555556 0.99592982]
Val Loss: 0.4036
Epoch [19/100] Train Loss: 0.3233
Val Event P(macro [1, 2, 3]): 0.5592 | R: 0.9374 | F1: 0.6514
Per-class P: [0.9766847  0.5155902  0.16740088 0.9946734 ]  R: [0.63104458 0.99356223 0.81878453 1.        ]  F1: [0.76671065 0.67888563 0.27797055 0.99732959]
Val Loss: 0.3889
Epoch [20/100] Train Loss: 0.3013
Val Event P(macro [1, 2, 3]): 0.5931 | R: 0.9617 | F1: 0.6761
Per-class P: [0.98747576 0.62102351 0.16128408 0.99690924]  R: [0.5771156  0.96351931 0.92154696 1.        ]  F1: [0.72848116 0.75525652 0.27452271 0.99845223]
Val Loss: 0.4405
Epoch [21/100] Train Loss: 0.2842
Val Event P(macro [1, 2, 3]): 0.6026 | R: 0.9659 | F1: 0.6852
Per-class P: [0.98772374 0.64366197 0.16409648 1.        ]  R: [0.58892142 0.9806867  0.91712707 1.        ]  F1: [0.73788533 0.77721088 0.27838336 1.        ]
Val Loss: 0.3848
Epoch [22/100] Train Loss: 0.2890
Val Event P(macro [1, 2, 3]): 0.5732 | R: 0.9725 | F1: 0.6626
Per-class P: [0.98918607 0.56014581 0.15978695 0.99971823]  R: [0.56587646 0.98927039 0.9281768  1.        ]  F1: [0.71991589 0.71528317 0.27263875 0.9998591 ]
Val Loss: 0.4097
Epoch [23/100] Train Loss: 0.2964
Val Event P(macro [1, 2, 3]): 0.5976 | R: 0.9361 | F1: 0.6722
Per-class P: [0.98109855 0.63785395 0.15487406 1.        ]  R: [0.57357386 0.91845494 0.89005525 0.99971815]  F1: [0.72392419 0.7528584  0.26383885 0.99985906]
Val Loss: 0.4348
Epoch [24/100] Train Loss: 0.2786
Val Event P(macro [1, 2, 3]): 0.6089 | R: 0.9641 | F1: 0.6924
Per-class P: [0.98549073 0.65770863 0.16898027 1.        ]  R: [0.6126275  0.99785408 0.89447514 1.        ]  F1: [0.75556203 0.79283887 0.2842595  1.        ]
Val Loss: 0.3587
Epoch [25/100] Train Loss: 0.3355
Val Event P(macro [1, 2, 3]): 0.5571 | R: 0.9261 | F1: 0.6346
Per-class P: [0.9754857  0.51965602 0.15215978 0.99941657]  R: [0.55246505 0.90772532 0.90497238 0.96561443]  F1: [0.70541771 0.6609375  0.2605169  0.98222477]
Val Loss: 0.4530
Epoch [26/100] Train Loss: 0.2842
Val Event P(macro [1, 2, 3]): 0.5584 | R: 0.9682 | F1: 0.6511
Per-class P: [0.98752898 0.51103753 0.16429212 1.        ]  R: [0.58334907 0.99356223 0.91104972 1.        ]  F1: [0.73344218 0.67492711 0.27838271 1.        ]
Val Loss: 0.3903
Epoch [27/100] Train Loss: 0.3175
Val Event P(macro [1, 2, 3]): 0.4225 | R: 0.8540 | F1: 0.5119
Per-class P: [0.95889749 0.18666107 0.1768018  0.90417941]  R: [0.65550623 0.95493562 0.60718232 1.        ]  F1: [0.77869404 0.3122807  0.27385996 0.9496788 ]
Val Loss: 0.5031
Epoch [28/100] Train Loss: 0.2785
Val Event P(macro [1, 2, 3]): 0.6354 | R: 0.9644 | F1: 0.7090
Per-class P: [0.98599288 0.74157303 0.16473201 1.        ]  R: [0.6016717  0.99141631 0.90165746 1.        ]  F1: [0.74731656 0.84848485 0.2785696  1.        ]
Val Loss: 0.3701
Epoch [29/100] Train Loss: 0.2724
Val Event P(macro [1, 2, 3]): 0.4801 | R: 0.8739 | F1: 0.5642
Per-class P: [0.95929889 0.26057143 0.17996289 0.99971823]  R: [0.69007367 0.97854077 0.64309392 1.        ]  F1: [0.80271361 0.41155235 0.28122735 0.9998591 ]
Val Loss: 0.4411
Epoch [30/100] Train Loss: 0.2753
Val Event P(macro [1, 2, 3]): 0.5995 | R: 0.9578 | F1: 0.6776
Per-class P: [0.98686398 0.64244186 0.15592399 1.        ]  R: [0.56054023 0.94849785 0.92486188 1.        ]  F1: [0.7149741  0.7660312  0.26685796 1.        ]
Val Loss: 0.4135
Epoch [31/100] Train Loss: 0.2588
Val Event P(macro [1, 2, 3]): 0.6268 | R: 0.9785 | F1: 0.7027
Per-class P: [0.99132518 0.7211838  0.15925649 1.        ]  R: [0.56663204 0.99356223 0.94198895 1.        ]  F1: [0.72109375 0.83574007 0.27245126 1.        ]
Val Loss: 0.4035
Epoch [32/100] Train Loss: 0.2509
Val Event P(macro [1, 2, 3]): 0.6513 | R: 0.9820 | F1: 0.7183
Per-class P: [0.99282975 0.79518072 0.15886733 1.        ]  R: [0.56233472 0.99141631 0.95469613 1.        ]  F1: [0.71799819 0.88252149 0.27240482 1.        ]
Val Loss: 0.4067
Epoch [33/100] Train Loss: 0.2561
Val Event P(macro [1, 2, 3]): 0.6596 | R: 0.9798 | F1: 0.7232
Per-class P: [0.99169918 0.82092199 0.15791901 1.        ]  R: [0.56417643 0.99356223 0.94585635 1.        ]  F1: [0.71920055 0.89902913 0.27065054 1.        ]
Val Loss: 0.4000
Epoch [34/100] Train Loss: 0.2496
Val Event P(macro [1, 2, 3]): 0.6696 | R: 0.9575 | F1: 0.7320
Per-class P: [0.9837112  0.83725136 0.17162891 1.        ]  R: [0.6331224  0.99356223 0.87900552 1.        ]  F1: [0.77040655 0.90873405 0.28718412 1.        ]
Val Loss: 0.3502
Epoch [35/100] Train Loss: 0.2494
Val Event P(macro [1, 2, 3]): 0.6714 | R: 0.9846 | F1: 0.7309
Per-class P: [0.99377076 0.85424354 0.1598896  1.        ]  R: [0.56502645 0.99356223 0.96022099 1.        ]  F1: [0.72043593 0.91865079 0.27413249 1.        ]
Val Loss: 0.4109
Epoch [36/100] Train Loss: 0.2586
Val Event P(macro [1, 2, 3]): 0.6528 | R: 0.9766 | F1: 0.7210
Per-class P: [0.99019452 0.79487179 0.16342149 1.        ]  R: [0.58656026 0.99785408 0.9320442  1.        ]  F1: [0.73671412 0.88487155 0.27808456 1.        ]
Val Loss: 0.3856
Epoch [37/100] Train Loss: 0.2500
Val Event P(macro [1, 2, 3]): 0.6400 | R: 0.9726 | F1: 0.7119
Per-class P: [0.98907409 0.75737705 0.16276813 1.        ]  R: [0.58566301 0.99141631 0.92651934 1.        ]  F1: [0.73569628 0.85873606 0.27689259 1.        ]
Val Loss: 0.3869
Epoch [38/100] Train Loss: 0.2479
Val Event P(macro [1, 2, 3]): 0.6627 | R: 0.9787 | F1: 0.7254
Per-class P: [0.99157119 0.82795699 0.16020236 1.        ]  R: [0.57220438 0.99141631 0.94475138 1.        ]  F1: [0.72565577 0.90234375 0.27395066 1.        ]
Val Loss: 0.4073
Epoch [39/100] Train Loss: 0.2539
Val Event P(macro [1, 2, 3]): 0.6742 | R: 0.9709 | F1: 0.7307
Per-class P: [0.98912431 0.86252354 0.16016368 1.        ]  R: [0.57980733 0.98283262 0.92983425 1.        ]  F1: [0.73107267 0.91875627 0.27325865 1.        ]
Val Loss: 0.3906
Epoch [40/100] Train Loss: 0.2660
Val Event P(macro [1, 2, 3]): 0.6424 | R: 0.9730 | F1: 0.7134
Per-class P: [0.98904526 0.76528926 0.1619766  1.        ]  R: [0.58410465 0.99356223 0.92541436 1.        ]  F1: [0.73445757 0.86461251 0.27569747 1.        ]
Val Loss: 0.3837
Epoch [41/100] Train Loss: 0.2448
Val Event P(macro [1, 2, 3]): 0.6741 | R: 0.9774 | F1: 0.7334
Per-class P: [0.99065644 0.85925926 0.16313763 1.        ]  R: [0.58580468 0.99570815 0.93646409 1.        ]  F1: [0.73624547 0.92246521 0.27786885 1.        ]
Val Loss: 0.3831
Epoch [42/100] Train Loss: 0.2413
Val Event P(macro [1, 2, 3]): 0.6486 | R: 0.9719 | F1: 0.7189
Per-class P: [0.98867866 0.77852349 0.16716867 1.        ]  R: [0.60209671 0.99570815 0.9198895  1.        ]  F1: [0.74841512 0.87382298 0.28292268 1.        ]
Val Loss: 0.3654
Epoch [43/100] Train Loss: 0.2414
Val Event P(macro [1, 2, 3]): 0.6842 | R: 0.9757 | F1: 0.7392
Per-class P: [0.99002296 0.88888889 0.16367343 1.        ]  R: [0.59043257 0.99570815 0.93149171 1.        ]  F1: [0.73971306 0.93927126 0.27842457 1.        ]
Val Loss: 0.3777
Epoch [44/100] Train Loss: 0.2397
Val Event P(macro [1, 2, 3]): 0.6965 | R: 0.9770 | F1: 0.7457
Per-class P: [0.99077975 0.926      0.16362935 1.        ]  R: [0.58863808 0.99356223 0.93756906 1.        ]  F1: [0.73851349 0.95859213 0.27863065 1.        ]
Val Loss: 0.3789
Early stopping triggered.

	Elapsed time is 339.5602 seconds.

==========================================================================================
Total parameters: 473092
Total memory (bytes): 3784736
Total memory (MB): 3.609405517578125
==========================================================================================

CNN Joint Validation
Accuracy: 67.31% (18173/27000)
Per-Class Accuracy:
  No Thrust: 58.86% (12465/21176)
  Chemical: 99.36% (463/466)
  Electric: 93.76% (1697/1810)
  Impulsive: 100.00% (3548/3548)

Classification Report:
              precision    recall  f1-score   support

   No Thrust     0.9908    0.5886    0.7385     21176
    Chemical     0.9260    0.9936    0.9586       466
    Electric     0.1636    0.9376    0.2786      1810
   Impulsive     1.0000    1.0000    1.0000      3548

    accuracy                         0.6731     27000
   macro avg     0.7701    0.8799    0.7439     27000
weighted avg     0.9354    0.6731    0.7458     27000


Confusion Matrix (rows = true, cols = predicted):
             P_No Thrust  P_Chemical  P_Electric  P_Impulsive
T_No Thrust        12465          37        8674            0
T_Chemical             3         463           0            0
T_Electric           113           0        1697            0
T_Impulsive            0           0           0         3548

CNN Joint Inference Time	Elapsed time is 0.9703 seconds.

Entering CNN Stage 1 (Detector) Training Loop
Epoch [1/100] Train Loss: 0.6650
Val Event P(macro [1]): 0.2688 | R: 0.6614 | F1: 0.3822
Per-class P: [0.84431989 0.26875044]  R: [0.50505289 0.6614011 ]  F1: [0.63203617 0.38219973]
Val Loss: 0.6620
Epoch [2/100] Train Loss: 0.6551
Val Event P(macro [1]): 0.2587 | R: 0.8395 | F1: 0.3955
Per-class P: [0.8845679  0.25867725]  R: [0.33835474 0.83945742]  F1: [0.48947944 0.39548617]
Val Loss: 0.6847
Epoch [3/100] Train Loss: 0.6531
Val Event P(macro [1]): 0.2529 | R: 0.8990 | F1: 0.3948
Per-class P: [0.90666667 0.25294686]  R: [0.26973933 0.89903846]  F1: [0.41578105 0.39481225]
Val Loss: 0.6764
Epoch [4/100] Train Loss: 0.6530
Val Event P(macro [1]): 0.2708 | R: 0.5859 | F1: 0.3704
Per-class P: [0.8325     0.27079365]  R: [0.56611258 0.58585165]  F1: [0.67393749 0.37038645]
Val Loss: 0.6605
Epoch [5/100] Train Loss: 0.6526
Val Event P(macro [1]): 0.2608 | R: 0.8061 | F1: 0.3941
Per-class P: [0.87455556 0.26083333]  R: [0.37169437 0.80614698]  F1: [0.52167285 0.39414036]
Val Loss: 0.6694
Epoch [6/100] Train Loss: 0.6499
Val Event P(macro [1]): 0.2693 | R: 0.6241 | F1: 0.3762
Per-class P: [0.83785185 0.26925926]  R: [0.53414243 0.62414148]  F1: [0.65238205 0.3762161 ]
Val Loss: 0.6584
Epoch [7/100] Train Loss: 0.6500
Val Event P(macro [1]): 0.2529 | R: 0.8990 | F1: 0.3948
Per-class P: [0.90666667 0.25294686]  R: [0.26973933 0.89903846]  F1: [0.41578105 0.39481225]
Val Loss: 0.6835
Epoch [8/100] Train Loss: 0.6493
Val Event P(macro [1]): 0.2551 | R: 0.8978 | F1: 0.3973
Per-class P: [0.9084897  0.25509806]  R: [0.27894787 0.89783654]  F1: [0.4268372  0.39731023]
Val Loss: 0.6876
Epoch [9/100] Train Loss: 0.5202
Val Event P(macro [1]): 0.9532 | R: 0.5592 | F1: 0.7049
Per-class P: [0.8911504 0.9531753]  R: [0.99244428 0.55923764]  F1: [0.93907371 0.70490207]
Val Loss: 0.4606
Epoch [10/100] Train Loss: 0.4096
Val Event P(macro [1]): 0.4859 | R: 0.7816 | F1: 0.5992
Per-class P: [0.92785435 0.48585762]  R: [0.7725255  0.78159341]  F1: [0.84309532 0.59922333]
Val Loss: 0.4527
Epoch [11/100] Train Loss: 0.3667
Val Event P(macro [1]): 0.9507 | R: 0.6595 | F1: 0.7788
Per-class P: [0.9136324  0.95074257]  R: [0.99060257 0.65951236]  F1: [0.9505619  0.77879157]
Val Loss: 0.4053
Epoch [12/100] Train Loss: 0.3495
Val Event P(macro [1]): 0.9596 | R: 0.6765 | F1: 0.7936
Per-class P: [0.9177077  0.95957136]  R: [0.99216094 0.67651099]  F1: [0.9534831  0.79355488]
Val Loss: 0.3436
Epoch [13/100] Train Loss: 0.3258
Val Event P(macro [1]): 0.9072 | R: 0.6983 | F1: 0.7892
Per-class P: [0.92197007 0.907205  ]  R: [0.98035512 0.69831731]  F1: [0.95026663 0.78917241]
Val Loss: 0.3296
Epoch [14/100] Train Loss: 0.3169
Val Event P(macro [1]): 0.9820 | R: 0.6822 | F1: 0.8051
Per-class P: [0.91936046 0.98195749]  R: [0.9965527 0.6821772]  F1: [0.95640154 0.80506586]
Val Loss: 0.3229
Epoch [15/100] Train Loss: 0.2948
Val Event P(macro [1]): 0.9893 | R: 0.6851 | F1: 0.8096
Per-class P: [0.9201463  0.98933796]  R: [0.9979694  0.68509615]  F1: [0.9574791  0.80957695]
Val Loss: 0.3007
Epoch [16/100] Train Loss: 0.2908
Val Event P(macro [1]): 0.7619 | R: 0.7320 | F1: 0.7467
Per-class P: [0.92707311 0.76193029]  R: [0.9370986  0.73197115]  F1: [0.9320589  0.74665032]
Val Loss: 0.3131
Epoch [17/100] Train Loss: 0.2836
Val Event P(macro [1]): 0.8763 | R: 0.7103 | F1: 0.7846
Per-class P: [0.92427847 0.87629739]  R: [0.97242161 0.71033654]  F1: [0.94773904 0.78463727]
Val Loss: 0.3011
Epoch [18/100] Train Loss: 0.2913
Val Event P(macro [1]): 0.9255 | R: 0.6765 | F1: 0.7817
Per-class P: [0.91716132 0.92553441]  R: [0.98503022 0.67651099]  F1: [0.94988502 0.78166849]
Val Loss: 0.3452
Epoch [19/100] Train Loss: 0.2896
Val Event P(macro [1]): 0.6052 | R: 0.8086 | F1: 0.6922
Per-class P: [0.94198449 0.60519213]  R: [0.85493011 0.80855082]  F1: [0.89634856 0.6922455 ]
Val Loss: 0.3041
Epoch [20/100] Train Loss: 0.2745
Val Event P(macro [1]): 0.9963 | R: 0.6885 | F1: 0.8143
Per-class P: [0.92104461 0.99627329]  R: [0.99929165 0.68853022]  F1: [0.95857398 0.81429587]
Val Loss: 0.2856
Epoch [21/100] Train Loss: 0.2775
Val Event P(macro [1]): 0.9934 | R: 0.6731 | F1: 0.8025
Per-class P: [0.9174113  0.99341105]  R: [0.99877219 0.67307692]  F1: [0.95636446 0.8024565 ]
Val Loss: 0.3302
Epoch [22/100] Train Loss: 0.2839
Val Event P(macro [1]): 0.7122 | R: 0.7630 | F1: 0.7367
Per-class P: [0.93352601 0.71217949]  R: [0.915187   0.76304945]  F1: [0.92426555 0.7367374 ]
Val Loss: 0.3062
Epoch [23/100] Train Loss: 0.2704
Val Event P(macro [1]): 0.7762 | R: 0.7466 | F1: 0.7611
Per-class P: [0.93102159 0.77615137]  R: [0.94078202 0.74656593]  F1: [0.93587636 0.76107124]
Val Loss: 0.2944
Epoch [24/100] Train Loss: 0.2728
Val Event P(macro [1]): 0.6559 | R: 0.7936 | F1: 0.7182
Per-class P: [0.93975843 0.65588194]  R: [0.88548357 0.79361264]  F1: [0.91181405 0.71820371]
Val Loss: 0.2980
Epoch [25/100] Train Loss: 0.2780
Val Event P(macro [1]): 0.9517 | R: 0.6899 | F1: 0.7999
Per-class P: [0.92071297 0.95168167]  R: [0.99036645 0.68990385]  F1: [0.95427037 0.79992037]
Val Loss: 0.3138
Epoch [26/100] Train Loss: 0.2691
Val Event P(macro [1]): 0.9544 | R: 0.6976 | F1: 0.8061
Per-class P: [0.92256958 0.954428  ]  R: [0.99083869 0.69763049]  F1: [0.95548624 0.80607083]
Val Loss: 0.2905
Epoch [27/100] Train Loss: 0.2658
Val Event P(macro [1]): 0.9568 | R: 0.6990 | F1: 0.8078
Per-class P: [0.92292812 0.95675676]  R: [0.99131092 0.69900412]  F1: [0.95589809 0.80781824]
Val Loss: 0.2866
Epoch [28/100] Train Loss: 0.2654
Val Event P(macro [1]): 0.9993 | R: 0.6887 | F1: 0.8154
Per-class P: [0.9211259  0.99925262]  R: [0.99985833 0.68870192]  F1: [0.95887867 0.81540964]
Val Loss: 0.2837
Epoch [29/100] Train Loss: 0.2656
Val Event P(macro [1]): 0.9980 | R: 0.6890 | F1: 0.8152
Per-class P: [0.92118891 0.99801045]  R: [0.99962221 0.68904533]  F1: [0.95880421 0.81523616]
Val Loss: 0.2848
Epoch [30/100] Train Loss: 0.2644
Val Event P(macro [1]): 0.9993 | R: 0.6890 | F1: 0.8157
Per-class P: [0.92120606 0.99925299]  R: [0.99985833 0.68904533]  F1: [0.9589221  0.81565041]
Val Loss: 0.2799
Epoch [31/100] Train Loss: 0.2662
Val Event P(macro [1]): 0.9505 | R: 0.6959 | F1: 0.8035
Per-class P: [0.92210591 0.95051595]  R: [0.99003589 0.69591346]  F1: [0.95486427 0.80352895]
Val Loss: 0.3106
Epoch [32/100] Train Loss: 0.2684
Val Event P(macro [1]): 0.9914 | R: 0.6911 | F1: 0.8144
Per-class P: [0.92157803 0.99137931]  R: [0.99834719 0.69110577]  F1: [0.95842778 0.81444759]
Val Loss: 0.2864
Epoch [33/100] Train Loss: 0.2654
Val Event P(macro [1]): 0.9837 | R: 0.6942 | F1: 0.8140
Per-class P: [0.9221931 0.9836983]  R: [0.99683604 0.69419643]  F1: [0.95806291 0.81397222]
Val Loss: 0.2875
Epoch [34/100] Train Loss: 0.2671
Val Event P(macro [1]): 0.8751 | R: 0.7203 | F1: 0.7902
Per-class P: [0.92664145 0.87505215]  R: [0.97171326 0.72029533]  F1: [0.94864229 0.79016764]
Val Loss: 0.2897
Epoch [35/100] Train Loss: 0.2659
Val Event P(macro [1]): 0.9985 | R: 0.6889 | F1: 0.8153
Per-class P: [0.92115569 0.99850672]  R: [0.99971666 0.68887363]  F1: [0.95882966 0.81528145]
Val Loss: 0.2861
Epoch [36/100] Train Loss: 0.2673
Val Event P(macro [1]): 0.9993 | R: 0.6889 | F1: 0.8155
Per-class P: [0.92116598 0.9992528 ]  R: [0.99985833 0.68887363]  F1: [0.95890039 0.81553003]
Val Loss: 0.2852
Epoch [37/100] Train Loss: 0.2637
Val Event P(macro [1]): 0.9535 | R: 0.7002 | F1: 0.8074
Per-class P: [0.92316155 0.95347206]  R: [0.99060257 0.70020604]  F1: [0.95569375 0.80744481]
Val Loss: 0.2856
Epoch [38/100] Train Loss: 0.2635
Val Event P(macro [1]): 0.9985 | R: 0.6890 | F1: 0.8154
Per-class P: [0.92119577 0.99850709]  R: [0.99971666 0.68904533]  F1: [0.95885137 0.81540181]
Val Loss: 0.2846
Epoch [39/100] Train Loss: 0.2628
Val Event P(macro [1]): 0.8707 | R: 0.7177 | F1: 0.7868
Per-class P: [0.92594261 0.87065195]  R: [0.97067435 0.71771978]  F1: [0.94778098 0.78682353]
Val Loss: 0.2885
Epoch [40/100] Train Loss: 0.2638
Val Event P(macro [1]): 0.9646 | R: 0.6978 | F1: 0.8098
Per-class P: [0.92276298 0.96463328]  R: [0.99296373 0.6978022 ]  F1: [0.95657712 0.80980373]
Val Loss: 0.2847
Early stopping triggered.

	Elapsed time is 308.7300 seconds.

==========================================================================================
Total parameters: 472834
Total memory (bytes): 3782672
Total memory (MB): 3.6074371337890625
==========================================================================================

Entering CNN Stage 2 (Type Classifier) Training Loop
Epoch [1/100] Train Loss: 1.0688
Val Event P(macro [0, 1, 2]): 0.4167 | R: 0.4322 | F1: 0.4018
Per-class P: [0.12546957 0.35734384 0.76730486]  R: [0.3583691  0.35082873 0.58737317]  F1: [0.18586533 0.35405631 0.66538953]
Val Loss: 1.0263
Epoch [2/100] Train Loss: 1.0467
Val Event P(macro [0, 1, 2]): 0.4792 | R: 0.4537 | F1: 0.4559
Per-class P: [0.24210526 0.47073537 0.72462173]  R: [0.09871245 0.5198895  0.74239008]  F1: [0.1402439  0.49409294 0.7333983 ]
Val Loss: 1.0370
Epoch [3/100] Train Loss: 1.0304
Val Event P(macro [0, 1, 2]): 0.4644 | R: 0.4583 | F1: 0.4208
Per-class P: [0.16453674 0.38700148 0.84169884]  R: [0.22103004 0.72375691 0.43010147]  F1: [0.18864469 0.50433109 0.56929677]
Val Loss: 1.0255
Epoch [4/100] Train Loss: 1.0341
Val Event P(macro [0, 1, 2]): 0.2883 | R: 0.4326 | F1: 0.2910
Per-class P: [0.10840862 0.         0.75661914]  R: [0.6695279  0.         0.62824126]  F1: [0.18660287 0.         0.68647983]
Val Loss: 1.0185
Epoch [5/100] Train Loss: 1.0320
Val Event P(macro [0, 1, 2]): 0.4400 | R: 0.4529 | F1: 0.4418
Per-class P: [0.15761589 0.41693122 0.74551746]  R: [0.25536481 0.43535912 0.66798196]  F1: [0.19492219 0.42594595 0.70462316]
Val Loss: 1.0131
Epoch [6/100] Train Loss: 1.0226
Val Event P(macro [0, 1, 2]): 0.4697 | R: 0.4359 | F1: 0.3772
Per-class P: [0.17517007 0.35346756 0.88046167]  R: [0.22103004 0.78563536 0.30101466]  F1: [0.19544592 0.48757072 0.44864524]
Val Loss: 1.0381
Epoch [7/100] Train Loss: 1.0226
Val Event P(macro [0, 1, 2]): 0.4500 | R: 0.4453 | F1: 0.4030
Per-class P: [0.13620072 0.38077747 0.83313953]  R: [0.24463519 0.68729282 0.40388952]  F1: [0.17498081 0.49005318 0.54403948]
Val Loss: 1.0262
Epoch [8/100] Train Loss: 1.0227
Val Event P(macro [0, 1, 2]): 0.4530 | R: 0.4554 | F1: 0.4314
Per-class P: [0.17517007 0.38875956 0.79497533]  R: [0.22103004 0.64585635 0.4994363 ]  F1: [0.19544592 0.48536433 0.6134672 ]
Val Loss: 1.0139
Epoch [9/100] Train Loss: 1.0199
Val Event P(macro [0, 1, 2]): 0.4558 | R: 0.4579 | F1: 0.4511
Per-class P: [0.18894009 0.42184943 0.75661914]  R: [0.17596567 0.56961326 0.62824126]  F1: [0.18222222 0.48472026 0.68647983]
Val Loss: 1.0113
Epoch [10/100] Train Loss: 1.0213
Val Event P(macro [0, 1, 2]): 0.4570 | R: 0.4536 | F1: 0.4224
Per-class P: [0.17517007 0.38077747 0.81513459]  R: [0.22103004 0.68729282 0.45236753]  F1: [0.19544592 0.49005318 0.58183796]
Val Loss: 1.0159
Epoch [11/100] Train Loss: 1.0229
Val Event P(macro [0, 1, 2]): 0.4661 | R: 0.4561 | F1: 0.4323
Per-class P: [0.19875776 0.40452185 0.79497533]  R: [0.13733906 0.73149171 0.4994363 ]  F1: [0.16243655 0.52095219 0.6134672 ]
Val Loss: 1.0109
Epoch [12/100] Train Loss: 1.0197
Val Event P(macro [0, 1, 2]): 0.4327 | R: 0.4469 | F1: 0.4302
Per-class P: [0.14652406 0.41773866 0.73388042]  R: [0.29399142 0.34088398 0.70574972]  F1: [0.19557459 0.37541831 0.71954023]
Val Loss: 1.0188
Epoch [13/100] Train Loss: 1.0196
Val Event P(macro [0, 1, 2]): 0.4530 | R: 0.4554 | F1: 0.4314
Per-class P: [0.17517007 0.38875956 0.79497533]  R: [0.22103004 0.64585635 0.4994363 ]  F1: [0.19544592 0.48536433 0.6134672 ]
Val Loss: 1.0112
Epoch [14/100] Train Loss: 1.0186
Val Event P(macro [0, 1, 2]): 0.4666 | R: 0.4587 | F1: 0.4564
Per-class P: [0.21404682 0.44032396 0.74551746]  R: [0.13733906 0.57071823 0.66798196]  F1: [0.16732026 0.49711261 0.70462316]
Val Loss: 1.0112
Epoch [15/100] Train Loss: 1.0188
Val Event P(macro [0, 1, 2]): 0.4671 | R: 0.4496 | F1: 0.4114
Per-class P: [0.18894009 0.37929155 0.83313953]  R: [0.17596567 0.76906077 0.40388952]  F1: [0.18222222 0.5080292  0.54403948]
Val Loss: 1.0249
Epoch [16/100] Train Loss: 1.0204
Val Event P(macro [0, 1, 2]): 0.4530 | R: 0.4554 | F1: 0.4314
Per-class P: [0.17517007 0.38875956 0.79497533]  R: [0.22103004 0.64585635 0.4994363 ]  F1: [0.19544592 0.48536433 0.6134672 ]
Val Loss: 1.0099
Epoch [17/100] Train Loss: 1.0199
Val Event P(macro [0, 1, 2]): 0.4533 | R: 0.4558 | F1: 0.4318
Per-class P: [0.17517007 0.38922156 0.7955157 ]  R: [0.22103004 0.64640884 0.5       ]  F1: [0.19544592 0.4858804  0.61405331]
Val Loss: 1.0070
Epoch [18/100] Train Loss: 0.8357
Val Event P(macro [0, 1, 2]): 0.6786 | R: 0.6593 | F1: 0.5712
Per-class P: [0.19668382 0.87931034 0.95984871]  R: [0.73819742 0.30994475 0.92981962]  F1: [0.31060948 0.45833333 0.94459556]
Val Loss: 0.6413
Epoch [19/100] Train Loss: 0.5187
Val Event P(macro [0, 1, 2]): 0.8173 | R: 0.8806 | F1: 0.8267
Per-class P: [0.48923445 0.96443515 0.99831176]  R: [0.8776824 0.7640884 1.       ]  F1: [0.62826421 0.85265105 0.99915517]
Val Loss: 0.3422
Epoch [20/100] Train Loss: 0.1414
Val Event P(macro [0, 1, 2]): 0.9693 | R: 0.9894 | F1: 0.9787
Per-class P: [0.90962672 0.99830221 1.        ]  R: [0.99356223 0.97458564 1.        ]  F1: [0.94974359 0.98630137 1.        ]
Val Loss: 0.0395
Epoch [21/100] Train Loss: 0.0209
Val Event P(macro [0, 1, 2]): 0.9986 | R: 0.9996 | F1: 0.9991
Per-class P: [0.9957265 1.        1.       ]  R: [1.         0.99889503 1.        ]  F1: [0.99785867 0.99944721 1.        ]
Val Loss: 0.0043
Epoch [22/100] Train Loss: 0.0093
Val Event P(macro [0, 1, 2]): 0.9984 | R: 0.9989 | F1: 0.9987
Per-class P: [0.99571734 0.99944721 1.        ]  R: [0.99785408 0.99889503 1.        ]  F1: [0.99678457 0.99917104 1.        ]
Val Loss: 0.0032
Epoch [23/100] Train Loss: 0.0268
Val Event P(macro [0, 1, 2]): 0.9984 | R: 0.9989 | F1: 0.9987
Per-class P: [0.99571734 0.99944721 1.        ]  R: [0.99785408 0.99889503 1.        ]  F1: [0.99678457 0.99917104 1.        ]
Val Loss: 0.0080
Epoch [24/100] Train Loss: 0.0184
Val Event P(macro [0, 1, 2]): 0.9954 | R: 0.9875 | F1: 0.9914
Per-class P: [0.99556541 0.99068493 1.        ]  R: [0.96351931 0.99889503 1.        ]  F1: [0.97928026 0.99477304 1.        ]
Val Loss: 0.0343
Epoch [25/100] Train Loss: 0.0092
Val Event P(macro [0, 1, 2]): 0.9979 | R: 0.9994 | F1: 0.9987
Per-class P: [0.99360341 1.         1.        ]  R: [1.         0.99834254 1.        ]  F1: [0.99679144 0.99917058 1.        ]
Val Loss: 0.0026
Epoch [26/100] Train Loss: 0.0050
Val Event P(macro [0, 1, 2]): 0.9824 | R: 0.9952 | F1: 0.9885
Per-class P: [0.94715447 1.         1.        ]  R: [1.         0.98563536 1.        ]  F1: [0.97286013 0.99276572 1.        ]
Val Loss: 0.0152
Epoch [27/100] Train Loss: 0.0068
Val Event P(macro [0, 1, 2]): 0.9991 | R: 0.9991 | F1: 0.9991
Per-class P: [0.99785408 0.99944751 1.        ]  R: [0.99785408 0.99944751 1.        ]  F1: [0.99785408 0.99944751 1.        ]
Val Loss: 0.0038
Epoch [28/100] Train Loss: 0.0164
Val Event P(macro [0, 1, 2]): 0.9184 | R: 0.9665 | F1: 0.9375
Per-class P: [0.76126878 0.99403697 1.        ]  R: [0.97854077 0.92099448 1.        ]  F1: [0.85633803 0.95612274 1.        ]
Val Loss: 0.1264
Epoch [29/100] Train Loss: 0.0317
Val Event P(macro [0, 1, 2]): 0.9944 | R: 0.9985 | F1: 0.9964
Per-class P: [0.98312236 1.         1.        ]  R: [1.         0.99558011 1.        ]  F1: [0.99148936 0.99778516 1.        ]
Val Loss: 0.0031
Epoch [30/100] Train Loss: 0.0023
Val Event P(macro [0, 1, 2]): 1.0000 | R: 1.0000 | F1: 1.0000
Per-class P: [1. 1. 1.]  R: [1. 1. 1.]  F1: [1. 1. 1.]
Val Loss: 0.0005
Epoch [31/100] Train Loss: 0.0004
Val Event P(macro [0, 1, 2]): 1.0000 | R: 1.0000 | F1: 1.0000
Per-class P: [1. 1. 1.]  R: [1. 1. 1.]  F1: [1. 1. 1.]
Val Loss: 0.0003
Epoch [32/100] Train Loss: 0.0002
Val Event P(macro [0, 1, 2]): 1.0000 | R: 1.0000 | F1: 1.0000
Per-class P: [1. 1. 1.]  R: [1. 1. 1.]  F1: [1. 1. 1.]
Val Loss: 0.0002
Epoch [33/100] Train Loss: 0.0002
Val Event P(macro [0, 1, 2]): 1.0000 | R: 1.0000 | F1: 1.0000
Per-class P: [1. 1. 1.]  R: [1. 1. 1.]  F1: [1. 1. 1.]
Val Loss: 0.0002
Epoch [34/100] Train Loss: 0.0001
Val Event P(macro [0, 1, 2]): 1.0000 | R: 1.0000 | F1: 1.0000
Per-class P: [1. 1. 1.]  R: [1. 1. 1.]  F1: [1. 1. 1.]
Val Loss: 0.0001
Epoch [35/100] Train Loss: 0.0001
Val Event P(macro [0, 1, 2]): 1.0000 | R: 1.0000 | F1: 1.0000
Per-class P: [1. 1. 1.]  R: [1. 1. 1.]  F1: [1. 1. 1.]
Val Loss: 0.0001
Epoch [36/100] Train Loss: 0.0001
Val Event P(macro [0, 1, 2]): 1.0000 | R: 1.0000 | F1: 1.0000
Per-class P: [1. 1. 1.]  R: [1. 1. 1.]  F1: [1. 1. 1.]
Val Loss: 0.0001
Epoch [37/100] Train Loss: 0.0001
Val Event P(macro [0, 1, 2]): 1.0000 | R: 1.0000 | F1: 1.0000
Per-class P: [1. 1. 1.]  R: [1. 1. 1.]  F1: [1. 1. 1.]
Val Loss: 0.0001
Epoch [38/100] Train Loss: 0.0001
Val Event P(macro [0, 1, 2]): 1.0000 | R: 1.0000 | F1: 1.0000
Per-class P: [1. 1. 1.]  R: [1. 1. 1.]  F1: [1. 1. 1.]
Val Loss: 0.0001
Epoch [39/100] Train Loss: 0.0001
Val Event P(macro [0, 1, 2]): 1.0000 | R: 1.0000 | F1: 1.0000
Per-class P: [1. 1. 1.]  R: [1. 1. 1.]  F1: [1. 1. 1.]
Val Loss: 0.0001
Epoch [40/100] Train Loss: 0.0001
Val Event P(macro [0, 1, 2]): 1.0000 | R: 1.0000 | F1: 1.0000
Per-class P: [1. 1. 1.]  R: [1. 1. 1.]  F1: [1. 1. 1.]
Val Loss: 0.0001
Epoch [41/100] Train Loss: 0.0000
Val Event P(macro [0, 1, 2]): 1.0000 | R: 1.0000 | F1: 1.0000
Per-class P: [1. 1. 1.]  R: [1. 1. 1.]  F1: [1. 1. 1.]
Val Loss: 0.0001
Epoch [42/100] Train Loss: 0.0000
Val Event P(macro [0, 1, 2]): 1.0000 | R: 1.0000 | F1: 1.0000
Per-class P: [1. 1. 1.]  R: [1. 1. 1.]  F1: [1. 1. 1.]
Val Loss: 0.0000
Epoch [43/100] Train Loss: 0.0000
Val Event P(macro [0, 1, 2]): 1.0000 | R: 1.0000 | F1: 1.0000
Per-class P: [1. 1. 1.]  R: [1. 1. 1.]  F1: [1. 1. 1.]
Val Loss: 0.0000
Epoch [44/100] Train Loss: 0.0000
Val Event P(macro [0, 1, 2]): 1.0000 | R: 1.0000 | F1: 1.0000
Per-class P: [1. 1. 1.]  R: [1. 1. 1.]  F1: [1. 1. 1.]
Val Loss: 0.0000
Epoch [45/100] Train Loss: 0.0000
Val Event P(macro [0, 1, 2]): 1.0000 | R: 1.0000 | F1: 1.0000
Per-class P: [1. 1. 1.]  R: [1. 1. 1.]  F1: [1. 1. 1.]
Val Loss: 0.0000
Epoch [46/100] Train Loss: 0.0000
Val Event P(macro [0, 1, 2]): 1.0000 | R: 1.0000 | F1: 1.0000
Per-class P: [1. 1. 1.]  R: [1. 1. 1.]  F1: [1. 1. 1.]
Val Loss: 0.0000
Epoch [47/100] Train Loss: 0.0000
Val Event P(macro [0, 1, 2]): 1.0000 | R: 1.0000 | F1: 1.0000
Per-class P: [1. 1. 1.]  R: [1. 1. 1.]  F1: [1. 1. 1.]
Val Loss: 0.0000
Epoch [48/100] Train Loss: 0.0000
Val Event P(macro [0, 1, 2]): 1.0000 | R: 1.0000 | F1: 1.0000
Per-class P: [1. 1. 1.]  R: [1. 1. 1.]  F1: [1. 1. 1.]
Val Loss: 0.0000
Epoch [49/100] Train Loss: 0.0000
Val Event P(macro [0, 1, 2]): 1.0000 | R: 1.0000 | F1: 1.0000
Per-class P: [1. 1. 1.]  R: [1. 1. 1.]  F1: [1. 1. 1.]
Val Loss: 0.0000
Epoch [50/100] Train Loss: 0.0000
Val Event P(macro [0, 1, 2]): 1.0000 | R: 1.0000 | F1: 1.0000
Per-class P: [1. 1. 1.]  R: [1. 1. 1.]  F1: [1. 1. 1.]
Val Loss: 0.0000
Epoch [51/100] Train Loss: 0.0000
Val Event P(macro [0, 1, 2]): 1.0000 | R: 1.0000 | F1: 1.0000
Per-class P: [1. 1. 1.]  R: [1. 1. 1.]  F1: [1. 1. 1.]
Val Loss: 0.0000
Epoch [52/100] Train Loss: 0.0000
Val Event P(macro [0, 1, 2]): 1.0000 | R: 1.0000 | F1: 1.0000
Per-class P: [1. 1. 1.]  R: [1. 1. 1.]  F1: [1. 1. 1.]
Val Loss: 0.0000
Epoch [53/100] Train Loss: 0.0000
Val Event P(macro [0, 1, 2]): 1.0000 | R: 1.0000 | F1: 1.0000
Per-class P: [1. 1. 1.]  R: [1. 1. 1.]  F1: [1. 1. 1.]
Val Loss: 0.0000
Epoch [54/100] Train Loss: 0.1162
Val Event P(macro [0, 1, 2]): 0.8168 | R: 0.8954 | F1: 0.8470
Per-class P: [0.6172466  0.83324962 1.        ]  R: [0.87553648 0.91657459 0.8940248 ]  F1: [0.72404614 0.87292818 0.94404762]
Val Loss: 0.2869
Epoch [55/100] Train Loss: 0.0467
Val Event P(macro [0, 1, 2]): 0.9786 | R: 0.9941 | F1: 0.9860
Per-class P: [0.93574297 1.         1.        ]  R: [1.         0.98232044 1.        ]  F1: [0.96680498 0.99108138 1.        ]
Val Loss: 0.0150
Epoch [56/100] Train Loss: 0.0072
Val Event P(macro [0, 1, 2]): 0.9991 | R: 0.9991 | F1: 0.9991
Per-class P: [0.99785408 0.99944751 1.        ]  R: [0.99785408 0.99944751 1.        ]  F1: [0.99785408 0.99944751 1.        ]
Val Loss: 0.0030
Epoch [57/100] Train Loss: 0.0038
Val Event P(macro [0, 1, 2]): 0.9991 | R: 0.9991 | F1: 0.9991
Per-class P: [0.99785408 0.99944751 1.        ]  R: [0.99785408 0.99944751 1.        ]  F1: [0.99785408 0.99944751 1.        ]
Val Loss: 0.0024
Epoch [58/100] Train Loss: 0.0101
Val Event P(macro [0, 1, 2]): 0.9977 | R: 0.9987 | F1: 0.9982
Per-class P: [0.99358974 0.9994469  1.        ]  R: [0.99785408 0.99834254 1.        ]  F1: [0.99571734 0.99889442 1.        ]
Val Loss: 0.0063
Epoch [59/100] Train Loss: 0.0018
Val Event P(macro [0, 1, 2]): 0.9993 | R: 0.9998 | F1: 0.9996
Per-class P: [0.99785867 1.         1.        ]  R: [1.         0.99944751 1.        ]  F1: [0.99892819 0.99972368 1.        ]
Val Loss: 0.0008
Epoch [60/100] Train Loss: 0.0004
Val Event P(macro [0, 1, 2]): 0.9993 | R: 0.9998 | F1: 0.9996
Per-class P: [0.99785867 1.         1.        ]  R: [1.         0.99944751 1.        ]  F1: [0.99892819 0.99972368 1.        ]
Val Loss: 0.0007
Epoch [61/100] Train Loss: 0.0002
Val Event P(macro [0, 1, 2]): 0.9993 | R: 0.9998 | F1: 0.9996
Per-class P: [0.99785867 1.         1.        ]  R: [1.         0.99944751 1.        ]  F1: [0.99892819 0.99972368 1.        ]
Val Loss: 0.0008
Epoch [62/100] Train Loss: 0.0002
Val Event P(macro [0, 1, 2]): 0.9993 | R: 0.9998 | F1: 0.9996
Per-class P: [0.99785867 1.         1.        ]  R: [1.         0.99944751 1.        ]  F1: [0.99892819 0.99972368 1.        ]
Val Loss: 0.0007
Epoch [63/100] Train Loss: 0.0002
Val Event P(macro [0, 1, 2]): 0.9993 | R: 0.9998 | F1: 0.9996
Per-class P: [0.99785867 1.         1.        ]  R: [1.         0.99944751 1.        ]  F1: [0.99892819 0.99972368 1.        ]
Val Loss: 0.0007
Early stopping triggered.

	Elapsed time is 479.6707 seconds.

==========================================================================================
Total parameters: 472963
Total memory (bytes): 3783704
Total memory (MB): 3.6084213256835938
==========================================================================================

CNN Cascade Evaluation

--- Cascade Stage 1 (Detector) Standalone Metrics ---
Accuracy: 92.93% (25091/27000)
Per-Class Accuracy:
  No Thrust: 99.30% (21027/21176)
  Thrust: 69.78% (4064/5824)

Classification Report:
              precision    recall  f1-score   support

   No Thrust     0.9228    0.9930    0.9566     21176
      Thrust     0.9646    0.6978    0.8098      5824

    accuracy                         0.9293     27000
   macro avg     0.9437    0.8454    0.8832     27000
weighted avg     0.9318    0.9293    0.9249     27000


Confusion Matrix (rows = true, cols = predicted):
             P_No Thrust  P_Thrust
T_No Thrust        21027       149
T_Thrust            1760      4064

--- Cascade End-to-End (Stage1 -> Stage2 combined) Metrics ---
Accuracy: 92.93% (25091/27000)
Per-Class Accuracy:
  No Thrust: 99.30% (21027/21176)
  Chemical: 100.00% (466/466)
  Electric: 2.76% (50/1810)
  Impulsive: 100.00% (3548/3548)

Classification Report:
              precision    recall  f1-score   support

   No Thrust     0.9228    0.9930    0.9566     21176
    Chemical     0.9957    1.0000    0.9979       466
    Electric     0.2538    0.0276    0.0498      1810
   Impulsive     1.0000    1.0000    1.0000      3548

    accuracy                         0.9293     27000
   macro avg     0.7931    0.7551    0.7511     27000
weighted avg     0.8893    0.9293    0.9022     27000


Confusion Matrix (rows = true, cols = predicted):
             P_No Thrust  P_Chemical  P_Electric  P_Impulsive
T_No Thrust        21027           2         147            0
T_Chemical             0         466           0            0
T_Electric          1760           0          50            0
T_Impulsive            0           0           0         3548

Stage-2 type accuracy conditioned on correct stage-1 detection: 100.00% (4064 frames)
Stage-1 (detector-only) accuracy: 92.93%

CNN Cascade Inference Time	Elapsed time is 1.9311 seconds.

================================================================================
Classic ML / GBDT baselines (Hankel window length=5)
================================================================================

Entering LightGBM (joint) Training Loop

	Elapsed time is 0.7976 seconds.

==========================================================================================
Total parameters: NaN
Total memory (bytes): 419088
Total memory (MB): 0.3996734619140625
==========================================================================================

LightGBM (joint) Validation
Accuracy: 90.51% (21179/23400)
Per-Class Accuracy:
  No Thrust: 99.86% (17742/17766)
  Chemical: 3.57% (15/420)
  Electric: 0.00% (0/1724)
  Impulsive: 98.05% (3422/3490)

Classification Report:
              precision    recall  f1-score   support

   No Thrust     0.8899    0.9986    0.9412     17766
    Chemical     0.9375    0.0357    0.0688       420
    Electric     0.0000    0.0000    0.0000      1724
   Impulsive     0.9925    0.9805    0.9865      3490

    accuracy                         0.9051     23400
   macro avg     0.7050    0.5037    0.4991     23400
weighted avg     0.8405    0.9051    0.8629     23400


Confusion Matrix (rows = true, cols = predicted):
             P_No Thrust  P_Chemical  P_Electric  P_Impulsive
T_No Thrust        17742           1           0           23
T_Chemical           404          15           0            1
T_Electric          1722           0           0            2
T_Impulsive           68           0           0         3422

LightGBM (joint) Inference Time	Elapsed time is 0.0569 seconds.

Entering LightGBM Stage 1 (Detector) Training Loop

	Elapsed time is 0.5135 seconds.

==========================================================================================
Total parameters: NaN
Total memory (bytes): 213426
Total memory (MB): 0.2035388946533203
==========================================================================================

Entering LightGBM Stage 2 (Type Classifier) Training Loop

	Elapsed time is 0.2548 seconds.

==========================================================================================
Total parameters: NaN
Total memory (bytes): 313599
Total memory (MB): 0.2990713119506836
==========================================================================================

LightGBM Cascade Evaluation

--- Cascade Stage 1 (Detector) Standalone Metrics ---
Accuracy: 90.74% (24501/27000)
Per-Class Accuracy:
  No Thrust: 99.73% (21118/21176)
  Thrust: 58.09% (3383/5824)

Classification Report:
              precision    recall  f1-score   support

   No Thrust     0.8964    0.9973    0.9441     21176
      Thrust     0.9831    0.5809    0.7303      5824

    accuracy                         0.9074     27000
   macro avg     0.9398    0.7891    0.8372     27000
weighted avg     0.9151    0.9074    0.8980     27000


Confusion Matrix (rows = true, cols = predicted):
             P_No Thrust  P_Thrust
T_No Thrust        21118        58
T_Thrust            2441      3383

--- Cascade End-to-End (Stage1 -> Stage2 combined) Metrics ---
Accuracy: 90.69% (24486/27000)
Per-Class Accuracy:
  No Thrust: 99.73% (21118/21176)
  Chemical: 0.00% (0/466)
  Electric: 0.00% (0/1810)
  Impulsive: 94.93% (3368/3548)

Classification Report:
              precision    recall  f1-score   support

   No Thrust     0.8964    0.9973    0.9441     21176
    Chemical     0.0000    0.0000    0.0000       466
    Electric     0.0000    0.0000    0.0000      1810
   Impulsive     0.9794    0.9493    0.9641      3548

    accuracy                         0.9069     27000
   macro avg     0.4689    0.4866    0.4771     27000
weighted avg     0.8317    0.9069    0.8672     27000


Confusion Matrix (rows = true, cols = predicted):
             P_No Thrust  P_Chemical  P_Electric  P_Impulsive
T_No Thrust        21118           0           0           58
T_Chemical           460           0           1            5
T_Electric          1802           0           0            8
T_Impulsive          179           0           1         3368

Stage-2 type accuracy conditioned on correct stage-1 detection: 99.56% (3383 frames)
Stage-1 (detector-only) accuracy: 90.74%

LightGBM Cascade Inference Time	Elapsed time is 0.0915 seconds.

Entering XGBoost (joint) Training Loop

	Elapsed time is 5.7711 seconds.

==========================================================================================
Total parameters: NaN
Total memory (bytes): 2355561
Total memory (MB): 2.2464380264282227
==========================================================================================

XGBoost (joint) Validation
Accuracy: 90.74% (21234/23400)
Per-Class Accuracy:
  No Thrust: 99.85% (17739/17766)
  Chemical: 17.38% (73/420)
  Electric: 0.00% (0/1724)
  Impulsive: 98.05% (3422/3490)

Classification Report:
              precision    recall  f1-score   support

   No Thrust     0.8925    0.9985    0.9425     17766
    Chemical     1.0000    0.1738    0.2961       420
    Electric     0.0000    0.0000    0.0000      1724
   Impulsive     0.9913    0.9805    0.9859      3490

    accuracy                         0.9074     23400
   macro avg     0.7210    0.5382    0.5561     23400
weighted avg     0.8434    0.9074    0.8680     23400


Confusion Matrix (rows = true, cols = predicted):
             P_No Thrust  P_Chemical  P_Electric  P_Impulsive
T_No Thrust        17739           0           0           27
T_Chemical           347          73           0            0
T_Electric          1721           0           0            3
T_Impulsive           68           0           0         3422

XGBoost (joint) Inference Time	Elapsed time is 0.1611 seconds.

Entering XGBoost Stage 1 (Detector) Training Loop

	Elapsed time is 3.3568 seconds.

==========================================================================================
Total parameters: NaN
Total memory (bytes): 1215262
Total memory (MB): 1.1589641571044922
==========================================================================================

Entering XGBoost Stage 2 (Type Classifier) Training Loop

	Elapsed time is 1.9532 seconds.

==========================================================================================
Total parameters: NaN
Total memory (bytes): 1596648
Total memory (MB): 1.5226821899414062
==========================================================================================

XGBoost Cascade Evaluation

--- Cascade Stage 1 (Detector) Standalone Metrics ---
Accuracy: 91.00% (24570/27000)
Per-Class Accuracy:
  No Thrust: 99.70% (21113/21176)
  Thrust: 59.36% (3457/5824)

Classification Report:
              precision    recall  f1-score   support

   No Thrust     0.8992    0.9970    0.9456     21176
      Thrust     0.9821    0.5936    0.7399      5824

    accuracy                         0.9100     27000
   macro avg     0.9406    0.7953    0.8428     27000
weighted avg     0.9171    0.9100    0.9012     27000


Confusion Matrix (rows = true, cols = predicted):
             P_No Thrust  P_Thrust
T_No Thrust        21113        63
T_Thrust            2367      3457

--- Cascade End-to-End (Stage1 -> Stage2 combined) Metrics ---
Accuracy: 90.96% (24560/27000)
Per-Class Accuracy:
  No Thrust: 99.70% (21113/21176)
  Chemical: 4.51% (21/466)
  Electric: 0.06% (1/1810)
  Impulsive: 96.53% (3425/3548)

Classification Report:
              precision    recall  f1-score   support

   No Thrust     0.8992    0.9970    0.9456     21176
    Chemical     1.0000    0.0451    0.0862       466
    Electric     0.1111    0.0006    0.0011      1810
   Impulsive     0.9814    0.9653    0.9733      3548

    accuracy                         0.9096     27000
   macro avg     0.7479    0.5020    0.5016     27000
weighted avg     0.8589    0.9096    0.8711     27000


Confusion Matrix (rows = true, cols = predicted):
             P_No Thrust  P_Chemical  P_Electric  P_Impulsive
T_No Thrust        21113           0           8           55
T_Chemical           442          21           0            3
T_Electric          1802           0           1            7
T_Impulsive          123           0           0         3425

Stage-2 type accuracy conditioned on correct stage-1 detection: 99.71% (3457 frames)
Stage-1 (detector-only) accuracy: 91.00%

XGBoost Cascade Inference Time	Elapsed time is 0.1516 seconds.

Entering CatBoost (joint) Training Loop

	Elapsed time is 8.9070 seconds.

==========================================================================================
Total parameters: NaN
Total memory (bytes): 542771
Total memory (MB): 0.5176267623901367
==========================================================================================

CatBoost (joint) Validation
Accuracy: 90.42% (21159/23400)
Per-Class Accuracy:
  No Thrust: 99.81% (17732/17766)
  Chemical: 0.00% (0/420)
  Electric: 0.00% (0/1724)
  Impulsive: 98.19% (3427/3490)

Classification Report:
              precision    recall  f1-score   support

   No Thrust     0.8895    0.9981    0.9407     17766
    Chemical     0.0000    0.0000    0.0000       420
    Electric     0.0000    0.0000    0.0000      1724
   Impulsive     0.9890    0.9819    0.9855      3490

    accuracy                         0.9042     23400
   macro avg     0.4696    0.4950    0.4815     23400
weighted avg     0.8228    0.9042    0.8612     23400


Confusion Matrix (rows = true, cols = predicted):
             P_No Thrust  P_Chemical  P_Electric  P_Impulsive
T_No Thrust        17732           0           0           34
T_Chemical           419           0           0            1
T_Electric          1721           0           0            3
T_Impulsive           63           0           0         3427

CatBoost (joint) Inference Time	Elapsed time is 0.0388 seconds.

Entering CatBoost Stage 1 (Detector) Training Loop

	Elapsed time is 4.8314 seconds.

==========================================================================================
Total parameters: NaN
Total memory (bytes): 337811
Total memory (MB): 0.3221616744995117
==========================================================================================

Entering CatBoost Stage 2 (Type Classifier) Training Loop

	Elapsed time is 2.6272 seconds.

==========================================================================================
Total parameters: NaN
Total memory (bytes): 440107
Total memory (MB): 0.41971874237060547
==========================================================================================

CatBoost Cascade Evaluation

--- Cascade Stage 1 (Detector) Standalone Metrics ---
Accuracy: 90.99% (24568/27000)
Per-Class Accuracy:
  No Thrust: 99.78% (21129/21176)
  Thrust: 59.05% (3439/5824)

Classification Report:
              precision    recall  f1-score   support

   No Thrust     0.8986    0.9978    0.9456     21176
      Thrust     0.9865    0.5905    0.7388      5824

    accuracy                         0.9099     27000
   macro avg     0.9425    0.7941    0.8422     27000
weighted avg     0.9175    0.9099    0.9010     27000


Confusion Matrix (rows = true, cols = predicted):
             P_No Thrust  P_Thrust
T_No Thrust        21129        47
T_Thrust            2385      3439

--- Cascade End-to-End (Stage1 -> Stage2 combined) Metrics ---
Accuracy: 90.97% (24562/27000)
Per-Class Accuracy:
  No Thrust: 99.78% (21129/21176)
  Chemical: 0.00% (0/466)
  Electric: 0.00% (0/1810)
  Impulsive: 96.76% (3433/3548)

Classification Report:
              precision    recall  f1-score   support

   No Thrust     0.8986    0.9978    0.9456     21176
    Chemical     0.0000    0.0000    0.0000       466
    Electric     0.0000    0.0000    0.0000      1810
   Impulsive     0.9848    0.9676    0.9761      3548

    accuracy                         0.9097     27000
   macro avg     0.4708    0.4913    0.4804     27000
weighted avg     0.8342    0.9097    0.8699     27000


Confusion Matrix (rows = true, cols = predicted):
             P_No Thrust  P_Chemical  P_Electric  P_Impulsive
T_No Thrust        21129           0           0           47
T_Chemical           465           0           0            1
T_Electric          1805           0           0            5
T_Impulsive          115           0           0         3433

Stage-2 type accuracy conditioned on correct stage-1 detection: 99.83% (3439 frames)
Stage-1 (detector-only) accuracy: 90.99%

CatBoost Cascade Inference Time	Elapsed time is 0.0806 seconds.

Entering Random Forest (joint) Training Loop

	Elapsed time is 87.1816 seconds.

==========================================================================================
Total parameters: NaN
Total memory (bytes): 202019042
Total memory (MB): 192.6603717803955
==========================================================================================

Random Forest (joint) Validation
Accuracy: 90.44% (21164/23400)
Per-Class Accuracy:
  No Thrust: 99.74% (17719/17766)
  Chemical: 1.43% (6/420)
  Electric: 0.00% (0/1724)
  Impulsive: 98.54% (3439/3490)

Classification Report:
              precision    recall  f1-score   support

   No Thrust     0.8904    0.9974    0.9409     17766
    Chemical     1.0000    0.0143    0.0282       420
    Electric     0.0000    0.0000    0.0000      1724
   Impulsive     0.9840    0.9854    0.9847      3490

    accuracy                         0.9044     23400
   macro avg     0.7186    0.4993    0.4884     23400
weighted avg     0.8408    0.9044    0.8617     23400


Confusion Matrix (rows = true, cols = predicted):
             P_No Thrust  P_Chemical  P_Electric  P_Impulsive
T_No Thrust        17719           0           0           47
T_Chemical           411           6           0            3
T_Electric          1718           0           0            6
T_Impulsive           51           0           0         3439

Random Forest (joint) Inference Time	Elapsed time is 0.1874 seconds.

Entering Random Forest Stage 1 (Detector) Training Loop

	Elapsed time is 81.9282 seconds.

==========================================================================================
Total parameters: NaN
Total memory (bytes): 189436425
Total memory (MB): 180.66065311431885
==========================================================================================

Entering Random Forest Stage 2 (Type Classifier) Training Loop

	Elapsed time is 9.1191 seconds.

==========================================================================================
Total parameters: NaN
Total memory (bytes): 39131434
Total memory (MB): 37.31864356994629
==========================================================================================

Random Forest Cascade Evaluation

--- Cascade Stage 1 (Detector) Standalone Metrics ---
Accuracy: 91.02% (24576/27000)
Per-Class Accuracy:
  No Thrust: 99.73% (21118/21176)
  Thrust: 59.38% (3458/5824)

Classification Report:
              precision    recall  f1-score   support

   No Thrust     0.8993    0.9973    0.9457     21176
      Thrust     0.9835    0.5938    0.7405      5824

    accuracy                         0.9102     27000
   macro avg     0.9414    0.7955    0.8431     27000
weighted avg     0.9174    0.9102    0.9014     27000


Confusion Matrix (rows = true, cols = predicted):
             P_No Thrust  P_Thrust
T_No Thrust        21118        58
T_Thrust            2366      3458

--- Cascade End-to-End (Stage1 -> Stage2 combined) Metrics ---
Accuracy: 90.99% (24567/27000)
Per-Class Accuracy:
  No Thrust: 99.73% (21118/21176)
  Chemical: 1.29% (6/466)
  Electric: 0.00% (0/1810)
  Impulsive: 97.04% (3443/3548)

Classification Report:
              precision    recall  f1-score   support

   No Thrust     0.8993    0.9973    0.9457     21176
    Chemical     1.0000    0.0129    0.0254       466
    Electric     0.0000    0.0000    0.0000      1810
   Impulsive     0.9809    0.9704    0.9756      3548

    accuracy                         0.9099     27000
   macro avg     0.7200    0.4951    0.4867     27000
weighted avg     0.8514    0.9099    0.8704     27000


Confusion Matrix (rows = true, cols = predicted):
             P_No Thrust  P_Chemical  P_Electric  P_Impulsive
T_No Thrust        21118           0           0           58
T_Chemical           457           6           0            3
T_Electric          1804           0           0            6
T_Impulsive          105           0           0         3443

Stage-2 type accuracy conditioned on correct stage-1 detection: 99.74% (3458 frames)
Stage-1 (detector-only) accuracy: 91.02%

Random Forest Cascade Inference Time	Elapsed time is 0.3224 seconds.
