Processing datasets for leo with 30 minutes and 1500 random systems.
Training data location: /home/hunter/git/GMAT-Thrust-Data/data/seqClassification/leo/30min-1500
Test data location: /home/hunter/git/GMAT-Thrust-Data/data/seqClassification/leo/30min-1500
train_data (4200, 30, 6)  val_data (900, 30, 6)  test_data (900, 30, 6)

================================================================================
Backbone: LSTM
================================================================================

Entering LSTM Joint (4-class) Training Loop
Epoch [1/100] Train Loss: 1.3879
Val Event P(macro [1, 2, 3]): 0.0500 | R: 0.3273 | F1: 0.0868
Per-class P: [0.94083333 0.         0.         0.15008889]  R: [0.15904395 0.         0.         0.9819715 ]  F1: [0.2720919  0.         0.         0.26038012]
Val Loss: 1.3907
Epoch [2/100] Train Loss: 1.3561
Val Event P(macro [1, 2, 3]): 0.1128 | R: 0.4178 | F1: 0.1679
Per-class P: [0.95266667 0.02166667 0.09527778 0.22148148]  R: [0.20130541 0.35616438 0.37547893 0.52166327]  F1: [0.33237711 0.04084839 0.15198848 0.31094549]
Val Loss: 1.3441
Epoch [3/100] Train Loss: 1.3286
Val Event P(macro [1, 2, 3]): 0.0703 | R: 0.4095 | F1: 0.1156
Per-class P: [0.96361111 0.02111111 0.         0.18979167]  R: [0.16289444 0.43378995 0.         0.79470776]  F1: [0.27867931 0.04026277 0.         0.30640731]
Val Loss: 1.3367
Epoch [4/100] Train Loss: 1.3229
Val Event P(macro [1, 2, 3]): 0.1090 | R: 0.4238 | F1: 0.1682
Per-class P: [0.96361111 0.01962963 0.09128205 0.21622222]  R: [0.16289444 0.12100457 0.58456486 0.56586217]  F1: [0.27867931 0.03377948 0.15790641 0.31288689]
Val Loss: 1.3381
Epoch [5/100] Train Loss: 1.3175
Val Event P(macro [1, 2, 3]): 0.1042 | R: 0.4134 | F1: 0.1642
Per-class P: [0.96361111 0.01888889 0.08666667 0.20703704]  R: [0.16289444 0.07762557 0.51231527 0.65018901]  F1: [0.27867931 0.03038427 0.14825374 0.314067  ]
Val Loss: 1.3266
Epoch [6/100] Train Loss: 1.3192
Val Event P(macro [1, 2, 3]): 0.1071 | R: 0.4161 | F1: 0.1636
Per-class P: [0.96361111 0.01777778 0.08740741 0.21622222]  R: [0.16289444 0.03652968 0.64586754 0.56586217]  F1: [0.27867931 0.02391629 0.15397664 0.31288689]
Val Loss: 1.3234
Epoch [7/100] Train Loss: 1.3125
Val Event P(macro [1, 2, 3]): 0.1103 | R: 0.4231 | F1: 0.1670
Per-class P: [0.96361111 0.01888889 0.09066667 0.22148148]  R: [0.16289444 0.07762557 0.66995074 0.52166327]  F1: [0.27867931 0.03038427 0.15971814 0.31094549]
Val Loss: 1.3353
Epoch [8/100] Train Loss: 1.3141
Val Event P(macro [1, 2, 3]): 0.1070 | R: 0.4201 | F1: 0.1671
Per-class P: [0.96361111 0.01962963 0.08972222 0.21151515]  R: [0.16289444 0.12100457 0.53037767 0.60889794]  F1: [0.27867931 0.03377948 0.15348064 0.31396656]
Val Loss: 1.3239
Epoch [9/100] Train Loss: 1.3096
Val Event P(macro [1, 2, 3]): 0.1090 | R: 0.4238 | F1: 0.1682
Per-class P: [0.96361111 0.01962963 0.09128205 0.21622222]  R: [0.16289444 0.12100457 0.58456486 0.56586217]  F1: [0.27867931 0.03377948 0.15790641 0.31288689]
Val Loss: 1.3152
Epoch [10/100] Train Loss: 1.3118
Val Event P(macro [1, 2, 3]): 0.1047 | R: 0.4405 | F1: 0.1658
Per-class P: [0.98777778 0.01866667 0.08848485 0.20703704]  R: [0.08348986 0.19178082 0.47947455 0.65018901]  F1: [0.15396605 0.03402187 0.14939882 0.314067  ]
Val Loss: 1.3311
Epoch [11/100] Train Loss: 1.3099
Val Event P(macro [1, 2, 3]): 0.1090 | R: 0.4238 | F1: 0.1682
Per-class P: [0.96361111 0.01962963 0.09128205 0.21622222]  R: [0.16289444 0.12100457 0.58456486 0.56586217]  F1: [0.27867931 0.03377948 0.15790641 0.31288689]
Val Loss: 1.3106
Epoch [12/100] Train Loss: 1.3081
Val Event P(macro [1, 2, 3]): 0.1153 | R: 0.4292 | F1: 0.1671
Per-class P: [0.96361111 0.02111111 0.09396825 0.23079365]  R: [0.16289444 0.21689498 0.64805692 0.42279732]  F1: [0.27867931 0.03847712 0.16413669 0.29859328]
Val Loss: 1.3191
Epoch [13/100] Train Loss: 1.3105
Val Event P(macro [1, 2, 3]): 0.1051 | R: 0.4169 | F1: 0.1657
Per-class P: [0.96361111 0.01962963 0.08848485 0.20703704]  R: [0.16289444 0.12100457 0.47947455 0.65018901]  F1: [0.27867931 0.03377948 0.14939882 0.314067  ]
Val Loss: 1.3244
Epoch [14/100] Train Loss: 1.3113
Val Event P(macro [1, 2, 3]): 0.1112 | R: 0.4266 | F1: 0.1687
Per-class P: [0.96361111 0.01962963 0.09238095 0.22148148]  R: [0.16289444 0.12100457 0.63711002 0.52166327]  F1: [0.27867931 0.03377948 0.16136411 0.31094549]
Val Loss: 1.3156
Epoch [15/100] Train Loss: 1.3119
Val Event P(macro [1, 2, 3]): 0.1051 | R: 0.4169 | F1: 0.1657
Per-class P: [0.96361111 0.01962963 0.08848485 0.20703704]  R: [0.16289444 0.12100457 0.47947455 0.65018901]  F1: [0.27867931 0.03377948 0.14939882 0.314067  ]
Val Loss: 1.3192
Epoch [16/100] Train Loss: 1.3085
Val Event P(macro [1, 2, 3]): 0.1061 | R: 0.4166 | F1: 0.1655
Per-class P: [0.96361111 0.01888889 0.08794872 0.21151515]  R: [0.16289444 0.07762557 0.56321839 0.60889794]  F1: [0.27867931 0.03038427 0.15214016 0.31396656]
Val Loss: 1.3076
Epoch [17/100] Train Loss: 1.3067
Val Event P(macro [1, 2, 3]): 0.1075 | R: 0.4226 | F1: 0.1678
Per-class P: [0.96361111 0.02055556 0.09040404 0.21151515]  R: [0.16289444 0.16894977 0.48987411 0.60889794]  F1: [0.27867931 0.03665181 0.15263921 0.31396656]
Val Loss: 1.3108
Epoch [18/100] Train Loss: 1.3074
Val Event P(macro [1, 2, 3]): 0.1031 | R: 0.4261 | F1: 0.1643
Per-class P: [0.9737037  0.01916667 0.08755556 0.20264957]  R: [0.12345041 0.15753425 0.43130816 0.68944461]  F1: [0.21911985 0.03417533 0.14556202 0.31323073]
Val Loss: 1.3096
Epoch [19/100] Train Loss: 1.3066
Val Event P(macro [1, 2, 3]): 0.1089 | R: 0.4360 | F1: 0.1683
Per-class P: [0.9737037  0.01916667 0.09128205 0.21622222]  R: [0.12345041 0.15753425 0.58456486 0.56586217]  F1: [0.21911985 0.03417533 0.15790641 0.31288689]
Val Loss: 1.3033
Epoch [20/100] Train Loss: 1.3056
Val Event P(macro [1, 2, 3]): 0.1041 | R: 0.4256 | F1: 0.1647
Per-class P: [0.9737037  0.01851852 0.08666667 0.20703704]  R: [0.12345041 0.11415525 0.51231527 0.65018901]  F1: [0.21911985 0.03186743 0.14825374 0.314067  ]
Val Loss: 1.3107
Epoch [21/100] Train Loss: 1.3046
Val Event P(macro [1, 2, 3]): 0.1150 | R: 0.3999 | F1: 0.1656
Per-class P: [0.93277778 0.02055556 0.0937037  0.23079365]  R: [0.23652329 0.08447489 0.6923919  0.42279732]  F1: [0.3773599  0.03306524 0.16506818 0.29859328]
Val Loss: 1.3086
Epoch [22/100] Train Loss: 1.3067
Val Event P(macro [1, 2, 3]): 0.1115 | R: 0.4412 | F1: 0.1695
Per-class P: [0.9737037  0.02       0.09316239 0.22148148]  R: [0.12345041 0.20547945 0.59660646 0.52166327]  F1: [0.21911985 0.036452   0.16115916 0.31094549]
Val Loss: 1.3187
Epoch [23/100] Train Loss: 1.3072
Val Event P(macro [1, 2, 3]): 0.1075 | R: 0.4226 | F1: 0.1678
Per-class P: [0.96361111 0.02055556 0.09040404 0.21151515]  R: [0.16289444 0.16894977 0.48987411 0.60889794]  F1: [0.27867931 0.03665181 0.15263921 0.31396656]
Val Loss: 1.3080
Epoch [24/100] Train Loss: 1.3051
Val Event P(macro [1, 2, 3]): 0.1071 | R: 0.4462 | F1: 0.1675
Per-class P: [0.98777778 0.01944444 0.09040404 0.21151515]  R: [0.08348986 0.23972603 0.48987411 0.60889794]  F1: [0.15396605 0.03597122 0.15263921 0.31396656]
Val Loss: 1.3188
Epoch [25/100] Train Loss: 1.3112
Val Event P(macro [1, 2, 3]): 0.1089 | R: 0.4360 | F1: 0.1683
Per-class P: [0.9737037  0.01916667 0.09128205 0.21622222]  R: [0.12345041 0.15753425 0.58456486 0.56586217]  F1: [0.21911985 0.03417533 0.15790641 0.31288689]
Val Loss: 1.3139
Epoch [26/100] Train Loss: 1.3009
Val Event P(macro [1, 2, 3]): 0.1049 | R: 0.4291 | F1: 0.1659
Per-class P: [0.9737037  0.01916667 0.08848485 0.20703704]  R: [0.12345041 0.15753425 0.47947455 0.65018901]  F1: [0.21911985 0.03417533 0.14939882 0.314067  ]
Val Loss: 1.3037
Epoch [27/100] Train Loss: 1.3020
Val Event P(macro [1, 2, 3]): 0.1090 | R: 0.4238 | F1: 0.1682
Per-class P: [0.96361111 0.01962963 0.09128205 0.21622222]  R: [0.16289444 0.12100457 0.58456486 0.56586217]  F1: [0.27867931 0.03377948 0.15790641 0.31288689]
Val Loss: 1.3039
Epoch [28/100] Train Loss: 1.3032
Val Event P(macro [1, 2, 3]): 0.1079 | R: 0.4439 | F1: 0.1672
Per-class P: [0.98777778 0.01805556 0.08952381 0.21622222]  R: [0.08348986 0.14840183 0.61740558 0.56586217]  F1: [0.15396605 0.03219416 0.15637347 0.31288689]
Val Loss: 1.3165
Epoch [29/100] Train Loss: 1.3010
Val Event P(macro [1, 2, 3]): 0.1049 | R: 0.4291 | F1: 0.1659
Per-class P: [0.9737037  0.01916667 0.08848485 0.20703704]  R: [0.12345041 0.15753425 0.47947455 0.65018901]  F1: [0.21911985 0.03417533 0.14939882 0.314067  ]
Val Loss: 1.3041
Early stopping triggered.

	Elapsed time is 59.9797 seconds.

==========================================================================================
Total parameters: 28660
Total memory (bytes): 229280
Total memory (MB): 0.218658447265625
==========================================================================================

LSTM Joint Validation
Accuracy: 21.52% (5810/27000)
Per-Class Accuracy:
  No Thrust: 12.35% (2629/21296)
  Chemical: 15.75% (69/438)
  Electric: 47.95% (876/1827)
  Impulsive: 65.02% (2236/3439)

Classification Report:
              precision    recall  f1-score   support

   No Thrust     0.9737    0.1235    0.2191     21296
    Chemical     0.0192    0.1575    0.0342       438
    Electric     0.0885    0.4795    0.1494      1827
   Impulsive     0.2070    0.6502    0.3141      3439

    accuracy                         0.2152     27000
   macro avg     0.3221    0.3527    0.1792     27000
weighted avg     0.8007    0.2152    0.2235     27000


Confusion Matrix (rows = true, cols = predicted):
             P_No Thrust  P_Chemical  P_Electric  P_Impulsive
T_No Thrust         2629        3225        7773         7669
T_Chemical            20          69         194          155
T_Electric            31         180         876          740
T_Impulsive           20         126        1057         2236

LSTM Joint Inference Time	Elapsed time is 0.1782 seconds.

Entering LSTM Stage 1 (Detector) Training Loop
Epoch [1/100] Train Loss: 0.6777
Val Event P(macro [1]): 0.2500 | R: 0.0394 | F1: 0.0681
Per-class P: [0.79007663 0.25      ]  R: [0.96830391 0.039446  ]  F1: [0.87015782 0.06814052]
Val Loss: 0.6488
Epoch [2/100] Train Loss: 0.6627
Val Event P(macro [1]): 0.2615 | R: 0.8666 | F1: 0.4018
Per-class P: [0.90604938 0.26153439]  R: [0.34461871 0.86658485]  F1: [0.49931964 0.40180458]
Val Loss: 0.6622
Epoch [3/100] Train Loss: 0.6577
Val Event P(macro [1]): 0.2540 | R: 0.9218 | F1: 0.3983
Per-class P: [0.92920635 0.25400966]  R: [0.2748873  0.92180926]  F1: [0.42426439 0.39827299]
Val Loss: 0.6847
Epoch [4/100] Train Loss: 0.6572
Val Event P(macro [1]): 0.2747 | R: 0.1734 | F1: 0.2126
Per-class P: [0.79850427 0.27472222]  R: [0.87739482 0.1733871 ]  F1: [0.83609272 0.21259673]
Val Loss: 0.6375
Epoch [5/100] Train Loss: 0.6562
Val Event P(macro [1]): 0.2712 | R: 0.7703 | F1: 0.4012
Per-class P: [0.8787037  0.27123457]  R: [0.44562359 0.77033661]  F1: [0.59135095 0.40120526]
Val Loss: 0.6471
Epoch [6/100] Train Loss: 0.6554
Val Event P(macro [1]): 0.2712 | R: 0.7703 | F1: 0.4012
Per-class P: [0.8787037  0.27123457]  R: [0.44562359 0.77033661]  F1: [0.59135095 0.40120526]
Val Loss: 0.6512
Epoch [7/100] Train Loss: 0.6548
Val Event P(macro [1]): 0.2680 | R: 0.8033 | F1: 0.4019
Per-class P: [0.88666667 0.26795322]  R: [0.41219008 0.80329593]  F1: [0.56276446 0.40185932]
Val Loss: 0.6618
Epoch [8/100] Train Loss: 0.6538
Val Event P(macro [1]): 0.2747 | R: 0.7369 | F1: 0.4002
Per-class P: [0.8717094  0.27470588]  R: [0.47891623 0.73685133]  F1: [0.61819614 0.40020948]
Val Loss: 0.6469
Epoch [9/100] Train Loss: 0.6532
Val Event P(macro [1]): 0.2580 | R: 0.8955 | F1: 0.4006
Per-class P: [0.91722222 0.2579798 ]  R: [0.31010518 0.89551192]  F1: [0.46350365 0.40056462]
Val Loss: 0.6708
Epoch [10/100] Train Loss: 0.6533
Val Event P(macro [1]): 0.2649 | R: 0.8359 | F1: 0.4023
Per-class P: [0.896      0.26488889]  R: [0.37866266 0.83590463]  F1: [0.5323475  0.40229497]
Val Loss: 0.6616
Epoch [11/100] Train Loss: 0.6517
Val Event P(macro [1]): 0.2649 | R: 0.8359 | F1: 0.4023
Per-class P: [0.896      0.26488889]  R: [0.37866266 0.83590463]  F1: [0.5323475  0.40229497]
Val Loss: 0.6666
Epoch [12/100] Train Loss: 0.6521
Val Event P(macro [1]): 0.2712 | R: 0.7703 | F1: 0.4012
Per-class P: [0.8787037  0.27123457]  R: [0.44562359 0.77033661]  F1: [0.59135095 0.40120526]
Val Loss: 0.6522
Epoch [13/100] Train Loss: 0.6520
Val Event P(macro [1]): 0.2712 | R: 0.7703 | F1: 0.4012
Per-class P: [0.8787037  0.27123457]  R: [0.44562359 0.77033661]  F1: [0.59135095 0.40120526]
Val Loss: 0.6518
Epoch [14/100] Train Loss: 0.6522
Val Event P(macro [1]): 0.2712 | R: 0.7703 | F1: 0.4012
Per-class P: [0.8787037  0.27123457]  R: [0.44562359 0.77033661]  F1: [0.59135095 0.40120526]
Val Loss: 0.6523
Early stopping triggered.

	Elapsed time is 28.8797 seconds.

==========================================================================================
Total parameters: 28586
Total memory (bytes): 228688
Total memory (MB): 0.2180938720703125
==========================================================================================

Entering LSTM Stage 2 (Type Classifier) Training Loop
Epoch [1/100] Train Loss: 1.1017
Val Event P(macro [0, 1, 2]): 0.0256 | R: 0.3333 | F1: 0.0475
Per-class P: [0.07678822 0.         0.        ]  R: [1. 0. 0.]  F1: [0.14262455 0.         0.        ]
Val Loss: 1.0980
Epoch [2/100] Train Loss: 1.0958
Val Event P(macro [0, 1, 2]): 0.2711 | R: 0.4244 | F1: 0.3249
Per-class P: [0.15418895 0.         0.65910083]  R: [0.39497717 0.         0.87816226]  F1: [0.22179487 0.         0.75302331]
Val Loss: 1.0722
Epoch [3/100] Train Loss: 1.0729
Val Event P(macro [0, 1, 2]): 0.4661 | R: 0.4435 | F1: 0.4348
Per-class P: [0.24413146 0.4107205  0.74331551]  R: [0.11872146 0.64586754 0.56586217]  F1: [0.15975422 0.50212766 0.64256232]
Val Loss: 1.0435
Epoch [4/100] Train Loss: 1.0456
Val Event P(macro [0, 1, 2]): 0.4253 | R: 0.4426 | F1: 0.4254
Per-class P: [0.17214192 0.40727003 0.69652295]  R: [0.29908676 0.30049261 0.72811864]  F1: [0.21851543 0.34582677 0.71197043]
Val Loss: 1.0564
Epoch [5/100] Train Loss: 1.0409
Val Event P(macro [0, 1, 2]): 0.4413 | R: 0.4577 | F1: 0.4316
Per-class P: [0.17214192 0.38987635 0.76178344]  R: [0.29908676 0.55227148 0.52166327]  F1: [0.21851543 0.45707814 0.6192613 ]
Val Loss: 1.0319
Epoch [6/100] Train Loss: 1.0383
Val Event P(macro [0, 1, 2]): 0.4413 | R: 0.4577 | F1: 0.4316
Per-class P: [0.17214192 0.38987635 0.76178344]  R: [0.29908676 0.55227148 0.52166327]  F1: [0.21851543 0.45707814 0.6192613 ]
Val Loss: 1.0303
Epoch [7/100] Train Loss: 1.0319
Val Event P(macro [0, 1, 2]): 0.4564 | R: 0.4477 | F1: 0.4394
Per-class P: [0.21806854 0.4079566  0.74331551]  R: [0.15981735 0.61740558 0.56586217]  F1: [0.18445323 0.4912892  0.64256232]
Val Loss: 1.0309
Epoch [8/100] Train Loss: 1.0284
Val Event P(macro [0, 1, 2]): 0.4348 | R: 0.4468 | F1: 0.4384
Per-class P: [0.18456376 0.40566515 0.71414883]  R: [0.25114155 0.43897099 0.65018901]  F1: [0.21276596 0.42166141 0.68066971]
Val Loss: 1.0303
Epoch [9/100] Train Loss: 1.0316
Val Event P(macro [0, 1, 2]): 0.4589 | R: 0.4544 | F1: 0.4309
Per-class P: [0.19955157 0.39496063 0.78204513]  R: [0.20319635 0.6863711  0.47368421]  F1: [0.20135747 0.50139944 0.59000362]
Val Loss: 1.0295
Epoch [10/100] Train Loss: 1.0316
Val Event P(macro [0, 1, 2]): 0.4418 | R: 0.4443 | F1: 0.4417
Per-class P: [0.19955157 0.41184767 0.71414883]  R: [0.20319635 0.47947455 0.65018901]  F1: [0.20135747 0.4430956  0.68066971]
Val Loss: 1.0286
Epoch [11/100] Train Loss: 1.0237
Val Event P(macro [0, 1, 2]): 0.4413 | R: 0.4577 | F1: 0.4316
Per-class P: [0.17214192 0.38987635 0.76178344]  R: [0.29908676 0.55227148 0.52166327]  F1: [0.21851543 0.45707814 0.6192613 ]
Val Loss: 1.0244
Epoch [12/100] Train Loss: 1.0252
Val Event P(macro [0, 1, 2]): 0.4614 | R: 0.4505 | F1: 0.4360
Per-class P: [0.21806854 0.40422721 0.76178344]  R: [0.15981735 0.66995074 0.52166327]  F1: [0.18445323 0.50422245 0.6192613 ]
Val Loss: 1.0299
Epoch [13/100] Train Loss: 1.0268
Val Event P(macro [0, 1, 2]): 0.4360 | R: 0.4549 | F1: 0.4336
Per-class P: [0.17214192 0.39268817 0.74331551]  R: [0.29908676 0.49972633 0.56586217]  F1: [0.21851543 0.43978805 0.64256232]
Val Loss: 1.0247
Epoch [14/100] Train Loss: 1.0233
Val Event P(macro [0, 1, 2]): 0.4541 | R: 0.4540 | F1: 0.4376
Per-class P: [0.19955157 0.40096452 0.76178344]  R: [0.20319635 0.63711002 0.52166327]  F1: [0.20135747 0.49217759 0.6192613 ]
Val Loss: 1.0258
Epoch [15/100] Train Loss: 1.0243
Val Event P(macro [0, 1, 2]): 0.4493 | R: 0.4408 | F1: 0.4414
Per-class P: [0.21806854 0.41563055 0.71414883]  R: [0.15981735 0.51231527 0.65018901]  F1: [0.18445323 0.45893601 0.68066971]
Val Loss: 1.0263
Epoch [16/100] Train Loss: 1.0236
Val Event P(macro [0, 1, 2]): 0.4589 | R: 0.4544 | F1: 0.4309
Per-class P: [0.19955157 0.39496063 0.78204513]  R: [0.20319635 0.6863711  0.47368421]  F1: [0.20135747 0.50139944 0.59000362]
Val Loss: 1.0272
Epoch [17/100] Train Loss: 1.0246
Val Event P(macro [0, 1, 2]): 0.4614 | R: 0.4505 | F1: 0.4360
Per-class P: [0.21806854 0.40422721 0.76178344]  R: [0.15981735 0.66995074 0.52166327]  F1: [0.18445323 0.50422245 0.6192613 ]
Val Loss: 1.0296
Epoch [18/100] Train Loss: 1.0218
Val Event P(macro [0, 1, 2]): 0.4520 | R: 0.4440 | F1: 0.4408
Per-class P: [0.21806854 0.4116     0.72632674]  R: [0.15981735 0.56321839 0.60889794]  F1: [0.18445323 0.47561821 0.66244859]
Val Loss: 1.0243
Epoch [19/100] Train Loss: 1.0214
Val Event P(macro [0, 1, 2]): 0.4446 | R: 0.4475 | F1: 0.4417
Per-class P: [0.19955157 0.408      0.72632674]  R: [0.20319635 0.53037767 0.60889794]  F1: [0.20135747 0.46120895 0.66244859]
Val Loss: 1.0212
Epoch [20/100] Train Loss: 1.0206
Val Event P(macro [0, 1, 2]): 0.4541 | R: 0.4540 | F1: 0.4376
Per-class P: [0.19955157 0.40096452 0.76178344]  R: [0.20319635 0.63711002 0.52166327]  F1: [0.20135747 0.49217759 0.6192613 ]
Val Loss: 1.0201
Epoch [21/100] Train Loss: 1.0184
Val Event P(macro [0, 1, 2]): 0.4564 | R: 0.4477 | F1: 0.4394
Per-class P: [0.21806854 0.4079566  0.74331551]  R: [0.15981735 0.61740558 0.56586217]  F1: [0.18445323 0.4912892  0.64256232]
Val Loss: 1.0205
Epoch [22/100] Train Loss: 1.0192
Val Event P(macro [0, 1, 2]): 0.4491 | R: 0.4512 | F1: 0.4407
Per-class P: [0.19955157 0.40454545 0.74331551]  R: [0.20319635 0.58456486 0.56586217]  F1: [0.20135747 0.47817327 0.64256232]
Val Loss: 1.0202
Epoch [23/100] Train Loss: 1.0182
Val Event P(macro [0, 1, 2]): 0.4491 | R: 0.4512 | F1: 0.4407
Per-class P: [0.19955157 0.40454545 0.74331551]  R: [0.20319635 0.58456486 0.56586217]  F1: [0.20135747 0.47817327 0.64256232]
Val Loss: 1.0202
Epoch [24/100] Train Loss: 1.0173
Val Event P(macro [0, 1, 2]): 0.4424 | R: 0.4537 | F1: 0.4386
Per-class P: [0.18456376 0.39919679 0.74331551]  R: [0.25114155 0.5440613  0.56586217]  F1: [0.21276596 0.46050498 0.64256232]
Val Loss: 1.0170
Epoch [25/100] Train Loss: 1.0190
Val Event P(macro [0, 1, 2]): 0.4522 | R: 0.4569 | F1: 0.4297
Per-class P: [0.18456376 0.39008264 0.78204513]  R: [0.25114155 0.64586754 0.47368421]  F1: [0.21276596 0.48639736 0.59000362]
Val Loss: 1.0355
Epoch [26/100] Train Loss: 1.0192
Val Event P(macro [0, 1, 2]): 0.4446 | R: 0.4475 | F1: 0.4417
Per-class P: [0.19955157 0.408      0.72632674]  R: [0.20319635 0.53037767 0.60889794]  F1: [0.20135747 0.46120895 0.66244859]
Val Loss: 1.0216
Epoch [27/100] Train Loss: 1.0170
Val Event P(macro [0, 1, 2]): 0.4491 | R: 0.4512 | F1: 0.4407
Per-class P: [0.19955157 0.40454545 0.74331551]  R: [0.20319635 0.58456486 0.56586217]  F1: [0.20135747 0.47817327 0.64256232]
Val Loss: 1.0175
Epoch [28/100] Train Loss: 1.0192
Val Event P(macro [0, 1, 2]): 0.4446 | R: 0.4475 | F1: 0.4417
Per-class P: [0.19955157 0.408      0.72632674]  R: [0.20319635 0.53037767 0.60889794]  F1: [0.20135747 0.46120895 0.66244859]
Val Loss: 1.0171
Epoch [29/100] Train Loss: 1.0203
Val Event P(macro [0, 1, 2]): 0.4474 | R: 0.4565 | F1: 0.4360
Per-class P: [0.18456376 0.39593171 0.76178344]  R: [0.25114155 0.59660646 0.52166327]  F1: [0.21276596 0.47598253 0.6192613 ]
Val Loss: 1.0200
Epoch [30/100] Train Loss: 1.0199
Val Event P(macro [0, 1, 2]): 0.4541 | R: 0.4540 | F1: 0.4376
Per-class P: [0.19955157 0.40096452 0.76178344]  R: [0.20319635 0.63711002 0.52166327]  F1: [0.20135747 0.49217759 0.6192613 ]
Val Loss: 1.0226
Epoch [31/100] Train Loss: 1.0149
Val Event P(macro [0, 1, 2]): 0.4446 | R: 0.4475 | F1: 0.4417
Per-class P: [0.19955157 0.408      0.72632674]  R: [0.20319635 0.53037767 0.60889794]  F1: [0.20135747 0.46120895 0.66244859]
Val Loss: 1.0182
Epoch [32/100] Train Loss: 1.0156
Val Event P(macro [0, 1, 2]): 0.4446 | R: 0.4475 | F1: 0.4417
Per-class P: [0.19955157 0.408      0.72632674]  R: [0.20319635 0.53037767 0.60889794]  F1: [0.20135747 0.46120895 0.66244859]
Val Loss: 1.0176
Epoch [33/100] Train Loss: 1.0169
Val Event P(macro [0, 1, 2]): 0.4491 | R: 0.4512 | F1: 0.4407
Per-class P: [0.19955157 0.40454545 0.74331551]  R: [0.20319635 0.58456486 0.56586217]  F1: [0.20135747 0.47817327 0.64256232]
Val Loss: 1.0180
Epoch [34/100] Train Loss: 1.0149
Val Event P(macro [0, 1, 2]): 0.4491 | R: 0.4512 | F1: 0.4407
Per-class P: [0.19955157 0.40454545 0.74331551]  R: [0.20319635 0.58456486 0.56586217]  F1: [0.20135747 0.47817327 0.64256232]
Val Loss: 1.0179
Early stopping triggered.

	Elapsed time is 69.6616 seconds.

==========================================================================================
Total parameters: 28623
Total memory (bytes): 228984
Total memory (MB): 0.21837615966796875
==========================================================================================

LSTM Cascade Evaluation

--- Cascade Stage 1 (Detector) Standalone Metrics ---
Accuracy: 51.42% (13884/27000)
Per-Class Accuracy:
  No Thrust: 44.56% (9490/21296)
  Thrust: 77.03% (4394/5704)

Classification Report:
              precision    recall  f1-score   support

   No Thrust     0.8787    0.4456    0.5914     21296
      Thrust     0.2712    0.7703    0.4012      5704

    accuracy                         0.5142     27000
   macro avg     0.5750    0.6080    0.4963     27000
weighted avg     0.7504    0.5142    0.5512     27000


Confusion Matrix (rows = true, cols = predicted):
             P_No Thrust  P_Thrust
T_No Thrust         9490     11806
T_Thrust            1310      4394

--- Cascade End-to-End (Stage1 -> Stage2 combined) Metrics ---
Accuracy: 44.83% (12105/27000)
Per-Class Accuracy:
  No Thrust: 44.56% (9490/21296)
  Chemical: 0.00% (0/438)
  Electric: 36.62% (669/1827)
  Impulsive: 56.59% (1946/3439)

Classification Report:
              precision    recall  f1-score   support

   No Thrust     0.8787    0.4456    0.5914     21296
    Chemical     0.0000    0.0000    0.0000       438
    Electric     0.0929    0.3662    0.1482      1827
   Impulsive     0.2162    0.5659    0.3129      3439

    accuracy                         0.4483     27000
   macro avg     0.2970    0.3444    0.2631     27000
weighted avg     0.7269    0.4483    0.5163     27000


Confusion Matrix (rows = true, cols = predicted):
             P_No Thrust  P_Chemical  P_Electric  P_Impulsive
T_No Thrust         9490           0        5424         6382
T_Chemical           192           0         122          124
T_Electric           610           0         669          548
T_Impulsive          508           0         985         1946

Stage-2 type accuracy conditioned on correct stage-1 detection: 59.51% (4394 frames)
Stage-1 (detector-only) accuracy: 51.42%

LSTM Cascade Inference Time	Elapsed time is 0.3293 seconds.

================================================================================
Backbone: MAMBA
================================================================================

Entering MAMBA Joint (4-class) Training Loop
Epoch [1/100] Train Loss: 1.3840
Val Event P(macro [1, 2, 3]): 0.0057 | R: 0.2938 | F1: 0.0112
Per-class P: [0.95266667 0.01715556 0.         0.        ]  R: [0.20130541 0.88127854 0.         0.        ]  F1: [0.33237711 0.03365594 0.         0.        ]
Val Loss: 1.3751
Epoch [2/100] Train Loss: 1.3616
Val Event P(macro [1, 2, 3]): 0.0818 | R: 0.3679 | F1: 0.1145
Per-class P: [0.94055556 0.01916667 0.         0.22625   ]  R: [0.23849549 0.63013699 0.         0.47368421]  F1: [0.38050644 0.03720178 0.         0.30623179]
Val Loss: 1.3323
Epoch [3/100] Train Loss: 1.3342
Val Event P(macro [1, 2, 3]): 0.0964 | R: 0.4110 | F1: 0.1556
Per-class P: [0.9737037  0.01851852 0.08539683 0.18529412]  R: [0.12345041 0.11415525 0.29447181 0.82436755]  F1: [0.21911985 0.03186743 0.13239818 0.30257751]
Val Loss: 1.3436
Epoch [4/100] Train Loss: 1.3230
Val Event P(macro [1, 2, 3]): 0.1061 | R: 0.3935 | F1: 0.1660
Per-class P: [0.94055556 0.02222222 0.08911111 0.20703704]  R: [0.23849549 0.0913242  0.43897099 0.65018901]  F1: [0.38050644 0.0357462  0.14814815 0.314067  ]
Val Loss: 1.3035
Epoch [5/100] Train Loss: 1.3179
Val Event P(macro [1, 2, 3]): 0.1041 | R: 0.4256 | F1: 0.1647
Per-class P: [0.9737037  0.01851852 0.08666667 0.20703704]  R: [0.12345041 0.11415525 0.51231527 0.65018901]  F1: [0.21911985 0.03186743 0.14825374 0.314067  ]
Val Loss: 1.3309
Epoch [6/100] Train Loss: 1.3139
Val Event P(macro [1, 2, 3]): 0.0743 | R: 0.4231 | F1: 0.1174
Per-class P: [0.9737037  0.02015873 0.         0.20264957]  R: [0.12345041 0.57990868 0.         0.68944461]  F1: [0.21911985 0.03896303 0.         0.31323073]
Val Loss: 1.2993
Epoch [7/100] Train Loss: 1.3135
Val Event P(macro [1, 2, 3]): 0.1051 | R: 0.4169 | F1: 0.1657
Per-class P: [0.96361111 0.01962963 0.08848485 0.20703704]  R: [0.16289444 0.12100457 0.47947455 0.65018901]  F1: [0.27867931 0.03377948 0.14939882 0.314067  ]
Val Loss: 1.3174
Epoch [8/100] Train Loss: 1.3103
Val Event P(macro [1, 2, 3]): 0.1079 | R: 0.4244 | F1: 0.1679
Per-class P: [0.96361111 0.02111111 0.09047407 0.2120234 ]  R: [0.16289444 0.21689498 0.44499179 0.61122419]  F1: [0.27867931 0.03847712 0.15037455 0.31483562]
Val Loss: 1.3031
Epoch [9/100] Train Loss: 1.3102
Val Event P(macro [1, 2, 3]): 0.1038 | R: 0.4049 | F1: 0.1649
Per-class P: [0.95266667 0.02055556 0.08770883 0.20316558]  R: [0.20130541 0.08447489 0.40229885 0.72782786]  F1: [0.33237711 0.03306524 0.14401881 0.31765975]
Val Loss: 1.3108
Epoch [10/100] Train Loss: 1.3095
Val Event P(macro [1, 2, 3]): 0.1055 | R: 0.4192 | F1: 0.1662
Per-class P: [0.96361111 0.02055556 0.08901978 0.2069987 ]  R: [0.16289444 0.16894977 0.43842365 0.65018901]  F1: [0.27867931 0.03665181 0.14799076 0.31402289]
Val Loss: 1.3045
Epoch [11/100] Train Loss: 1.3092
Val Event P(macro [1, 2, 3]): 0.1025 | R: 0.3949 | F1: 0.1602
Per-class P: [0.95048887 0.01686341 0.0862224  0.20455526]  R: [0.21454733 0.02283105 0.47235906 0.68944461]  F1: [0.3500747  0.01939864 0.14582629 0.31550233]
Val Loss: 1.3005
Epoch [12/100] Train Loss: 1.3040
Val Event P(macro [1, 2, 3]): 0.1085 | R: 0.4285 | F1: 0.1707
Per-class P: [0.96485803 0.01932191 0.09027022 0.21591016]  R: [0.16115702 0.12100457 0.49917898 0.66530968]  F1: [0.27618396 0.03332285 0.15289187 0.32601881]
Val Loss: 1.2966
Epoch [13/100] Train Loss: 1.2846
Val Event P(macro [1, 2, 3]): 0.1195 | R: 0.4337 | F1: 0.1827
Per-class P: [0.93391134 0.         0.09064861 0.26776948]  R: [0.26807851 0.         0.57142857 0.72957255]  F1: [0.4165785  0.         0.15647482 0.3917558 ]
Val Loss: 1.2688
Epoch [14/100] Train Loss: 1.2648
Val Event P(macro [1, 2, 3]): 0.1710 | R: 0.3832 | F1: 0.2069
Per-class P: [0.87430103 0.01875387 0.09187682 0.40240609]  R: [0.3524136  0.27625571 0.3968254  0.47659203]  F1: [0.5023427  0.03512337 0.14920766 0.43636848]
Val Loss: 1.2438
Epoch [15/100] Train Loss: 1.2615
Val Event P(macro [1, 2, 3]): 0.1378 | R: 0.4795 | F1: 0.2079
Per-class P: [0.94492574 0.01700224 0.09726282 0.29925823]  R: [0.21511082 0.08675799 0.60098522 0.75079965]  F1: [0.3504437  0.02843247 0.16742909 0.42794398]
Val Loss: 1.2603
Epoch [16/100] Train Loss: 1.2600
Val Event P(macro [1, 2, 3]): 0.1516 | R: 0.4326 | F1: 0.2129
Per-class P: [0.90286687 0.01845523 0.09446397 0.34182264]  R: [0.32386364 0.06164384 0.58839628 0.64786275]  F1: [0.47672369 0.0284061  0.16279246 0.44752435]
Val Loss: 1.2317
Epoch [17/100] Train Loss: 1.2582
Val Event P(macro [1, 2, 3]): 0.1635 | R: 0.4305 | F1: 0.2151
Per-class P: [0.89693749 0.01976406 0.09717946 0.3734384 ]  R: [0.30118332 0.29452055 0.4318555  0.56498982]  F1: [0.45094386 0.03704235 0.15865675 0.44966443]
Val Loss: 1.2341
Epoch [18/100] Train Loss: 1.2560
Val Event P(macro [1, 2, 3]): 0.1643 | R: 0.4468 | F1: 0.2204
Per-class P: [0.90579214 0.02061006 0.10102612 0.37130011]  R: [0.31062171 0.17123288 0.59277504 0.57633033]  F1: [0.46260359 0.03679176 0.17263091 0.45163495]
Val Loss: 1.2384
Epoch [19/100] Train Loss: 1.2564
Val Event P(macro [1, 2, 3]): 0.1526 | R: 0.4318 | F1: 0.2172
Per-class P: [0.90576767 0.02128992 0.10047556 0.3359409 ]  R: [0.36650075 0.07762557 0.54351396 0.67432393]  F1: [0.52184669 0.03341523 0.16959863 0.44846258]
Val Loss: 1.2277
Epoch [20/100] Train Loss: 1.2570
Val Event P(macro [1, 2, 3]): 0.1272 | R: 0.4326 | F1: 0.1963
Per-class P: [0.92638623 0.02376238 0.09822054 0.2594776 ]  R: [0.31851052 0.08219178 0.38368911 0.83192789]  F1: [0.47403732 0.03686636 0.15640339 0.39557553]
Val Loss: 1.2440
Epoch [21/100] Train Loss: 1.2591
Val Event P(macro [1, 2, 3]): 0.1512 | R: 0.4285 | F1: 0.2085
Per-class P: [0.90750269 0.00865801 0.09660033 0.34823678]  R: [0.35612322 0.00456621 0.63765736 0.64321024]  F1: [0.51151654 0.00597907 0.16778282 0.45184353]
Val Loss: 1.2316
Epoch [22/100] Train Loss: 1.2547
Val Event P(macro [1, 2, 3]): 0.1444 | R: 0.4582 | F1: 0.2117
Per-class P: [0.92709599 0.01754386 0.09751349 0.3180586 ]  R: [0.2866266  0.05479452 0.6031746  0.71648735]  F1: [0.43787661 0.02657807 0.16788544 0.44055069]
Val Loss: 1.2388
Epoch [23/100] Train Loss: 1.2555
Val Event P(macro [1, 2, 3]): 0.1392 | R: 0.4767 | F1: 0.2106
Per-class P: [0.94194123 0.01953602 0.10103704 0.29717142]  R: [0.2483565  0.10958904 0.55993432 0.76068625]  F1: [0.39307346 0.03316062 0.17118474 0.42738115]
Val Loss: 1.2414
Epoch [24/100] Train Loss: 1.2516
Val Event P(macro [1, 2, 3]): 0.1714 | R: 0.4449 | F1: 0.2180
Per-class P: [0.91580502 0.0183939  0.09739298 0.39853301]  R: [0.29113449 0.09360731 0.71975917 0.52137249]  F1: [0.44181572 0.03074616 0.17157023 0.45175107]
Val Loss: 1.2509
Epoch [25/100] Train Loss: 1.2543
Val Event P(macro [1, 2, 3]): 0.1507 | R: 0.4318 | F1: 0.2132
Per-class P: [0.90581997 0.01757188 0.09556499 0.33910598]  R: [0.33691773 0.05022831 0.57909141 0.66618203]  F1: [0.49115241 0.0260355  0.16405644 0.449436  ]
Val Loss: 1.2308
Epoch [26/100] Train Loss: 1.2522
Val Event P(macro [1, 2, 3]): 0.1492 | R: 0.4464 | F1: 0.2157
Per-class P: [0.91897935 0.01860974 0.10034063 0.3287183 ]  R: [0.32808978 0.07762557 0.56431308 0.69729573]  F1: [0.48354614 0.03002208 0.17038506 0.44680455]
Val Loss: 1.2311
Epoch [27/100] Train Loss: 1.2517
Val Event P(macro [1, 2, 3]): 0.1470 | R: 0.4548 | F1: 0.2150
Per-class P: [0.92084029 0.01985252 0.10030746 0.32090041]  R: [0.31080954 0.07990868 0.57142857 0.71299796]  F1: [0.46475214 0.03180373 0.17065795 0.44259928]
Val Loss: 1.2313
Epoch [28/100] Train Loss: 1.2502
Val Event P(macro [1, 2, 3]): 0.1548 | R: 0.4671 | F1: 0.2193
Per-class P: [0.90094802 0.01976103 0.1000604  0.34460279]  R: [0.25882795 0.19634703 0.5440613  0.66094795]  F1: [0.4021303  0.03590814 0.16903325 0.45301445]
Val Loss: 1.2279
Epoch [29/100] Train Loss: 1.2499
Val Event P(macro [1, 2, 3]): 0.1508 | R: 0.4551 | F1: 0.2155
Per-class P: [0.91630835 0.0152607  0.09837377 0.33871437]  R: [0.28019346 0.08219178 0.60591133 0.67723175]  F1: [0.42915708 0.02574187 0.16926606 0.45157538]
Val Loss: 1.2326
Early stopping triggered.

	Elapsed time is 60.0838 seconds.

==========================================================================================
Total parameters: 6106
Total memory (bytes): 48848
Total memory (MB): 0.0465850830078125
==========================================================================================

MAMBA Joint Validation
Accuracy: 34.96% (9439/27000)
Per-Class Accuracy:
  No Thrust: 28.02% (5967/21296)
  Chemical: 8.22% (36/438)
  Electric: 60.59% (1107/1827)
  Impulsive: 67.72% (2329/3439)

Classification Report:
              precision    recall  f1-score   support

   No Thrust     0.9163    0.2802    0.4292     21296
    Chemical     0.0153    0.0822    0.0257       438
    Electric     0.0984    0.6059    0.1693      1827
   Impulsive     0.3387    0.6772    0.4516      3439

    accuracy                         0.3496     27000
   macro avg     0.3422    0.4114    0.2689     27000
weighted avg     0.7728    0.3496    0.4079     27000


Confusion Matrix (rows = true, cols = predicted):
             P_No Thrust  P_Chemical  P_Electric  P_Impulsive
T_No Thrust         5967        2082        9100         4147
T_Chemical            91          36         246           65
T_Electric           256         129        1107          335
T_Impulsive          198         112         800         2329

MAMBA Joint Inference Time	Elapsed time is 0.1443 seconds.

Entering MAMBA Stage 1 (Detector) Training Loop
Epoch [1/100] Train Loss: 0.6858
Val Event P(macro [1]): 0.2680 | R: 0.8033 | F1: 0.4019
Per-class P: [0.88666667 0.26795322]  R: [0.41219008 0.80329593]  F1: [0.56276446 0.40185932]
Val Loss: 0.6841
Epoch [2/100] Train Loss: 0.6620
Val Event P(macro [1]): 0.2853 | R: 0.6303 | F1: 0.3928
Per-class P: [0.85354167 0.28531746]  R: [0.57715064 0.63025947]  F1: [0.68864859 0.39281031]
Val Loss: 0.6509
Epoch [3/100] Train Loss: 0.6572
Val Event P(macro [1]): 0.2747 | R: 0.7369 | F1: 0.4002
Per-class P: [0.8717094  0.27470588]  R: [0.47891623 0.73685133]  F1: [0.61819614 0.40020948]
Val Loss: 0.6585
Epoch [4/100] Train Loss: 0.6568
Val Event P(macro [1]): 0.2747 | R: 0.7369 | F1: 0.4002
Per-class P: [0.8717094  0.27470588]  R: [0.47891623 0.73685133]  F1: [0.61819614 0.40020948]
Val Loss: 0.6564
Epoch [5/100] Train Loss: 0.6553
Val Event P(macro [1]): 0.2747 | R: 0.7369 | F1: 0.4002
Per-class P: [0.8717094  0.27470588]  R: [0.47891623 0.73685133]  F1: [0.61819614 0.40020948]
Val Loss: 0.6558
Epoch [6/100] Train Loss: 0.6549
Val Event P(macro [1]): 0.2754 | R: 0.7411 | F1: 0.4015
Per-class P: [0.873208   0.27535665]  R: [0.47764838 0.74105891]  F1: [0.61751404 0.40151983]
Val Loss: 0.6563
Epoch [7/100] Train Loss: 0.6541
Val Event P(macro [1]): 0.2708 | R: 0.7940 | F1: 0.4039
Per-class P: [0.88566702 0.27082461]  R: [0.42740421 0.79400421]  F1: [0.57656859 0.40388817]
Val Loss: 0.6592
Epoch [8/100] Train Loss: 0.6529
Val Event P(macro [1]): 0.2784 | R: 0.7028 | F1: 0.3988
Per-class P: [0.86547619 0.27840278]  R: [0.51206799 0.70284011]  F1: [0.64343875 0.3988261 ]
Val Loss: 0.6496
Epoch [9/100] Train Loss: 0.6532
Val Event P(macro [1]): 0.2877 | R: 0.5892 | F1: 0.3866
Per-class P: [0.84702272 0.28765834]  R: [0.60917543 0.58923562]  F1: [0.70867475 0.38658845]
Val Loss: 0.6414
Epoch [10/100] Train Loss: 0.6523
Val Event P(macro [1]): 0.2714 | R: 0.7696 | F1: 0.4013
Per-class P: [0.87859189 0.27137294]  R: [0.44651578 0.76963534]  F1: [0.59211059 0.40126137]
Val Loss: 0.6539
Epoch [11/100] Train Loss: 0.6523
Val Event P(macro [1]): 0.2615 | R: 0.8666 | F1: 0.4018
Per-class P: [0.90604938 0.26153439]  R: [0.34461871 0.86658485]  F1: [0.49931964 0.40180458]
Val Loss: 0.6727
Epoch [12/100] Train Loss: 0.6520
Val Event P(macro [1]): 0.2648 | R: 0.8359 | F1: 0.4022
Per-class P: [0.89596532 0.26484475]  R: [0.37852179 0.83590463]  F1: [0.53220216 0.40224406]
Val Loss: 0.6645
Epoch [13/100] Train Loss: 0.6518
Val Event P(macro [1]): 0.2694 | R: 0.7993 | F1: 0.4030
Per-class P: [0.88640873 0.26944444]  R: [0.41956236 0.79926367]  F1: [0.5695436  0.40302334]
Val Loss: 0.6535
Epoch [14/100] Train Loss: 0.6502
Val Event P(macro [1]): 0.2684 | R: 0.8066 | F1: 0.4027
Per-class P: [0.88807712 0.26835812]  R: [0.4109692  0.80662693]  F1: [0.56190812 0.40273097]
Val Loss: 0.6568
Epoch [15/100] Train Loss: 0.6506
Val Event P(macro [1]): 0.2700 | R: 0.8026 | F1: 0.4041
Per-class P: [0.88792674 0.2700407 ]  R: [0.41890496 0.80259467]  F1: [0.56924991 0.40411352]
Val Loss: 0.6533
Epoch [16/100] Train Loss: 0.6490
Val Event P(macro [1]): 0.2716 | R: 0.7915 | F1: 0.4045
Per-class P: [0.88543072 0.27162796]  R: [0.43148948 0.79154979]  F1: [0.58022353 0.40446117]
Val Loss: 0.6521
Epoch [17/100] Train Loss: 0.6487
Val Event P(macro [1]): 0.2679 | R: 0.8254 | F1: 0.4045
Per-class P: [0.89434603 0.267911  ]  R: [0.39589594 0.82538569]  F1: [0.54883963 0.40451948]
Val Loss: 0.6584
Epoch [18/100] Train Loss: 0.6479
Val Event P(macro [1]): 0.2752 | R: 0.7735 | F1: 0.4060
Per-class P: [0.88220277 0.2751996 ]  R: [0.45435763 0.77349229]  F1: [0.59980164 0.40596246]
Val Loss: 0.6484
Epoch [19/100] Train Loss: 0.6469
Val Event P(macro [1]): 0.2856 | R: 0.7279 | F1: 0.4103
Per-class P: [0.87548139 0.28563566]  R: [0.51239669 0.72791024]  F1: [0.6464455  0.41027668]
Val Loss: 0.6410
Epoch [20/100] Train Loss: 0.6454
Val Event P(macro [1]): 0.2672 | R: 0.8440 | F1: 0.4059
Per-class P: [0.90091294 0.26717727]  R: [0.37997746 0.84396914]  F1: [0.53451351 0.40586797]
Val Loss: 0.6559
Epoch [21/100] Train Loss: 0.6430
Val Event P(macro [1]): 0.2696 | R: 0.8342 | F1: 0.4075
Per-class P: [0.89882353 0.26957507]  R: [0.3946281  0.83415147]  F1: [0.54845657 0.40746767]
Val Loss: 0.6561
Epoch [22/100] Train Loss: 0.6412
Val Event P(macro [1]): 0.3292 | R: 0.6529 | F1: 0.4377
Per-class P: [0.87378084 0.32917882]  R: [0.643642   0.65287518]  F1: [0.7412595  0.43767997]
Val Loss: 0.6308
Epoch [23/100] Train Loss: 0.6385
Val Event P(macro [1]): 0.2701 | R: 0.8576 | F1: 0.4108
Per-class P: [0.9086203  0.27006735]  R: [0.37913223 0.85764376]  F1: [0.53502087 0.41078176]
Val Loss: 0.6543
Epoch [24/100] Train Loss: 0.6369
Val Event P(macro [1]): 0.2952 | R: 0.7824 | F1: 0.4287
Per-class P: [0.89554751 0.29519148]  R: [0.49962434 0.78243338]  F1: [0.6414082  0.42866062]
Val Loss: 0.6407
Epoch [25/100] Train Loss: 0.6348
Val Event P(macro [1]): 0.3014 | R: 0.7733 | F1: 0.4337
Per-class P: [0.89543065 0.30140075]  R: [0.51990984 0.77331697]  F1: [0.6578533  0.43374797]
Val Loss: 0.6392
Epoch [26/100] Train Loss: 0.6330
Val Event P(macro [1]): 0.2941 | R: 0.8000 | F1: 0.4301
Per-class P: [0.90064437 0.29408353]  R: [0.48567806 0.79996494]  F1: [0.63105552 0.43006598]
Val Loss: 0.6452
Epoch [27/100] Train Loss: 0.6333
Val Event P(macro [1]): 0.2811 | R: 0.8299 | F1: 0.4200
Per-class P: [0.90452756 0.28111639]  R: [0.43153644 0.8299439 ]  F1: [0.58430824 0.41997871]
Val Loss: 0.6570
Epoch [28/100] Train Loss: 0.6329
Val Event P(macro [1]): 0.3256 | R: 0.7077 | F1: 0.4461
Per-class P: [0.88584537 0.3256433 ]  R: [0.60743802 0.70774895]  F1: [0.7206886 0.4460527]
Val Loss: 0.6295
Epoch [29/100] Train Loss: 0.6324
Val Event P(macro [1]): 0.3445 | R: 0.6531 | F1: 0.4511
Per-class P: [0.8777414  0.34449274]  R: [0.66716754 0.65305049]  F1: [0.75810367 0.45105043]
Val Loss: 0.6246
Epoch [30/100] Train Loss: 0.6322
Val Event P(macro [1]): 0.3429 | R: 0.6543 | F1: 0.4499
Per-class P: [0.87762954 0.34285714]  R: [0.66411533 0.6542777 ]  F1: [0.75608778 0.44993671]
Val Loss: 0.6253
Epoch [31/100] Train Loss: 0.6310
Val Event P(macro [1]): 0.3058 | R: 0.7709 | F1: 0.4378
Per-class P: [0.89642602 0.30575064]  R: [0.53117956 0.77086255]  F1: [0.66707946 0.43783918]
Val Loss: 0.6400
Epoch [32/100] Train Loss: 0.6315
Val Event P(macro [1]): 0.3561 | R: 0.5842 | F1: 0.4425
Per-class P: [0.86556336 0.3561351 ]  R: [0.71712998 0.58415147]  F1: [0.78438624 0.44249668]
Val Loss: 0.6194
Epoch [33/100] Train Loss: 0.6318
Val Event P(macro [1]): 0.3542 | R: 0.5977 | F1: 0.4448
Per-class P: [0.86791367 0.35418182]  R: [0.7081142  0.59765077]  F1: [0.7799126  0.44477787]
Val Loss: 0.6201
Epoch [34/100] Train Loss: 0.6307
Val Event P(macro [1]): 0.3197 | R: 0.7186 | F1: 0.4425
Per-class P: [0.88678846 0.31965999]  R: [0.5903456  0.71861851]  F1: [0.70882079 0.44248934]
Val Loss: 0.6317
Epoch [35/100] Train Loss: 0.6309
Val Event P(macro [1]): 0.2880 | R: 0.8173 | F1: 0.4260
Per-class P: [0.90365233 0.28804449]  R: [0.45891247 0.81732118]  F1: [0.60870107 0.42596738]
Val Loss: 0.6523
Epoch [36/100] Train Loss: 0.6313
Val Event P(macro [1]): 0.3390 | R: 0.6634 | F1: 0.4487
Per-class P: [0.87877257 0.33900735]  R: [0.65354996 0.66339411]  F1: [0.74960952 0.44871339]
Val Loss: 0.6255
Epoch [37/100] Train Loss: 0.6305
Val Event P(macro [1]): 0.3217 | R: 0.7123 | F1: 0.4432
Per-class P: [0.88579581 0.32166891]  R: [0.59767092 0.71230715]  F1: [0.71375298 0.44319607]
Val Loss: 0.6305
Epoch [38/100] Train Loss: 0.6305
Val Event P(macro [1]): 0.3140 | R: 0.7458 | F1: 0.4420
Per-class P: [0.89222536 0.31404105]  R: [0.56367393 0.74579243]  F1: [0.6908777  0.44197403]
Val Loss: 0.6353
Epoch [39/100] Train Loss: 0.6290
Val Event P(macro [1]): 0.3448 | R: 0.6297 | F1: 0.4456
Per-class P: [0.87262529 0.34475477]  R: [0.67942337 0.62973352]  F1: [0.76399926 0.44557464]
Val Loss: 0.6220
Epoch [40/100] Train Loss: 0.6295
Val Event P(macro [1]): 0.3512 | R: 0.6054 | F1: 0.4445
Per-class P: [0.86887633 0.35116445]  R: [0.70041322 0.60536466]  F1: [0.77560253 0.44448735]
Val Loss: 0.6197
Epoch [41/100] Train Loss: 0.6297
Val Event P(macro [1]): 0.3524 | R: 0.5840 | F1: 0.4396
Per-class P: [0.86477862 0.35244948]  R: [0.71262209 0.58397616]  F1: [0.78136182 0.43959089]
Val Loss: 0.6190
Epoch [42/100] Train Loss: 0.6295
Val Event P(macro [1]): 0.3290 | R: 0.6853 | F1: 0.4446
Per-class P: [0.88127522 0.32901271]  R: [0.6256574  0.68530856]  F1: [0.73178635 0.44458345]
Val Loss: 0.6275
Epoch [43/100] Train Loss: 0.6295
Val Event P(macro [1]): 0.3328 | R: 0.6767 | F1: 0.4461
Per-class P: [0.88025974 0.33275862]  R: [0.63655147 0.67671809]  F1: [0.73882712 0.44613962]
Val Loss: 0.6264
Epoch [44/100] Train Loss: 0.6298
Val Event P(macro [1]): 0.3564 | R: 0.5738 | F1: 0.4397
Per-class P: [0.86355728 0.35641947]  R: [0.7224831  0.57380785]  F1: [0.78674609 0.4397125 ]
Val Loss: 0.6176
Epoch [45/100] Train Loss: 0.6293
Val Event P(macro [1]): 0.3571 | R: 0.5719 | F1: 0.4397
Per-class P: [0.8633158  0.35712722]  R: [0.72426747 0.57187938]  F1: [0.78770236 0.4396819 ]
Val Loss: 0.6179
Epoch [46/100] Train Loss: 0.6294
Val Event P(macro [1]): 0.3360 | R: 0.6662 | F1: 0.4467
Per-class P: [0.87866429 0.33604528]  R: [0.64744553 0.66619916]  F1: [0.74553909 0.44674348]
Val Loss: 0.6251
Epoch [47/100] Train Loss: 0.6293
Val Event P(macro [1]): 0.3269 | R: 0.6930 | F1: 0.4443
Per-class P: [0.88254628 0.32691035]  R: [0.61781555 0.69302244]  F1: [0.72682577 0.44425714]
Val Loss: 0.6283
Epoch [48/100] Train Loss: 0.6292
Val Event P(macro [1]): 0.3505 | R: 0.6006 | F1: 0.4427
Per-class P: [0.86775804 0.35052179]  R: [0.70191585 0.60063114]  F1: [0.77607601 0.44269285]
Val Loss: 0.6194
Epoch [49/100] Train Loss: 0.6294
Val Event P(macro [1]): 0.3230 | R: 0.6986 | F1: 0.4417
Per-class P: [0.88275015 0.32295972]  R: [0.60771976 0.69863254]  F1: [0.71985983 0.44172255]
Val Loss: 0.6289
Epoch [50/100] Train Loss: 0.6299
Val Event P(macro [1]): 0.3376 | R: 0.6588 | F1: 0.4464
Per-class P: [0.87735552 0.33755502]  R: [0.65369083 0.6588359 ]  F1: [0.74918602 0.44639781]
Val Loss: 0.6246
Epoch [51/100] Train Loss: 0.6279
Val Event P(macro [1]): 0.3481 | R: 0.6150 | F1: 0.4446
Per-class P: [0.87023577 0.34811948]  R: [0.69153832 0.61500701]  F1: [0.77066381 0.44458526]
Val Loss: 0.6202
Epoch [52/100] Train Loss: 0.6284
Val Event P(macro [1]): 0.3393 | R: 0.6562 | F1: 0.4474
Per-class P: [0.87720726 0.33934723]  R: [0.65782307 0.65620617]  F1: [0.75183814 0.4473527 ]
Val Loss: 0.6237
Epoch [53/100] Train Loss: 0.6286
Val Event P(macro [1]): 0.3429 | R: 0.6327 | F1: 0.4447
Per-class P: [0.87282991 0.34286529]  R: [0.67519722 0.63271388]  F1: [0.76139793 0.44473198]
Val Loss: 0.6218
Epoch [54/100] Train Loss: 0.6282
Val Event P(macro [1]): 0.3169 | R: 0.7242 | F1: 0.4409
Per-class P: [0.88734513 0.31686738]  R: [0.5817994  0.72422861]  F1: [0.70279929 0.44085161]
Val Loss: 0.6322
Early stopping triggered.

	Elapsed time is 116.6158 seconds.

==========================================================================================
Total parameters: 6008
Total memory (bytes): 48064
Total memory (MB): 0.04583740234375
==========================================================================================

Entering MAMBA Stage 2 (Type Classifier) Training Loop
Epoch [1/100] Train Loss: 1.0996
Val Event P(macro [0, 1, 2]): 0.1823 | R: 0.3351 | F1: 0.1685
Per-class P: [0.22727273 0.31960577 0.        ]  R: [0.01141553 0.9939792  0.        ]  F1: [0.02173913 0.48368624 0.        ]
Val Loss: 1.0986
Epoch [2/100] Train Loss: 1.0988
Val Event P(macro [0, 1, 2]): 0.0256 | R: 0.3333 | F1: 0.0475
Per-class P: [0.07678822 0.         0.        ]  R: [1. 0. 0.]  F1: [0.14262455 0.         0.        ]
Val Loss: 1.0963
Epoch [3/100] Train Loss: 1.0776
Val Event P(macro [0, 1, 2]): 0.4807 | R: 0.4452 | F1: 0.4135
Per-class P: [0.24413146 0.3940793  0.80375898]  R: [0.11872146 0.79419814 0.42279732]  F1: [0.15975422 0.52677437 0.55411585]
Val Loss: 1.0599
Epoch [4/100] Train Loss: 1.0409
Val Event P(macro [0, 1, 2]): 0.4210 | R: 0.4461 | F1: 0.4181
Per-class P: [0.1550856  0.40281899 0.70502528]  R: [0.35159817 0.29720854 0.68944461]  F1: [0.2152341  0.34204724 0.6971479 ]
Val Loss: 1.0345
Epoch [5/100] Train Loss: 1.0379
Val Event P(macro [0, 1, 2]): 0.4193 | R: 0.4438 | F1: 0.4151
Per-class P: [0.16239316 0.39897698 0.69652295]  R: [0.34703196 0.25615764 0.72811864]  F1: [0.22125182 0.312      0.71197043]
Val Loss: 1.0323
Epoch [6/100] Train Loss: 1.0341
Val Event P(macro [0, 1, 2]): 0.4493 | R: 0.4408 | F1: 0.4414
Per-class P: [0.21806854 0.41563055 0.71414883]  R: [0.15981735 0.51231527 0.65018901]  F1: [0.18445323 0.45893601 0.68066971]
Val Loss: 1.0308
Epoch [7/100] Train Loss: 1.0332
Val Event P(macro [0, 1, 2]): 0.4189 | R: 0.4453 | F1: 0.4118
Per-class P: [0.13935811 0.39095907 0.72632674]  R: [0.37671233 0.35030104 0.60889794]  F1: [0.20345253 0.36951501 0.66244859]
Val Loss: 1.0330
Epoch [8/100] Train Loss: 1.0302
Val Event P(macro [0, 1, 2]): 0.4181 | R: 0.4322 | F1: 0.3831
Per-class P: [0.11463415 0.42550911 0.71414883]  R: [0.42922374 0.21729611 0.65018901]  F1: [0.18094321 0.28768116 0.68066971]
Val Loss: 1.0332
Epoch [9/100] Train Loss: 1.0290
Val Event P(macro [0, 1, 2]): 0.4405 | R: 0.4493 | F1: 0.4406
Per-class P: [0.18691589 0.40813648 0.72632674]  R: [0.2283105  0.51067323 0.60889794]  F1: [0.20554985 0.45368344 0.66244859]
Val Loss: 1.0329
Epoch [10/100] Train Loss: 1.0291
Val Event P(macro [0, 1, 2]): 0.4445 | R: 0.4453 | F1: 0.4448
Per-class P: [0.19955157 0.42554348 0.70830895]  R: [0.20319635 0.42857143 0.70398372]  F1: [0.20135747 0.42705209 0.70613971]
Val Loss: 1.0316
Epoch [11/100] Train Loss: 1.0304
Val Event P(macro [0, 1, 2]): 0.4516 | R: 0.4415 | F1: 0.4448
Per-class P: [0.21806854 0.4284264  0.70817463]  R: [0.15981735 0.4619595  0.70282059]  F1: [0.18445323 0.4445615  0.70548745]
Val Loss: 1.0332
Epoch [12/100] Train Loss: 1.0311
Val Event P(macro [0, 1, 2]): 0.4441 | R: 0.4449 | F1: 0.4445
Per-class P: [0.19955157 0.42491839 0.70789474]  R: [0.20319635 0.42747674 0.70398372]  F1: [0.20135747 0.42619372 0.70593381]
Val Loss: 1.0324
Epoch [13/100] Train Loss: 1.0252
Val Event P(macro [0, 1, 2]): 0.4487 | R: 0.4519 | F1: 0.4472
Per-class P: [0.19955157 0.41791045 0.72852349]  R: [0.20319635 0.5210728  0.63128817]  F1: [0.20135747 0.4638246  0.67642935]
Val Loss: 1.0278
Epoch [14/100] Train Loss: 1.0236
Val Event P(macro [0, 1, 2]): 0.4553 | R: 0.4476 | F1: 0.4455
Per-class P: [0.21806854 0.41942149 0.7283159 ]  R: [0.15981735 0.55555556 0.627508  ]  F1: [0.18445323 0.47798446 0.67416432]
Val Loss: 1.0300
Epoch [15/100] Train Loss: 1.0265
Val Event P(macro [0, 1, 2]): 0.4520 | R: 0.4440 | F1: 0.4409
Per-class P: [0.21806854 0.41169403 0.72626473]  R: [0.15981735 0.56267105 0.6094795 ]  F1: [0.18445323 0.47548566 0.6627668 ]
Val Loss: 1.0295
Epoch [16/100] Train Loss: 1.0259
Val Event P(macro [0, 1, 2]): 0.4503 | R: 0.4419 | F1: 0.4425
Per-class P: [0.21806854 0.41778374 0.71510334]  R: [0.15981735 0.51176793 0.65396918]  F1: [0.18445323 0.4600246  0.68317132]
Val Loss: 1.0287
Epoch [17/100] Train Loss: 1.0241
Val Event P(macro [0, 1, 2]): 0.4444 | R: 0.4478 | F1: 0.4419
Per-class P: [0.19690265 0.40957222 0.72673815]  R: [0.20319635 0.52928298 0.61093341]  F1: [0.2        0.46179561 0.66382306]
Val Loss: 1.0261
Epoch [18/100] Train Loss: 1.0226
Val Event P(macro [0, 1, 2]): 0.4477 | R: 0.4508 | F1: 0.4454
Per-class P: [0.19955157 0.41413276 0.72938762]  R: [0.20319635 0.52928298 0.61994766]  F1: [0.20135747 0.46468044 0.67022949]
Val Loss: 1.0256
Epoch [19/100] Train Loss: 1.0235
Val Event P(macro [0, 1, 2]): 0.4464 | R: 0.4499 | F1: 0.4440
Per-class P: [0.19733925 0.41273885 0.72912353]  R: [0.20319635 0.5320197  0.6144228 ]  F1: [0.20022497 0.46484935 0.66687707]
Val Loss: 1.0252
Epoch [20/100] Train Loss: 1.0222
Val Event P(macro [0, 1, 2]): 0.4477 | R: 0.4504 | F1: 0.4441
Per-class P: [0.19683258 0.41227706 0.73412838]  R: [0.19863014 0.5440613  0.60860715]  F1: [0.19772727 0.46908919 0.66550079]
Val Loss: 1.0250
Epoch [21/100] Train Loss: 1.0207
Val Event P(macro [0, 1, 2]): 0.4454 | R: 0.4475 | F1: 0.4455
Per-class P: [0.19683258 0.42095147 0.71832757]  R: [0.19863014 0.47947455 0.66443734]  F1: [0.19772727 0.44831116 0.69033233]
Val Loss: 1.0247
Epoch [22/100] Train Loss: 1.0205
Val Event P(macro [0, 1, 2]): 0.4490 | R: 0.4543 | F1: 0.4478
Per-class P: [0.18855932 0.42296073 0.735506  ]  R: [0.20319635 0.53639847 0.62343705]  F1: [0.1956044  0.47297297 0.67485049]
Val Loss: 1.0218
Epoch [23/100] Train Loss: 1.0189
Val Event P(macro [0, 1, 2]): 0.4562 | R: 0.4596 | F1: 0.4514
Per-class P: [0.19866071 0.42001608 0.75      ]  R: [0.20319635 0.57197592 0.60366386]  F1: [0.20090293 0.48435689 0.66892218]
Val Loss: 1.0181
Epoch [24/100] Train Loss: 1.0150
Val Event P(macro [0, 1, 2]): 0.4552 | R: 0.4572 | F1: 0.4530
Per-class P: [0.2004717  0.42788671 0.73735343]  R: [0.19406393 0.53749316 0.64001163]  F1: [0.19721578 0.47646773 0.68524284]
Val Loss: 1.0133
Epoch [25/100] Train Loss: 1.0121
Val Event P(macro [0, 1, 2]): 0.4566 | R: 0.4598 | F1: 0.4563
Per-class P: [0.19683258 0.43592099 0.73711507]  R: [0.19863014 0.51943076 0.66123873]  F1: [0.19772727 0.47402597 0.69711833]
Val Loss: 1.0065
Epoch [26/100] Train Loss: 1.0087
Val Event P(macro [0, 1, 2]): 0.4618 | R: 0.4677 | F1: 0.4619
Per-class P: [0.18895966 0.44648455 0.75      ]  R: [0.20319635 0.54570334 0.65425996]  F1: [0.19581958 0.491133   0.69886628]
Val Loss: 0.9989
Epoch [27/100] Train Loss: 1.0020
Val Event P(macro [0, 1, 2]): 0.4811 | R: 0.4842 | F1: 0.4698
Per-class P: [0.19545455 0.44468784 0.80316832]  R: [0.19634703 0.66666667 0.58970631]  F1: [0.19589977 0.53350854 0.68008048]
Val Loss: 0.9988
Epoch [28/100] Train Loss: 0.9971
Val Event P(macro [0, 1, 2]): 0.4660 | R: 0.4761 | F1: 0.4682
Per-class P: [0.17482517 0.45441527 0.76885084]  R: [0.2283105  0.5210728  0.67897645]  F1: [0.1980198  0.4854666  0.72112415]
Val Loss: 0.9859
Epoch [29/100] Train Loss: 0.9931
Val Event P(macro [0, 1, 2]): 0.4832 | R: 0.4831 | F1: 0.4783
Per-class P: [0.20540541 0.46697518 0.77713899]  R: [0.17351598 0.60755337 0.66821751]  F1: [0.18811881 0.52806851 0.71857411]
Val Loss: 0.9785
Epoch [30/100] Train Loss: 0.9857
Val Event P(macro [0, 1, 2]): 0.4954 | R: 0.4945 | F1: 0.4896
Per-class P: [0.21917808 0.47513581 0.79192125]  R: [0.1826484  0.62233169 0.67839488]  F1: [0.1992528  0.53886256 0.73077525]
Val Loss: 0.9717
Epoch [31/100] Train Loss: 0.9821
Val Event P(macro [0, 1, 2]): 0.4887 | R: 0.5049 | F1: 0.4910
Per-class P: [0.17261056 0.48599509 0.80761456]  R: [0.27625571 0.54132458 0.69700494]  F1: [0.21246708 0.51216986 0.74824411]
Val Loss: 0.9631
Epoch [32/100] Train Loss: 0.9789
Val Event P(macro [0, 1, 2]): 0.5053 | R: 0.5126 | F1: 0.4927
Per-class P: [0.19423077 0.46625767 0.85536676]  R: [0.23059361 0.70717022 0.60017447]  F1: [0.21085595 0.56198347 0.70539986]
Val Loss: 0.9667
Epoch [33/100] Train Loss: 0.9737
Val Event P(macro [0, 1, 2]): 0.4986 | R: 0.5145 | F1: 0.4946
Per-class P: [0.16190476 0.48806479 0.84597789]  R: [0.2716895  0.62671045 0.64524571]  F1: [0.20289855 0.54876588 0.73210162]
Val Loss: 0.9541
Epoch [34/100] Train Loss: 0.9684
Val Event P(macro [0, 1, 2]): 0.4965 | R: 0.4990 | F1: 0.4621
Per-class P: [0.16356877 0.57142857 0.75463699]  R: [0.40182648 0.26710454 0.82814772]  F1: [0.2324967  0.36404327 0.78968529]
Val Loss: 0.9612
Epoch [35/100] Train Loss: 0.9700
Val Event P(macro [0, 1, 2]): 0.5070 | R: 0.5108 | F1: 0.5069
Per-class P: [0.19332162 0.5513379  0.77636054]  R: [0.25114155 0.484948   0.79645246]  F1: [0.21847071 0.51601631 0.78627817]
Val Loss: 0.9469
Epoch [36/100] Train Loss: 0.9685
Val Event P(macro [0, 1, 2]): 0.5124 | R: 0.5225 | F1: 0.5097
Per-class P: [0.19477912 0.50020317 0.84225865]  R: [0.22146119 0.67378216 0.67228846]  F1: [0.20726496 0.57416045 0.74773609]
Val Loss: 0.9410
Epoch [37/100] Train Loss: 0.9630
Val Event P(macro [0, 1, 2]): 0.5055 | R: 0.5255 | F1: 0.5049
Per-class P: [0.16407186 0.51449631 0.83803811]  R: [0.31278539 0.57307061 0.69060773]  F1: [0.21523959 0.54220611 0.75721345]
Val Loss: 0.9338
Epoch [38/100] Train Loss: 0.9608
Val Event P(macro [0, 1, 2]): 0.5151 | R: 0.5231 | F1: 0.5116
Per-class P: [0.1978022  0.50504643 0.84235209]  R: [0.20547945 0.68472906 0.67897645]  F1: [0.20156775 0.5813197  0.7518918 ]
Val Loss: 0.9367
Epoch [39/100] Train Loss: 0.9612
Val Event P(macro [0, 1, 2]): 0.5125 | R: 0.5233 | F1: 0.5055
Per-class P: [0.18336484 0.49523083 0.85904464]  R: [0.22146119 0.7104543  0.63797616]  F1: [0.20062048 0.58363309 0.73218755]
Val Loss: 0.9423
Epoch [40/100] Train Loss: 0.9612
Val Event P(macro [0, 1, 2]): 0.5120 | R: 0.5278 | F1: 0.5152
Per-class P: [0.18207681 0.53943045 0.81448819]  R: [0.29223744 0.53913519 0.75196278]  F1: [0.22436459 0.53928278 0.78197762]
Val Loss: 0.9259
Epoch [41/100] Train Loss: 0.9611
Val Event P(macro [0, 1, 2]): 0.5241 | R: 0.5273 | F1: 0.5159
Per-class P: [0.21963824 0.5044316  0.84827333]  R: [0.19406393 0.7164751  0.67141611]  F1: [0.20606061 0.5920398  0.74955364]
Val Loss: 0.9356
Epoch [42/100] Train Loss: 0.9624
Val Event P(macro [0, 1, 2]): 0.5177 | R: 0.5242 | F1: 0.5189
Per-class P: [0.203125   0.5313516  0.81856268]  R: [0.20776256 0.62616311 0.7385868 ]  F1: [0.20541761 0.57487437 0.77652094]
Val Loss: 0.9250
Epoch [43/100] Train Loss: 0.9589
Val Event P(macro [0, 1, 2]): 0.5058 | R: 0.5220 | F1: 0.5020
Per-class P: [0.16010855 0.50278373 0.85448328]  R: [0.26940639 0.64258347 0.65396918]  F1: [0.20085106 0.56415185 0.74089936]
Val Loss: 0.9348
Epoch [44/100] Train Loss: 0.9568
Val Event P(macro [0, 1, 2]): 0.5078 | R: 0.5248 | F1: 0.5089
Per-class P: [0.16991643 0.51490771 0.83849635]  R: [0.27853881 0.59551177 0.70049433]  F1: [0.21107266 0.55228426 0.76330798]
Val Loss: 0.9260
Epoch [45/100] Train Loss: 0.9553
Val Event P(macro [0, 1, 2]): 0.5178 | R: 0.5263 | F1: 0.5210
Per-class P: [0.19927536 0.54912664 0.80512048]  R: [0.25114155 0.55062945 0.77726083]  F1: [0.22222222 0.54987702 0.79094541]
Val Loss: 0.9219
Epoch [46/100] Train Loss: 0.9514
Val Event P(macro [0, 1, 2]): 0.5151 | R: 0.5255 | F1: 0.5125
Per-class P: [0.19878296 0.50385396 0.84268026]  R: [0.22374429 0.67980296 0.67287002]  F1: [0.21052632 0.57875116 0.74826192]
Val Loss: 0.9349
Epoch [47/100] Train Loss: 0.9552
Val Event P(macro [0, 1, 2]): 0.5138 | R: 0.5280 | F1: 0.5171
Per-class P: [0.1808     0.53189401 0.82867478]  R: [0.25799087 0.59332239 0.73277115]  F1: [0.21260583 0.56093144 0.77777778]
Val Loss: 0.9201
Epoch [48/100] Train Loss: 0.9528
Val Event P(macro [0, 1, 2]): 0.5175 | R: 0.5252 | F1: 0.5187
Per-class P: [0.19318182 0.56185253 0.79750508]  R: [0.2716895  0.50465244 0.79936028]  F1: [0.22580645 0.53171857 0.7984316 ]
Val Loss: 0.9243
Epoch [49/100] Train Loss: 0.9502
Val Event P(macro [0, 1, 2]): 0.5094 | R: 0.5242 | F1: 0.5041
Per-class P: [0.17891374 0.49266746 0.85675147]  R: [0.25570776 0.6803503  0.63652224]  F1: [0.21052632 0.57149425 0.73039706]
Val Loss: 0.9359
Epoch [50/100] Train Loss: 0.9496
Val Event P(macro [0, 1, 2]): 0.5217 | R: 0.5298 | F1: 0.5249
Per-class P: [0.20233463 0.54963806 0.81326781]  R: [0.23744292 0.58182813 0.76999128]  F1: [0.21848739 0.56527519 0.79103809]
Val Loss: 0.9171
Epoch [51/100] Train Loss: 0.9495
Val Event P(macro [0, 1, 2]): 0.5232 | R: 0.5298 | F1: 0.5259
Per-class P: [0.20773931 0.55010331 0.81171803]  R: [0.23287671 0.58292282 0.77348066]  F1: [0.21959096 0.56603774 0.79213818]
Val Loss: 0.9164
Epoch [52/100] Train Loss: 0.9502
Val Event P(macro [0, 1, 2]): 0.5108 | R: 0.5201 | F1: 0.4962
Per-class P: [0.16903915 0.48718861 0.87607204]  R: [0.21689498 0.74931582 0.59406804]  F1: [0.19       0.59046797 0.70802287]
Val Loss: 0.9439
Epoch [53/100] Train Loss: 0.9466
Val Event P(macro [0, 1, 2]): 0.5165 | R: 0.5332 | F1: 0.5165
Per-class P: [0.17460317 0.5550873  0.81978908]  R: [0.32648402 0.50465244 0.76853737]  F1: [0.22752586 0.52866972 0.79333633]
Val Loss: 0.9136
Epoch [54/100] Train Loss: 0.9469
Val Event P(macro [0, 1, 2]): 0.5203 | R: 0.5285 | F1: 0.5229
Per-class P: [0.20123203 0.53957529 0.8200318 ]  R: [0.22374429 0.61193213 0.7499273 ]  F1: [0.21189189 0.57348038 0.78341434]
Val Loss: 0.9182
Epoch [55/100] Train Loss: 0.9461
Val Event P(macro [0, 1, 2]): 0.5174 | R: 0.5333 | F1: 0.5168
Per-class P: [0.17191283 0.56       0.82032218]  R: [0.32420091 0.50574713 0.76999128]  F1: [0.22468354 0.53149267 0.79436028]
Val Loss: 0.9107
Epoch [56/100] Train Loss: 0.9443
Val Event P(macro [0, 1, 2]): 0.5236 | R: 0.5364 | F1: 0.5269
Per-class P: [0.20260223 0.53641457 0.83167989]  R: [0.24885845 0.62889984 0.73131724]  F1: [0.22336066 0.57898715 0.77827634]
Val Loss: 0.9140
Epoch [57/100] Train Loss: 0.9449
Val Event P(macro [0, 1, 2]): 0.5226 | R: 0.5343 | F1: 0.5247
Per-class P: [0.20662768 0.52631579 0.83490566]  R: [0.24200913 0.64039409 0.7205583 ]  F1: [0.22292324 0.57777778 0.77352895]
Val Loss: 0.9127
Epoch [58/100] Train Loss: 0.9422
Val Event P(macro [0, 1, 2]): 0.5306 | R: 0.5261 | F1: 0.5281
Per-class P: [0.22739018 0.56816947 0.79631761]  R: [0.20091324 0.57252326 0.80488514]  F1: [0.21333333 0.57033806 0.80057845]
Val Loss: 0.9148
Epoch [59/100] Train Loss: 0.9415
Val Event P(macro [0, 1, 2]): 0.5207 | R: 0.5356 | F1: 0.5245
Per-class P: [0.18506494 0.54625551 0.83087028]  R: [0.26027397 0.61083744 0.73567898]  F1: [0.21631879 0.57674419 0.78038248]
Val Loss: 0.9084
Epoch [60/100] Train Loss: 0.9407
Val Event P(macro [0, 1, 2]): 0.5128 | R: 0.5314 | F1: 0.5135
Per-class P: [0.16624041 0.52996071 0.84234234]  R: [0.29680365 0.59058566 0.70689154]  F1: [0.21311475 0.55863319 0.76869565]
Val Loss: 0.9141
Epoch [61/100] Train Loss: 0.9396
Val Event P(macro [0, 1, 2]): 0.5279 | R: 0.5281 | F1: 0.5278
Per-class P: [0.21868365 0.57010429 0.79498147]  R: [0.23515982 0.53858785 0.81070079]  F1: [0.22662266 0.55389811 0.80276418]
Val Loss: 0.9119
Epoch [62/100] Train Loss: 0.9391
Val Event P(macro [0, 1, 2]): 0.5134 | R: 0.5304 | F1: 0.5123
Per-class P: [0.16129032 0.52411283 0.85481535]  R: [0.2739726  0.63054187 0.68653678]  F1: [0.20304569 0.57242236 0.76149008]
Val Loss: 0.9123
Epoch [63/100] Train Loss: 0.9342
Val Event P(macro [0, 1, 2]): 0.5158 | R: 0.5328 | F1: 0.5138
Per-class P: [0.1627385  0.55503237 0.82947977]  R: [0.33105023 0.51614669 0.75109043]  F1: [0.21820918 0.53488372 0.78834122]
Val Loss: 0.9029
Epoch [64/100] Train Loss: 0.9353
Val Event P(macro [0, 1, 2]): 0.5247 | R: 0.5269 | F1: 0.5226
Per-class P: [0.19428571 0.55250113 0.82743222]  R: [0.15525114 0.67104543 0.75428904]  F1: [0.17258883 0.60603065 0.78916946]
Val Loss: 0.9110
Epoch [65/100] Train Loss: 0.9318
Val Event P(macro [0, 1, 2]): 0.5117 | R: 0.5281 | F1: 0.5079
Per-class P: [0.15151515 0.52361854 0.85982009]  R: [0.2739726  0.64313082 0.66705438]  F1: [0.19512195 0.57725375 0.75126904]
Val Loss: 0.9148
Epoch [66/100] Train Loss: 0.9274
Val Event P(macro [0, 1, 2]): 0.5263 | R: 0.5389 | F1: 0.5286
Per-class P: [0.1996997  0.5694528  0.80977778]  R: [0.30365297 0.51833607 0.79470776]  F1: [0.24094203 0.54269341 0.802172  ]
Val Loss: 0.9019
Epoch [67/100] Train Loss: 0.9263
Val Event P(macro [0, 1, 2]): 0.5104 | R: 0.5268 | F1: 0.4980
Per-class P: [0.13751169 0.52703985 0.86664028]  R: [0.33561644 0.60810071 0.63681303]  F1: [0.19508958 0.56467598 0.73416024]
Val Loss: 0.9257
Epoch [68/100] Train Loss: 0.9257
Val Event P(macro [0, 1, 2]): 0.5190 | R: 0.5389 | F1: 0.5211
Per-class P: [0.18987342 0.54702381 0.82003711]  R: [0.34246575 0.5030104  0.77115441]  F1: [0.24429967 0.52409467 0.7948449 ]
Val Loss: 0.8931
Epoch [69/100] Train Loss: 0.9260
Val Event P(macro [0, 1, 2]): 0.5300 | R: 0.5401 | F1: 0.5336
Per-class P: [0.19923372 0.55940594 0.8314358 ]  R: [0.23744292 0.61850027 0.76446641]  F1: [0.21666667 0.58747076 0.79654598]
Val Loss: 0.8894
Epoch [70/100] Train Loss: 0.9196
Val Event P(macro [0, 1, 2]): 0.5301 | R: 0.5375 | F1: 0.5331
Per-class P: [0.21703854 0.55413032 0.81912937]  R: [0.24429224 0.591133   0.77697005]  F1: [0.22986037 0.5720339  0.79749291]
Val Loss: 0.8891
Epoch [71/100] Train Loss: 0.9156
Val Event P(macro [0, 1, 2]): 0.5343 | R: 0.5383 | F1: 0.5361
Per-class P: [0.20905172 0.57653866 0.81731057]  R: [0.22146119 0.59989053 0.79354464]  F1: [0.21507761 0.58798283 0.80525229]
Val Loss: 0.8869
Epoch [72/100] Train Loss: 0.9117
Val Event P(macro [0, 1, 2]): 0.5311 | R: 0.5420 | F1: 0.5345
Per-class P: [0.18469218 0.57669695 0.83199257]  R: [0.25342466 0.59058566 0.78191335]  F1: [0.21366699 0.58355868 0.80617599]
Val Loss: 0.8810
Epoch [73/100] Train Loss: 0.9151
Val Event P(macro [0, 1, 2]): 0.5252 | R: 0.5375 | F1: 0.5286
Per-class P: [0.17736486 0.5604559  0.83775048]  R: [0.23972603 0.61904762 0.75370747]  F1: [0.2038835  0.58829649 0.79350987]
Val Loss: 0.8849
Epoch [74/100] Train Loss: 0.9143
Val Event P(macro [0, 1, 2]): 0.5300 | R: 0.5450 | F1: 0.5263
Per-class P: [0.1631753  0.58650307 0.84022734]  R: [0.33789954 0.52326218 0.77377145]  F1: [0.22007435 0.55308071 0.80563124]
Val Loss: 0.8774
Epoch [75/100] Train Loss: 0.9023
Val Event P(macro [0, 1, 2]): 0.5292 | R: 0.5435 | F1: 0.5293
Per-class P: [0.18761384 0.53722504 0.8627732 ]  R: [0.23515982 0.69512863 0.70020355]  F1: [0.20871327 0.60606061 0.77303371]
Val Loss: 0.8853
Epoch [76/100] Train Loss: 0.9021
Val Event P(macro [0, 1, 2]): 0.5422 | R: 0.5561 | F1: 0.5436
Per-class P: [0.19525802 0.59854457 0.83283403]  R: [0.3196347  0.54022989 0.80837453]  F1: [0.24242424 0.56789413 0.82042202]
Val Loss: 0.8642
Epoch [77/100] Train Loss: 0.8950
Val Event P(macro [0, 1, 2]): 0.5298 | R: 0.5503 | F1: 0.5204
Per-class P: [0.16240876 0.58079169 0.84610368]  R: [0.40639269 0.48987411 0.75457982]  F1: [0.23207301 0.53147268 0.79772518]
Val Loss: 0.8724
Epoch [78/100] Train Loss: 0.8964
Val Event P(macro [0, 1, 2]): 0.5450 | R: 0.5561 | F1: 0.5490
Per-class P: [0.19929453 0.59067086 0.8451533 ]  R: [0.25799087 0.61685824 0.79354464]  F1: [0.22487562 0.60348059 0.81853629]
Val Loss: 0.8604
Epoch [79/100] Train Loss: 0.8938
Val Event P(macro [0, 1, 2]): 0.5413 | R: 0.5568 | F1: 0.5246
Per-class P: [0.17608897 0.6184739  0.82928994]  R: [0.43378995 0.42145594 0.81506252]  F1: [0.2504944  0.50130208 0.82211468]
Val Loss: 0.8653
Epoch [80/100] Train Loss: 0.8912
Val Event P(macro [0, 1, 2]): 0.5405 | R: 0.5522 | F1: 0.5423
Per-class P: [0.19715447 0.56180771 0.86260575]  R: [0.22146119 0.69403394 0.74120384]  F1: [0.20860215 0.62095984 0.79730998]
Val Loss: 0.8641
Epoch [81/100] Train Loss: 0.8859
Val Event P(macro [0, 1, 2]): 0.5486 | R: 0.5583 | F1: 0.5511
Per-class P: [0.20726496 0.58085502 0.8576524 ]  R: [0.22146119 0.68418172 0.76911893]  F1: [0.21412804 0.62829857 0.81097654]
Val Loss: 0.8573
Epoch [82/100] Train Loss: 0.8818
Val Event P(macro [0, 1, 2]): 0.5369 | R: 0.5559 | F1: 0.5348
Per-class P: [0.16465423 0.58882682 0.85714286]  R: [0.34246575 0.57690203 0.74847339]  F1: [0.22238695 0.58280343 0.7991307 ]
Val Loss: 0.8701
Epoch [83/100] Train Loss: 0.8789
Val Event P(macro [0, 1, 2]): 0.5442 | R: 0.5607 | F1: 0.5394
Per-class P: [0.19173364 0.60681976 0.83392226]  R: [0.38127854 0.47728517 0.8234952 ]  F1: [0.25515661 0.53431373 0.82867593]
Val Loss: 0.8463
Epoch [84/100] Train Loss: 0.8745
Val Event P(macro [0, 1, 2]): 0.5632 | R: 0.5639 | F1: 0.5607
Per-class P: [0.2        0.65330789 0.83619961]  R: [0.26712329 0.5621237  0.86246002]  F1: [0.228739   0.60429538 0.84912683]
Val Loss: 0.8400
Epoch [85/100] Train Loss: 0.8760
Val Event P(macro [0, 1, 2]): 0.5474 | R: 0.5606 | F1: 0.5498
Per-class P: [0.1744186  0.60818084 0.85972134]  R: [0.2739726  0.61850027 0.78947368]  F1: [0.21314387 0.61329715 0.82310141]
Val Loss: 0.8478
Epoch [86/100] Train Loss: 0.8670
Val Event P(macro [0, 1, 2]): 0.5377 | R: 0.5555 | F1: 0.5361
Per-class P: [0.15923567 0.56572225 0.88828633]  R: [0.28538813 0.66666667 0.71445188]  F1: [0.20441537 0.6120603  0.79194198]
Val Loss: 0.8607
Epoch [87/100] Train Loss: 0.8631
Val Event P(macro [0, 1, 2]): 0.5588 | R: 0.5670 | F1: 0.5614
Per-class P: [0.19137931 0.62755949 0.85740127]  R: [0.25342466 0.62068966 0.82698459]  F1: [0.21807466 0.62410567 0.84191829]
Val Loss: 0.8304
Epoch [88/100] Train Loss: 0.8606
Val Event P(macro [0, 1, 2]): 0.5708 | R: 0.5495 | F1: 0.5489
Per-class P: [0.21238938 0.70025189 0.79964539]  R: [0.2739726  0.45648604 0.91799942]  F1: [0.23928215 0.5526839  0.85474482]
Val Loss: 0.8571
Epoch [89/100] Train Loss: 0.8630
Val Event P(macro [0, 1, 2]): 0.5621 | R: 0.5837 | F1: 0.5614
Per-class P: [0.20305164 0.61828645 0.8649635 ]  R: [0.39497717 0.52928298 0.82698459]  F1: [0.26821705 0.57033324 0.84554779]
Val Loss: 0.8231
Epoch [90/100] Train Loss: 0.8607
Val Event P(macro [0, 1, 2]): 0.5715 | R: 0.5729 | F1: 0.5657
Per-class P: [0.19793205 0.67169294 0.84473094]  R: [0.30593607 0.53639847 0.87641756]  F1: [0.24035874 0.59646987 0.86028257]
Val Loss: 0.8172
Epoch [91/100] Train Loss: 0.8608
Val Event P(macro [0, 1, 2]): 0.5633 | R: 0.5837 | F1: 0.5628
Per-class P: [0.18931475 0.6244751  0.87625945]  R: [0.37214612 0.56978654 0.80924687]  F1: [0.25096228 0.59587865 0.84142101]
Val Loss: 0.8231
Epoch [92/100] Train Loss: 0.8517
Val Event P(macro [0, 1, 2]): 0.5686 | R: 0.5812 | F1: 0.5695
Per-class P: [0.1862069  0.64798599 0.87170851]  R: [0.30821918 0.60755337 0.82785694]  F1: [0.23215821 0.62711864 0.849217  ]
Val Loss: 0.8204
Epoch [93/100] Train Loss: 0.8507
Val Event P(macro [0, 1, 2]): 0.5662 | R: 0.5778 | F1: 0.5698
Per-class P: [0.18927973 0.63191153 0.87749377]  R: [0.25799087 0.65681445 0.8185519 ]  F1: [0.21835749 0.64412238 0.84699865]
Val Loss: 0.8154
Epoch [94/100] Train Loss: 0.8472
Val Event P(macro [0, 1, 2]): 0.5777 | R: 0.5779 | F1: 0.5656
Per-class P: [0.18181818 0.69868035 0.85252411]  R: [0.33789954 0.52162014 0.87409131]  F1: [0.23642173 0.59730492 0.86317301]
Val Loss: 0.8065
Epoch [95/100] Train Loss: 0.8450
Val Event P(macro [0, 1, 2]): 0.5691 | R: 0.5773 | F1: 0.5700
Per-class P: [0.17960426 0.65340254 0.87443405]  R: [0.26940639 0.62014231 0.84239605]  F1: [0.21552511 0.63633811 0.85811611]
Val Loss: 0.8061
Epoch [96/100] Train Loss: 0.8392
Val Event P(macro [0, 1, 2]): 0.5893 | R: 0.5745 | F1: 0.5453
Per-class P: [0.15976331 0.74901575 0.85905849]  R: [0.43150685 0.41652983 0.87554522]  F1: [0.23318939 0.53534998 0.8672235 ]
Val Loss: 0.8045
Epoch [97/100] Train Loss: 0.8401
Val Event P(macro [0, 1, 2]): 0.5810 | R: 0.5832 | F1: 0.5811
Per-class P: [0.19851577 0.67581776 0.86852013]  R: [0.24429224 0.6332786  0.87205583]  F1: [0.21903787 0.65385702 0.87028439]
Val Loss: 0.7953
Epoch [98/100] Train Loss: 0.8378
Val Event P(macro [0, 1, 2]): 0.5773 | R: 0.5903 | F1: 0.5758
Per-class P: [0.18387909 0.66241651 0.88568802]  R: [0.33333333 0.5971538  0.84036057]  F1: [0.23701299 0.62809442 0.86242913]
Val Loss: 0.7948
Epoch [99/100] Train Loss: 0.8328
Val Event P(macro [0, 1, 2]): 0.5792 | R: 0.5792 | F1: 0.5719
Per-class P: [0.17503392 0.69588672 0.86681975]  R: [0.29452055 0.56486043 0.87816226]  F1: [0.21957447 0.62356495 0.87245414]
Val Loss: 0.7927
Epoch [100/100] Train Loss: 0.8325
Val Event P(macro [0, 1, 2]): 0.5808 | R: 0.5874 | F1: 0.5769
Per-class P: [0.17029449 0.68443893 0.88761329]  R: [0.30365297 0.60426929 0.85431812]  F1: [0.21821165 0.64186047 0.8706475 ]
Val Loss: 0.7930

	Elapsed time is 213.4334 seconds.

==========================================================================================
Total parameters: 6057
Total memory (bytes): 48456
Total memory (MB): 0.04621124267578125
==========================================================================================

MAMBA Cascade Evaluation

--- Cascade Stage 1 (Detector) Standalone Metrics ---
Accuracy: 61.19% (16521/27000)
Per-Class Accuracy:
  No Thrust: 58.18% (12390/21296)
  Thrust: 72.42% (4131/5704)

Classification Report:
              precision    recall  f1-score   support

   No Thrust     0.8873    0.5818    0.7028     21296
      Thrust     0.3169    0.7242    0.4409      5704

    accuracy                         0.6119     27000
   macro avg     0.6021    0.6530    0.5718     27000
weighted avg     0.7668    0.6119    0.6475     27000


Confusion Matrix (rows = true, cols = predicted):
             P_No Thrust  P_Thrust
T_No Thrust        12390      8906
T_Thrust            1573      4131

--- Cascade End-to-End (Stage1 -> Stage2 combined) Metrics ---
Accuracy: 58.08% (15681/27000)
Per-Class Accuracy:
  No Thrust: 58.18% (12390/21296)
  Chemical: 7.08% (31/438)
  Electric: 24.03% (439/1827)
  Impulsive: 82.03% (2821/3439)

Classification Report:
              precision    recall  f1-score   support

   No Thrust     0.8873    0.5818    0.7028     21296
    Chemical     0.0153    0.0708    0.0252       438
    Electric     0.1016    0.2403    0.1428      1827
   Impulsive     0.4215    0.8203    0.5569      3439

    accuracy                         0.5808     27000
   macro avg     0.3565    0.4283    0.3569     27000
weighted avg     0.7607    0.5808    0.6353     27000


Confusion Matrix (rows = true, cols = predicted):
             P_No Thrust  P_Chemical  P_Electric  P_Impulsive
T_No Thrust        12390        1750        3633         3523
T_Chemical           258          31          85           64
T_Electric           939         165         439          284
T_Impulsive          376          78         164         2821

Stage-2 type accuracy conditioned on correct stage-1 detection: 79.67% (4131 frames)
Stage-1 (detector-only) accuracy: 61.19%

MAMBA Cascade Inference Time	Elapsed time is 0.2741 seconds.

================================================================================
Backbone: TRANSFORMER
================================================================================

Entering TRANSFORMER Joint (4-class) Training Loop
Epoch [1/100] Train Loss: 1.3976
Val Event P(macro [1, 2, 3]): 0.0226 | R: 0.3333 | F1: 0.0423
Per-class P: [0.         0.         0.06766667 0.        ]  R: [0. 0. 1. 0.]  F1: [0.         0.         0.12675617 0.        ]
Val Loss: 1.3933
Epoch [2/100] Train Loss: 1.3946
Val Event P(macro [1, 2, 3]): 0.0226 | R: 0.3333 | F1: 0.0423
Per-class P: [0.         0.         0.06766667 0.        ]  R: [0. 0. 1. 0.]  F1: [0.         0.         0.12675617 0.        ]
Val Loss: 1.4012
Epoch [3/100] Train Loss: 1.3924
Val Event P(macro [1, 2, 3]): 0.0054 | R: 0.3333 | F1: 0.0106
Per-class P: [0.         0.01622222 0.         0.        ]  R: [0. 1. 0. 0.]  F1: [0.         0.03192653 0.         0.        ]
Val Loss: 1.3904
Epoch [4/100] Train Loss: 1.3932
Val Event P(macro [1, 2, 3]): 0.0000 | R: 0.0000 | F1: 0.0000
Per-class P: [0.78874074 0.         0.         0.        ]  R: [1. 0. 0. 0.]  F1: [0.88189498 0.         0.         0.        ]
Val Loss: 1.3808
Epoch [5/100] Train Loss: 1.3898
Val Event P(macro [1, 2, 3]): 0.0054 | R: 0.3333 | F1: 0.0106
Per-class P: [0.         0.01622222 0.         0.        ]  R: [0. 1. 0. 0.]  F1: [0.         0.03192653 0.         0.        ]
Val Loss: 1.3994
Epoch [6/100] Train Loss: 1.3915
Val Event P(macro [1, 2, 3]): 0.0226 | R: 0.3333 | F1: 0.0423
Per-class P: [0.         0.         0.06766667 0.        ]  R: [0. 0. 1. 0.]  F1: [0.         0.         0.12675617 0.        ]
Val Loss: 1.3892
Epoch [7/100] Train Loss: 1.3894
Val Event P(macro [1, 2, 3]): 0.0226 | R: 0.3333 | F1: 0.0423
Per-class P: [0.         0.         0.06766667 0.        ]  R: [0. 0. 1. 0.]  F1: [0.         0.         0.12675617 0.        ]
Val Loss: 1.3899
Epoch [8/100] Train Loss: 1.3887
Val Event P(macro [1, 2, 3]): 0.0000 | R: 0.0000 | F1: 0.0000
Per-class P: [0.78874074 0.         0.         0.        ]  R: [1. 0. 0. 0.]  F1: [0.88189498 0.         0.         0.        ]
Val Loss: 1.3794
Epoch [9/100] Train Loss: 1.3886
Val Event P(macro [1, 2, 3]): 0.0000 | R: 0.0000 | F1: 0.0000
Per-class P: [0.78874074 0.         0.         0.        ]  R: [1. 0. 0. 0.]  F1: [0.88189498 0.         0.         0.        ]
Val Loss: 1.3750
Epoch [10/100] Train Loss: 1.3873
Val Event P(macro [1, 2, 3]): 0.0054 | R: 0.3333 | F1: 0.0106
Per-class P: [0.         0.01622222 0.         0.        ]  R: [0. 1. 0. 0.]  F1: [0.         0.03192653 0.         0.        ]
Val Loss: 1.3815
Epoch [11/100] Train Loss: 1.3893
Val Event P(macro [1, 2, 3]): 0.0054 | R: 0.3333 | F1: 0.0106
Per-class P: [0.         0.01622222 0.         0.        ]  R: [0. 1. 0. 0.]  F1: [0.         0.03192653 0.         0.        ]
Val Loss: 1.3836
Epoch [12/100] Train Loss: 1.3885
Val Event P(macro [1, 2, 3]): 0.0000 | R: 0.0000 | F1: 0.0000
Per-class P: [0.78874074 0.         0.         0.        ]  R: [1. 0. 0. 0.]  F1: [0.88189498 0.         0.         0.        ]
Val Loss: 1.3812
Epoch [13/100] Train Loss: 1.3882
Val Event P(macro [1, 2, 3]): 0.0000 | R: 0.0000 | F1: 0.0000
Per-class P: [0.78874074 0.         0.         0.        ]  R: [1. 0. 0. 0.]  F1: [0.88189498 0.         0.         0.        ]
Val Loss: 1.3724
Epoch [14/100] Train Loss: 1.3870
Val Event P(macro [1, 2, 3]): 0.0000 | R: 0.0000 | F1: 0.0000
Per-class P: [0.78874074 0.         0.         0.        ]  R: [1. 0. 0. 0.]  F1: [0.88189498 0.         0.         0.        ]
Val Loss: 1.3806
Epoch [15/100] Train Loss: 1.3878
Val Event P(macro [1, 2, 3]): 0.0000 | R: 0.0000 | F1: 0.0000
Per-class P: [0.78874074 0.         0.         0.        ]  R: [1. 0. 0. 0.]  F1: [0.88189498 0.         0.         0.        ]
Val Loss: 1.3777
Epoch [16/100] Train Loss: 1.3869
Val Event P(macro [1, 2, 3]): 0.0054 | R: 0.3333 | F1: 0.0106
Per-class P: [0.         0.01622222 0.         0.        ]  R: [0. 1. 0. 0.]  F1: [0.         0.03192653 0.         0.        ]
Val Loss: 1.3897
Epoch [17/100] Train Loss: 1.3874
Val Event P(macro [1, 2, 3]): 0.0000 | R: 0.0000 | F1: 0.0000
Per-class P: [0.78874074 0.         0.         0.        ]  R: [1. 0. 0. 0.]  F1: [0.88189498 0.         0.         0.        ]
Val Loss: 1.3766
Epoch [18/100] Train Loss: 1.3870
Val Event P(macro [1, 2, 3]): 0.0054 | R: 0.3333 | F1: 0.0106
Per-class P: [0.         0.01622222 0.         0.        ]  R: [0. 1. 0. 0.]  F1: [0.         0.03192653 0.         0.        ]
Val Loss: 1.3903
Epoch [19/100] Train Loss: 1.3876
Val Event P(macro [1, 2, 3]): 0.0054 | R: 0.3333 | F1: 0.0106
Per-class P: [0.         0.01622222 0.         0.        ]  R: [0. 1. 0. 0.]  F1: [0.         0.03192653 0.         0.        ]
Val Loss: 1.3875
Epoch [20/100] Train Loss: 1.3866
Val Event P(macro [1, 2, 3]): 0.0000 | R: 0.0000 | F1: 0.0000
Per-class P: [0.78874074 0.         0.         0.        ]  R: [1. 0. 0. 0.]  F1: [0.88189498 0.         0.         0.        ]
Val Loss: 1.3800
Epoch [21/100] Train Loss: 1.3868
Val Event P(macro [1, 2, 3]): 0.0000 | R: 0.0000 | F1: 0.0000
Per-class P: [0.78874074 0.         0.         0.        ]  R: [1. 0. 0. 0.]  F1: [0.88189498 0.         0.         0.        ]
Val Loss: 1.3842
Epoch [22/100] Train Loss: 1.3868
Val Event P(macro [1, 2, 3]): 0.0000 | R: 0.0000 | F1: 0.0000
Per-class P: [0.78874074 0.         0.         0.        ]  R: [1. 0. 0. 0.]  F1: [0.88189498 0.         0.         0.        ]
Val Loss: 1.3789
Epoch [23/100] Train Loss: 1.3867
Val Event P(macro [1, 2, 3]): 0.0000 | R: 0.0000 | F1: 0.0000
Per-class P: [0.78874074 0.         0.         0.        ]  R: [1. 0. 0. 0.]  F1: [0.88189498 0.         0.         0.        ]
Val Loss: 1.3829
Early stopping triggered.

	Elapsed time is 30.7477 seconds.

==========================================================================================
Total parameters: 212996
Total memory (bytes): 1703968
Total memory (MB): 1.625030517578125
==========================================================================================

TRANSFORMER Joint Validation
Accuracy: 78.87% (21296/27000)
Per-Class Accuracy:
  No Thrust: 100.00% (21296/21296)
  Chemical: 0.00% (0/438)
  Electric: 0.00% (0/1827)
  Impulsive: 0.00% (0/3439)

Classification Report:
              precision    recall  f1-score   support

   No Thrust     0.7887    1.0000    0.8819     21296
    Chemical     0.0000    0.0000    0.0000       438
    Electric     0.0000    0.0000    0.0000      1827
   Impulsive     0.0000    0.0000    0.0000      3439

    accuracy                         0.7887     27000
   macro avg     0.1972    0.2500    0.2205     27000
weighted avg     0.6221    0.7887    0.6956     27000


Confusion Matrix (rows = true, cols = predicted):
             P_No Thrust  P_Chemical  P_Electric  P_Impulsive
T_No Thrust        21296           0           0            0
T_Chemical           438           0           0            0
T_Electric          1827           0           0            0
T_Impulsive         3439           0           0            0

TRANSFORMER Joint Inference Time	Elapsed time is 0.0864 seconds.

Entering TRANSFORMER Stage 1 (Detector) Training Loop
Epoch [1/100] Train Loss: 0.6984
Val Event P(macro [1]): 0.2113 | R: 1.0000 | F1: 0.3488
Per-class P: [0.         0.21125926]  R: [0. 1.]  F1: [0.         0.34882583]
Val Loss: 0.7240
Epoch [2/100] Train Loss: 0.6958
Val Event P(macro [1]): 0.2113 | R: 1.0000 | F1: 0.3488
Per-class P: [0.         0.21125926]  R: [0. 1.]  F1: [0.         0.34882583]
Val Loss: 0.7168
Epoch [3/100] Train Loss: 0.6944
Val Event P(macro [1]): 0.0000 | R: 0.0000 | F1: 0.0000
Per-class P: [0.78874074 0.        ]  R: [1. 0.]  F1: [0.88189498 0.        ]
Val Loss: 0.6840
Epoch [4/100] Train Loss: 0.6945
Val Event P(macro [1]): 0.0000 | R: 0.0000 | F1: 0.0000
Per-class P: [0.78874074 0.        ]  R: [1. 0.]  F1: [0.88189498 0.        ]
Val Loss: 0.6689
Epoch [5/100] Train Loss: 0.6941
Val Event P(macro [1]): 0.0000 | R: 0.0000 | F1: 0.0000
Per-class P: [0.78874074 0.        ]  R: [1. 0.]  F1: [0.88189498 0.        ]
Val Loss: 0.6791
Epoch [6/100] Train Loss: 0.6936
Val Event P(macro [1]): 0.0000 | R: 0.0000 | F1: 0.0000
Per-class P: [0.78874074 0.        ]  R: [1. 0.]  F1: [0.88189498 0.        ]
Val Loss: 0.6804
Epoch [7/100] Train Loss: 0.6942
Val Event P(macro [1]): 0.0000 | R: 0.0000 | F1: 0.0000
Per-class P: [0.78874074 0.        ]  R: [1. 0.]  F1: [0.88189498 0.        ]
Val Loss: 0.6896
Epoch [8/100] Train Loss: 0.6934
Val Event P(macro [1]): 0.0000 | R: 0.0000 | F1: 0.0000
Per-class P: [0.78874074 0.        ]  R: [1. 0.]  F1: [0.88189498 0.        ]
Val Loss: 0.6823
Epoch [9/100] Train Loss: 0.6934
Val Event P(macro [1]): 0.0000 | R: 0.0000 | F1: 0.0000
Per-class P: [0.78874074 0.        ]  R: [1. 0.]  F1: [0.88189498 0.        ]
Val Loss: 0.6830
Epoch [10/100] Train Loss: 0.6937
Val Event P(macro [1]): 0.2113 | R: 1.0000 | F1: 0.3488
Per-class P: [0.         0.21125926]  R: [0. 1.]  F1: [0.         0.34882583]
Val Loss: 0.7019
Epoch [11/100] Train Loss: 0.6937
Val Event P(macro [1]): 0.0000 | R: 0.0000 | F1: 0.0000
Per-class P: [0.78874074 0.        ]  R: [1. 0.]  F1: [0.88189498 0.        ]
Val Loss: 0.6881
Epoch [12/100] Train Loss: 0.6931
Val Event P(macro [1]): 0.2113 | R: 1.0000 | F1: 0.3488
Per-class P: [0.         0.21125926]  R: [0. 1.]  F1: [0.         0.34882583]
Val Loss: 0.6961
Epoch [13/100] Train Loss: 0.6932
Val Event P(macro [1]): 0.2113 | R: 1.0000 | F1: 0.3488
Per-class P: [0.         0.21125926]  R: [0. 1.]  F1: [0.         0.34882583]
Val Loss: 0.6982
Epoch [14/100] Train Loss: 0.6932
Val Event P(macro [1]): 0.0000 | R: 0.0000 | F1: 0.0000
Per-class P: [0.78874074 0.        ]  R: [1. 0.]  F1: [0.88189498 0.        ]
Val Loss: 0.6851
Early stopping triggered.

	Elapsed time is 19.3066 seconds.

==========================================================================================
Total parameters: 212898
Total memory (bytes): 1703184
Total memory (MB): 1.6242828369140625
==========================================================================================

Entering TRANSFORMER Stage 2 (Type Classifier) Training Loop
Epoch [1/100] Train Loss: 1.1187
Val Event P(macro [0, 1, 2]): 0.1068 | R: 0.3333 | F1: 0.1617
Per-class P: [0.         0.32030154 0.        ]  R: [0. 1. 0.]  F1: [0.         0.48519453 0.        ]
Val Loss: 1.1005
Epoch [2/100] Train Loss: 1.1096
Val Event P(macro [0, 1, 2]): 0.0256 | R: 0.3333 | F1: 0.0475
Per-class P: [0.07678822 0.         0.        ]  R: [1. 0. 0.]  F1: [0.14262455 0.         0.        ]
Val Loss: 1.1110
Epoch [3/100] Train Loss: 1.1052
Val Event P(macro [0, 1, 2]): 0.0256 | R: 0.3333 | F1: 0.0475
Per-class P: [0.07678822 0.         0.        ]  R: [1. 0. 0.]  F1: [0.14262455 0.         0.        ]
Val Loss: 1.1114
Epoch [4/100] Train Loss: 1.1052
Val Event P(macro [0, 1, 2]): 0.1068 | R: 0.3333 | F1: 0.1617
Per-class P: [0.         0.32030154 0.        ]  R: [0. 1. 0.]  F1: [0.         0.48519453 0.        ]
Val Loss: 1.1003
Epoch [5/100] Train Loss: 1.1025
Val Event P(macro [0, 1, 2]): 0.0256 | R: 0.3333 | F1: 0.0475
Per-class P: [0.07678822 0.         0.        ]  R: [1. 0. 0.]  F1: [0.14262455 0.         0.        ]
Val Loss: 1.1059
Epoch [6/100] Train Loss: 1.1045
Val Event P(macro [0, 1, 2]): 0.0256 | R: 0.3333 | F1: 0.0475
Per-class P: [0.07678822 0.         0.        ]  R: [1. 0. 0.]  F1: [0.14262455 0.         0.        ]
Val Loss: 1.1009
Epoch [7/100] Train Loss: 1.1019
Val Event P(macro [0, 1, 2]): 0.2010 | R: 0.3333 | F1: 0.2508
Per-class P: [0.         0.         0.60291024]  R: [0. 0. 1.]  F1: [0.        0.        0.7522695]
Val Loss: 1.0985
Epoch [8/100] Train Loss: 1.1016
Val Event P(macro [0, 1, 2]): 0.2010 | R: 0.3333 | F1: 0.2508
Per-class P: [0.         0.         0.60291024]  R: [0. 0. 1.]  F1: [0.        0.        0.7522695]
Val Loss: 1.0986
Epoch [9/100] Train Loss: 1.1012
Val Event P(macro [0, 1, 2]): 0.2010 | R: 0.3333 | F1: 0.2508
Per-class P: [0.         0.         0.60291024]  R: [0. 0. 1.]  F1: [0.        0.        0.7522695]
Val Loss: 1.0982
Epoch [10/100] Train Loss: 1.1016
Val Event P(macro [0, 1, 2]): 0.2010 | R: 0.3333 | F1: 0.2508
Per-class P: [0.         0.         0.60291024]  R: [0. 0. 1.]  F1: [0.        0.        0.7522695]
Val Loss: 1.0983
Epoch [11/100] Train Loss: 1.1004
Val Event P(macro [0, 1, 2]): 0.1068 | R: 0.3333 | F1: 0.1617
Per-class P: [0.         0.32030154 0.        ]  R: [0. 1. 0.]  F1: [0.         0.48519453 0.        ]
Val Loss: 1.1002
Epoch [12/100] Train Loss: 1.1007
Val Event P(macro [0, 1, 2]): 0.1068 | R: 0.3333 | F1: 0.1617
Per-class P: [0.         0.32030154 0.        ]  R: [0. 1. 0.]  F1: [0.         0.48519453 0.        ]
Val Loss: 1.1003
Epoch [13/100] Train Loss: 1.1006
Val Event P(macro [0, 1, 2]): 0.0256 | R: 0.3333 | F1: 0.0475
Per-class P: [0.07678822 0.         0.        ]  R: [1. 0. 0.]  F1: [0.14262455 0.         0.        ]
Val Loss: 1.0997
Epoch [14/100] Train Loss: 1.1002
Val Event P(macro [0, 1, 2]): 0.1068 | R: 0.3333 | F1: 0.1617
Per-class P: [0.         0.32030154 0.        ]  R: [0. 1. 0.]  F1: [0.         0.48519453 0.        ]
Val Loss: 1.1026
Epoch [15/100] Train Loss: 1.0998
Val Event P(macro [0, 1, 2]): 0.0256 | R: 0.3333 | F1: 0.0475
Per-class P: [0.07678822 0.         0.        ]  R: [1. 0. 0.]  F1: [0.14262455 0.         0.        ]
Val Loss: 1.0990
Epoch [16/100] Train Loss: 1.0998
Val Event P(macro [0, 1, 2]): 0.0256 | R: 0.3333 | F1: 0.0475
Per-class P: [0.07678822 0.         0.        ]  R: [1. 0. 0.]  F1: [0.14262455 0.         0.        ]
Val Loss: 1.0988
Epoch [17/100] Train Loss: 1.0994
Val Event P(macro [0, 1, 2]): 0.0256 | R: 0.3333 | F1: 0.0475
Per-class P: [0.07678822 0.         0.        ]  R: [1. 0. 0.]  F1: [0.14262455 0.         0.        ]
Val Loss: 1.0996
Epoch [18/100] Train Loss: 1.0976
Val Event P(macro [0, 1, 2]): 0.2010 | R: 0.3333 | F1: 0.2508
Per-class P: [0.         0.         0.60291024]  R: [0. 0. 1.]  F1: [0.        0.        0.7522695]
Val Loss: 1.0993
Epoch [19/100] Train Loss: 1.1002
Val Event P(macro [0, 1, 2]): 0.0256 | R: 0.3333 | F1: 0.0475
Per-class P: [0.07678822 0.         0.        ]  R: [1. 0. 0.]  F1: [0.14262455 0.         0.        ]
Val Loss: 1.0990
Early stopping triggered.

	Elapsed time is 26.0234 seconds.

==========================================================================================
Total parameters: 212947
Total memory (bytes): 1703576
Total memory (MB): 1.6246566772460938
==========================================================================================

TRANSFORMER Cascade Evaluation

--- Cascade Stage 1 (Detector) Standalone Metrics ---
Accuracy: 78.87% (21296/27000)
Per-Class Accuracy:
  No Thrust: 100.00% (21296/21296)
  Thrust: 0.00% (0/5704)

Classification Report:
              precision    recall  f1-score   support

   No Thrust     0.7887    1.0000    0.8819     21296
      Thrust     0.0000    0.0000    0.0000      5704

    accuracy                         0.7887     27000
   macro avg     0.3944    0.5000    0.4409     27000
weighted avg     0.6221    0.7887    0.6956     27000


Confusion Matrix (rows = true, cols = predicted):
             P_No Thrust  P_Thrust
T_No Thrust        21296         0
T_Thrust            5704         0

--- Cascade End-to-End (Stage1 -> Stage2 combined) Metrics ---
Accuracy: 78.87% (21296/27000)
Per-Class Accuracy:
  No Thrust: 100.00% (21296/21296)
  Chemical: 0.00% (0/438)
  Electric: 0.00% (0/1827)
  Impulsive: 0.00% (0/3439)

Classification Report:
              precision    recall  f1-score   support

   No Thrust     0.7887    1.0000    0.8819     21296
    Chemical     0.0000    0.0000    0.0000       438
    Electric     0.0000    0.0000    0.0000      1827
   Impulsive     0.0000    0.0000    0.0000      3439

    accuracy                         0.7887     27000
   macro avg     0.1972    0.2500    0.2205     27000
weighted avg     0.6221    0.7887    0.6956     27000


Confusion Matrix (rows = true, cols = predicted):
             P_No Thrust  P_Chemical  P_Electric  P_Impulsive
T_No Thrust        21296           0           0            0
T_Chemical           438           0           0            0
T_Electric          1827           0           0            0
T_Impulsive         3439           0           0            0

No frames with correct stage-1 positive detection to condition stage-2 accuracy on.
Stage-1 (detector-only) accuracy: 78.87%

TRANSFORMER Cascade Inference Time	Elapsed time is 0.1425 seconds.

================================================================================
Backbone: CNN
================================================================================

Entering CNN Joint (4-class) Training Loop
Epoch [1/100] Train Loss: 1.3429
Val Event P(macro [1, 2, 3]): 0.1020 | R: 0.4114 | F1: 0.1613
Per-class P: [0.96361111 0.02       0.08714286 0.19873016]  R: [0.16289444 0.20547945 0.30049261 0.72811864]  F1: [0.27867931 0.036452   0.1351052  0.31223892]
Val Loss: 1.3529
Epoch [2/100] Train Loss: 1.3240
Val Event P(macro [1, 2, 3]): 0.0962 | R: 0.4045 | F1: 0.1522
Per-class P: [0.96361111 0.         0.08166667 0.20703704]  R: [0.16289444 0.         0.56321839 0.65018901]  F1: [0.27867931 0.         0.1426492  0.314067  ]
Val Loss: 1.3347
Epoch [3/100] Train Loss: 1.3162
Val Event P(macro [1, 2, 3]): 0.1041 | R: 0.4256 | F1: 0.1647
Per-class P: [0.9737037  0.01851852 0.08666667 0.20703704]  R: [0.12345041 0.11415525 0.51231527 0.65018901]  F1: [0.21911985 0.03186743 0.14825374 0.314067  ]
Val Loss: 1.3118
Epoch [4/100] Train Loss: 1.3088
Val Event P(macro [1, 2, 3]): 0.1099 | R: 0.4275 | F1: 0.1690
Per-class P: [0.96361111 0.02111111 0.09222222 0.21622222]  R: [0.16289444 0.21689498 0.49972633 0.56586217]  F1: [0.27867931 0.03847712 0.15570905 0.31288689]
Val Loss: 1.2969
Epoch [5/100] Train Loss: 1.3109
Val Event P(macro [1, 2, 3]): 0.1112 | R: 0.4266 | F1: 0.1687
Per-class P: [0.96361111 0.01962963 0.09238095 0.22148148]  R: [0.16289444 0.12100457 0.63711002 0.52166327]  F1: [0.27867931 0.03377948 0.16136411 0.31094549]
Val Loss: 1.2985
Epoch [6/100] Train Loss: 1.3056
Val Event P(macro [1, 2, 3]): 0.1060 | R: 0.4288 | F1: 0.1660
Per-class P: [0.9737037  0.01851852 0.08794872 0.21151515]  R: [0.12345041 0.11415525 0.56321839 0.60889794]  F1: [0.21911985 0.03186743 0.15214016 0.31396656]
Val Loss: 1.3225
Epoch [7/100] Train Loss: 1.3025
Val Event P(macro [1, 2, 3]): 0.1031 | R: 0.4261 | F1: 0.1643
Per-class P: [0.9737037  0.01916667 0.08755556 0.20264957]  R: [0.12345041 0.15753425 0.43130816 0.68944461]  F1: [0.21911985 0.03417533 0.14556202 0.31323073]
Val Loss: 1.3317
Epoch [8/100] Train Loss: 1.3036
Val Event P(macro [1, 2, 3]): 0.1108 | R: 0.4427 | F1: 0.1711
Per-class P: [0.9737037  0.02       0.09241354 0.22003538]  R: [0.12345041 0.20547945 0.5440613  0.57865659]  F1: [0.21911985 0.036452   0.15799094 0.31883361]
Val Loss: 1.3144
Epoch [9/100] Train Loss: 1.3011
Val Event P(macro [1, 2, 3]): 0.1061 | R: 0.4166 | F1: 0.1655
Per-class P: [0.96361111 0.01888889 0.08794872 0.21151515]  R: [0.16289444 0.07762557 0.56321839 0.60889794]  F1: [0.27867931 0.03038427 0.15214016 0.31396656]
Val Loss: 1.2912
Epoch [10/100] Train Loss: 1.3013
Val Event P(macro [1, 2, 3]): 0.1093 | R: 0.4124 | F1: 0.1680
Per-class P: [0.95301259 0.02051836 0.09128205 0.21622222]  R: [0.19905147 0.08675799 0.58456486 0.56586217]  F1: [0.32931945 0.03318777 0.15790641 0.31288689]
Val Loss: 1.2969
Epoch [11/100] Train Loss: 1.3011
Val Event P(macro [1, 2, 3]): 0.1068 | R: 0.4323 | F1: 0.1672
Per-class P: [0.9737037  0.01916667 0.08972222 0.21151515]  R: [0.12345041 0.15753425 0.53037767 0.60889794]  F1: [0.21911985 0.03417533 0.15348064 0.31396656]
Val Loss: 1.3018
Epoch [12/100] Train Loss: 1.3002
Val Event P(macro [1, 2, 3]): 0.1121 | R: 0.4235 | F1: 0.1662
Per-class P: [0.96361111 0.01888889 0.09125    0.22625   ]  R: [0.16289444 0.07762557 0.71921182 0.47368421]  F1: [0.27867931 0.03038427 0.1619523  0.30623179]
Val Loss: 1.3050
Epoch [13/100] Train Loss: 1.3003
Val Event P(macro [1, 2, 3]): 0.1125 | R: 0.4382 | F1: 0.1661
Per-class P: [0.9737037  0.02050505 0.09555556 0.22148148]  R: [0.12345041 0.46347032 0.32950192 0.52166327]  F1: [0.21911985 0.03927259 0.14814815 0.31094549]
Val Loss: 1.2994
Epoch [14/100] Train Loss: 1.3014
Val Event P(macro [1, 2, 3]): 0.1082 | R: 0.4203 | F1: 0.1665
Per-class P: [0.96361111 0.01888889 0.08952381 0.21622222]  R: [0.16289444 0.07762557 0.61740558 0.56586217]  F1: [0.27867931 0.03038427 0.15637347 0.31288689]
Val Loss: 1.3030
Epoch [15/100] Train Loss: 1.2993
Val Event P(macro [1, 2, 3]): 0.1103 | R: 0.4231 | F1: 0.1670
Per-class P: [0.96361111 0.01888889 0.09066667 0.22148148]  R: [0.16289444 0.07762557 0.66995074 0.52166327]  F1: [0.27867931 0.03038427 0.15971814 0.31094549]
Val Loss: 1.3086
Epoch [16/100] Train Loss: 1.2975
Val Event P(macro [1, 2, 3]): 0.1068 | R: 0.4323 | F1: 0.1672
Per-class P: [0.9737037  0.01916667 0.08972222 0.21151515]  R: [0.12345041 0.15753425 0.53037767 0.60889794]  F1: [0.21911985 0.03417533 0.15348064 0.31396656]
Val Loss: 1.3041
Epoch [17/100] Train Loss: 1.2974
Val Event P(macro [1, 2, 3]): 0.1110 | R: 0.4388 | F1: 0.1688
Per-class P: [0.9737037  0.01916667 0.09238095 0.22148148]  R: [0.12345041 0.15753425 0.63711002 0.52166327]  F1: [0.21911985 0.03417533 0.16136411 0.31094549]
Val Loss: 1.3015
Epoch [18/100] Train Loss: 1.2971
Val Event P(macro [1, 2, 3]): 0.1075 | R: 0.4226 | F1: 0.1678
Per-class P: [0.96361111 0.02055556 0.09040404 0.21151515]  R: [0.16289444 0.16894977 0.48987411 0.60889794]  F1: [0.27867931 0.03665181 0.15263921 0.31396656]
Val Loss: 1.2891
Epoch [19/100] Train Loss: 1.2971
Val Event P(macro [1, 2, 3]): 0.1071 | R: 0.4055 | F1: 0.1650
Per-class P: [0.95266667 0.02       0.08773417 0.21360808]  R: [0.20130541 0.04109589 0.56650246 0.60889794]  F1: [0.33237711 0.02690583 0.15193776 0.31626643]
Val Loss: 1.3029
Epoch [20/100] Train Loss: 1.2972
Val Event P(macro [1, 2, 3]): 0.1117 | R: 0.4291 | F1: 0.1696
Per-class P: [0.96361111 0.02055556 0.09316239 0.22148148]  R: [0.16289444 0.16894977 0.59660646 0.52166327]  F1: [0.27867931 0.03665181 0.16115916 0.31094549]
Val Loss: 1.2935
Epoch [21/100] Train Loss: 1.2969
Val Event P(macro [1, 2, 3]): 0.1103 | R: 0.4231 | F1: 0.1670
Per-class P: [0.96361111 0.01888889 0.09066667 0.22148148]  R: [0.16289444 0.07762557 0.66995074 0.52166327]  F1: [0.27867931 0.03038427 0.15971814 0.31094549]
Val Loss: 1.2998
Epoch [22/100] Train Loss: 1.2968
Val Event P(macro [1, 2, 3]): 0.1110 | R: 0.4388 | F1: 0.1688
Per-class P: [0.9737037  0.01916667 0.09238095 0.22148148]  R: [0.12345041 0.15753425 0.63711002 0.52166327]  F1: [0.21911985 0.03417533 0.16136411 0.31094549]
Val Loss: 1.3017
Epoch [23/100] Train Loss: 1.2975
Val Event P(macro [1, 2, 3]): 0.1115 | R: 0.4412 | F1: 0.1695
Per-class P: [0.9737037  0.02       0.09316239 0.22148148]  R: [0.12345041 0.20547945 0.59660646 0.52166327]  F1: [0.21911985 0.036452   0.16115916 0.31094549]
Val Loss: 1.2963
Epoch [24/100] Train Loss: 1.2970
Val Event P(macro [1, 2, 3]): 0.1116 | R: 0.4109 | F1: 0.1666
Per-class P: [0.95373588 0.02261307 0.09066667 0.22148148]  R: [0.20618896 0.04109589 0.66995074 0.52166327]  F1: [0.33907336 0.02917342 0.15971814 0.31094549]
Val Loss: 1.2903
Epoch [25/100] Train Loss: 1.2931
Val Event P(macro [1, 2, 3]): 0.1118 | R: 0.4406 | F1: 0.1697
Per-class P: [0.9737037  0.01916667 0.0926452  0.22346786]  R: [0.12345041 0.15753425 0.64258347 0.52166327]  F1: [0.21911985 0.03417533 0.1619422  0.31289788]
Val Loss: 1.2999
Epoch [26/100] Train Loss: 1.2425
Val Event P(macro [1, 2, 3]): 0.3122 | R: 0.5314 | F1: 0.3294
Per-class P: [0.90915277 0.02367056 0.10759125 0.80533854]  R: [0.37640872 0.16666667 0.70826492 0.71939517]  F1: [0.53239465 0.04145372 0.18680525 0.75994471]
Val Loss: 1.0763
Epoch [27/100] Train Loss: 0.9923
Val Event P(macro [1, 2, 3]): 0.3397 | R: 0.6702 | F1: 0.3827
Per-class P: [0.96147085 0.03191489 0.11668963 0.87039106]  R: [0.30817994 0.3630137  0.74165298 0.90607735]  F1: [0.46675201 0.05867159 0.20165191 0.88787577]
Val Loss: 0.9191
Epoch [28/100] Train Loss: 0.8941
Val Event P(macro [1, 2, 3]): 0.2855 | R: 0.7394 | F1: 0.3657
Per-class P: [0.983339   0.03725804 0.12541573 0.69386927]  R: [0.2716003  0.58447489 0.63984674 0.99389357]  F1: [0.42563838 0.07005062 0.20972372 0.81721458]
Val Loss: 0.9095
Epoch [29/100] Train Loss: 0.8081
Val Event P(macro [1, 2, 3]): 0.3664 | R: 0.8006 | F1: 0.4266
Per-class P: [0.97537473 0.0654941  0.12146597 0.91219642]  R: [0.34222389 0.64611872 0.76190476 0.99389357]  F1: [0.50667408 0.11893255 0.20952811 0.95129418]
Val Loss: 0.7878
Epoch [30/100] Train Loss: 0.6954
Val Event P(macro [1, 2, 3]): 0.3935 | R: 0.8050 | F1: 0.4587
Per-class P: [0.96073766 0.11585142 0.12043969 0.94426139]  R: [0.45501503 0.71917808 0.69567597 1.        ]  F1: [0.61755146 0.19955654 0.20533118 0.97133173]
Val Loss: 0.6769
Epoch [31/100] Train Loss: 0.5255
Val Event P(macro [1, 2, 3]): 0.4249 | R: 0.9238 | F1: 0.4991
Per-class P: [0.98266714 0.17427568 0.12436129 0.97613636]  R: [0.3913411  0.90639269 0.86590038 0.99912765]  F1: [0.55976089 0.29234168 0.21748694 0.9874982 ]
Val Loss: 0.5715
Epoch [32/100] Train Loss: 0.4402
Val Event P(macro [1, 2, 3]): 0.4637 | R: 0.9144 | F1: 0.5470
Per-class P: [0.97013918 0.25471125 0.14317027 0.99306959]  R: [0.54005447 0.956621   0.7865353  1.        ]  F1: [0.69385539 0.40230437 0.24224545 0.99652275]
Val Loss: 0.4828
Epoch [33/100] Train Loss: 0.3947
Val Event P(macro [1, 2, 3]): 0.5019 | R: 0.9290 | F1: 0.5915
Per-class P: [0.97720475 0.3562341  0.15122439 0.99825835]  R: [0.56766529 0.95890411 0.82813355 1.        ]  F1: [0.71815131 0.51948052 0.25574713 0.99912841]
Val Loss: 0.4545
Epoch [34/100] Train Loss: 0.3713
Val Event P(macro [1, 2, 3]): 0.4966 | R: 0.9311 | F1: 0.5862
Per-class P: [0.97588245 0.33753943 0.15261003 0.9997093 ]  R: [0.57381668 0.97716895 0.81609195 1.        ]  F1: [0.72269206 0.5017585  0.25713547 0.99985463]
Val Loss: 0.4490
Epoch [35/100] Train Loss: 0.3751
Val Event P(macro [1, 2, 3]): 0.5135 | R: 0.9162 | F1: 0.6051
Per-class P: [0.97352047 0.37756011 0.16569835 0.99710061]  R: [0.63185575 0.96803653 0.7805145  1.        ]  F1: [0.76633066 0.54324151 0.27336337 0.9985482 ]
Val Loss: 0.4291
Epoch [36/100] Train Loss: 0.3363
Val Event P(macro [1, 2, 3]): 0.5333 | R: 0.9362 | F1: 0.6257
Per-class P: [0.97817445 0.43597561 0.16389009 1.        ]  R: [0.61241548 0.97945205 0.82922824 1.        ]  F1: [0.7532415  0.60337553 0.27368801 1.        ]
Val Loss: 0.4233
Epoch [37/100] Train Loss: 0.3120
Val Event P(macro [1, 2, 3]): 0.5624 | R: 0.9362 | F1: 0.6525
Per-class P: [0.97769135 0.52195122 0.16675815 0.9985482 ]  R: [0.62561044 0.97716895 0.83141762 1.        ]  F1: [0.76299287 0.68044515 0.2777981  0.99927357]
Val Loss: 0.4112
Epoch [38/100] Train Loss: 0.3006
Val Event P(macro [1, 2, 3]): 0.4931 | R: 0.9305 | F1: 0.5848
Per-class P: [0.97534904 0.30736544 0.17441583 0.99738979]  R: [0.62983659 0.99086758 0.80076628 1.        ]  F1: [0.76540744 0.46918919 0.28644151 0.99869319]
Val Loss: 0.4022
Epoch [39/100] Train Loss: 0.2775
Val Event P(macro [1, 2, 3]): 0.5834 | R: 0.9515 | F1: 0.6720
Per-class P: [0.98171226 0.57965194 0.17100854 0.99941877]  R: [0.62514087 0.98858447 0.86590038 1.        ]  F1: [0.76386379 0.73080169 0.28561112 0.9997093 ]
Val Loss: 0.3788
Epoch [40/100] Train Loss: 0.2675
Val Event P(macro [1, 2, 3]): 0.6216 | R: 0.9485 | F1: 0.7005
Per-class P: [0.9803495  0.69488818 0.17029421 0.9997093 ]  R: [0.63486101 0.99315068 0.85221675 1.        ]  F1: [0.7706558  0.81766917 0.28386509 0.99985463]
Val Loss: 0.3774
Epoch [41/100] Train Loss: 0.2604
Val Event P(macro [1, 2, 3]): 0.6152 | R: 0.9801 | F1: 0.6958
Per-class P: [0.99136175 0.68388106 0.16167496 1.        ]  R: [0.57123403 0.99771689 0.94252874 1.        ]  F1: [0.72481902 0.81151346 0.27600577 1.        ]
Val Loss: 0.4127
Epoch [42/100] Train Loss: 0.2554
Val Event P(macro [1, 2, 3]): 0.6221 | R: 0.9776 | F1: 0.7014
Per-class P: [0.99019373 0.70304976 0.16397229 0.99912841]  R: [0.58320811 1.         0.93267652 1.        ]  F1: [0.73406425 0.82563619 0.27890989 0.99956402]
Val Loss: 0.3900
Epoch [43/100] Train Loss: 0.2589
Val Event P(macro [1, 2, 3]): 0.6390 | R: 0.9731 | F1: 0.7138
Per-class P: [0.98897819 0.74700855 0.16991222 1.        ]  R: [0.60673366 0.99771689 0.92172961 1.        ]  F1: [0.75207357 0.85434995 0.28693133 1.        ]
Val Loss: 0.3701
Epoch [44/100] Train Loss: 0.2690
Val Event P(macro [1, 2, 3]): 0.6338 | R: 0.9279 | F1: 0.7094
Per-class P: [0.97358313 0.72470978 0.17689086 0.9997093 ]  R: [0.67839031 0.99771689 0.78598796 1.        ]  F1: [0.79961256 0.83957733 0.28878834 0.99985463]
Val Loss: 0.3544
Epoch [45/100] Train Loss: 0.2529
Val Event P(macro [1, 2, 3]): 0.6279 | R: 0.9361 | F1: 0.7059
Per-class P: [0.97613316 0.7082658  0.17626756 0.99912841]  R: [0.66641623 0.99771689 0.8106185  1.        ]  F1: [0.79207479 0.82843602 0.28956887 0.99956402]
Val Loss: 0.3583
Epoch [46/100] Train Loss: 0.2513
Val Event P(macro [1, 2, 3]): 0.6407 | R: 0.9657 | F1: 0.7148
Per-class P: [0.98616926 0.75085911 0.17109237 1.        ]  R: [0.6194121  0.99771689 0.89928845 1.        ]  F1: [0.76090217 0.85686275 0.28748906 1.        ]
Val Loss: 0.3802
Epoch [47/100] Train Loss: 0.2489
Val Event P(macro [1, 2, 3]): 0.6606 | R: 0.9437 | F1: 0.7253
Per-class P: [0.97890686 0.81121495 0.17068831 1.        ]  R: [0.64505071 0.99086758 0.84017515 1.        ]  F1: [0.77766141 0.89208633 0.28373383 1.        ]
Val Loss: 0.3595
Epoch [48/100] Train Loss: 0.2443
Val Event P(macro [1, 2, 3]): 0.6205 | R: 0.9819 | F1: 0.7010
Per-class P: [0.99210652 0.6952381  0.16632977 1.        ]  R: [0.58428813 1.         0.94581281 1.        ]  F1: [0.73544536 0.82022472 0.28290766 1.        ]
Val Loss: 0.3877
Epoch [49/100] Train Loss: 0.2452
Val Event P(macro [1, 2, 3]): 0.6589 | R: 0.9677 | F1: 0.7273
Per-class P: [0.98687722 0.80366972 0.1731738  1.        ]  R: [0.62504696 1.         0.90311987 1.        ]  F1: [0.76535189 0.89114954 0.29062087 1.        ]
Val Loss: 0.3546
Epoch [50/100] Train Loss: 0.2489
Val Event P(macro [1, 2, 3]): 0.6550 | R: 0.9731 | F1: 0.7234
Per-class P: [0.98889831 0.79744526 0.16769568 1.        ]  R: [0.60231968 0.99771689 0.92172961 1.        ]  F1: [0.7486503  0.88640974 0.28376443 1.        ]
Val Loss: 0.3804
Epoch [51/100] Train Loss: 0.2415
Val Event P(macro [1, 2, 3]): 0.6660 | R: 0.9697 | F1: 0.7312
Per-class P: [0.98755995 0.82641509 0.17146691 1.        ]  R: [0.61880165 1.         0.90914067 1.        ]  F1: [0.7608545  0.90495868 0.28851833 1.        ]
Val Loss: 0.3699
Epoch [52/100] Train Loss: 0.2396
Val Event P(macro [1, 2, 3]): 0.6727 | R: 0.9671 | F1: 0.7342
Per-class P: [0.98670273 0.84854369 0.16959425 1.        ]  R: [0.61673554 0.99771689 0.90366721 1.        ]  F1: [0.75903719 0.91710388 0.28559073 1.        ]
Val Loss: 0.3665
Epoch [53/100] Train Loss: 0.2417
Val Event P(macro [1, 2, 3]): 0.6211 | R: 0.9737 | F1: 0.7010
Per-class P: [0.98874208 0.69745223 0.1659436  1.        ]  R: [0.59386739 1.         0.92118227 1.        ]  F1: [0.74204242 0.8217636  0.2812265  1.        ]
Val Loss: 0.3970
Epoch [54/100] Train Loss: 0.2402
Val Event P(macro [1, 2, 3]): 0.6932 | R: 0.9599 | F1: 0.7466
Per-class P: [0.9840244  0.9068323  0.17266574 1.        ]  R: [0.63631668 1.         0.87958402 1.        ]  F1: [0.77286338 0.95114007 0.28866535 1.        ]
Val Loss: 0.3613
Early stopping triggered.

	Elapsed time is 415.8606 seconds.

==========================================================================================
Total parameters: 472708
Total memory (bytes): 3781664
Total memory (MB): 3.606475830078125
==========================================================================================

CNN Joint Validation
Accuracy: 70.50% (19035/27000)
Per-Class Accuracy:
  No Thrust: 63.63% (13551/21296)
  Chemical: 100.00% (438/438)
  Electric: 87.96% (1607/1827)
  Impulsive: 100.00% (3439/3439)

Classification Report:
              precision    recall  f1-score   support

   No Thrust     0.9840    0.6363    0.7729     21296
    Chemical     0.9068    1.0000    0.9511       438
    Electric     0.1727    0.8796    0.2887      1827
   Impulsive     1.0000    1.0000    1.0000      3439

    accuracy                         0.7050     27000
   macro avg     0.7659    0.8790    0.7532     27000
weighted avg     0.9299    0.7050    0.7719     27000


Confusion Matrix (rows = true, cols = predicted):
             P_No Thrust  P_Chemical  P_Electric  P_Impulsive
T_No Thrust        13551          45        7700            0
T_Chemical             0         438           0            0
T_Electric           220           0        1607            0
T_Impulsive            0           0           0         3439

CNN Joint Inference Time	Elapsed time is 0.9855 seconds.

Entering CNN Stage 1 (Detector) Training Loop
Epoch [1/100] Train Loss: 0.6700
Val Event P(macro [1]): 0.2580 | R: 0.8955 | F1: 0.4006
Per-class P: [0.91722222 0.2579798 ]  R: [0.31010518 0.89551192]  F1: [0.46350365 0.40056462]
Val Loss: 0.6779
Epoch [2/100] Train Loss: 0.6599
Val Event P(macro [1]): 0.2649 | R: 0.8359 | F1: 0.4023
Per-class P: [0.896      0.26488889]  R: [0.37866266 0.83590463]  F1: [0.5323475  0.40229497]
Val Loss: 0.6723
Epoch [3/100] Train Loss: 0.6568
Val Event P(macro [1]): 0.2811 | R: 0.5766 | F1: 0.3780
Per-class P: [0.84215686 0.28111111]  R: [0.6050432 0.5766129]  F1: [0.70417532 0.37795909]
Val Loss: 0.6392
Epoch [4/100] Train Loss: 0.6564
Val Event P(macro [1]): 0.2747 | R: 0.7369 | F1: 0.4002
Per-class P: [0.8717094  0.27470588]  R: [0.47891623 0.73685133]  F1: [0.61819614 0.40020948]
Val Loss: 0.6531
Epoch [5/100] Train Loss: 0.6540
Val Event P(macro [1]): 0.2712 | R: 0.7703 | F1: 0.4012
Per-class P: [0.8787037  0.27123457]  R: [0.44562359 0.77033661]  F1: [0.59135095 0.40120526]
Val Loss: 0.6485
Epoch [6/100] Train Loss: 0.6539
Val Event P(macro [1]): 0.2680 | R: 0.8033 | F1: 0.4019
Per-class P: [0.88666667 0.26795322]  R: [0.41219008 0.80329593]  F1: [0.56276446 0.40185932]
Val Loss: 0.6571
Epoch [7/100] Train Loss: 0.5200
Val Event P(macro [1]): 0.4877 | R: 0.6914 | F1: 0.5720
Per-class P: [0.90694231 0.4876963 ]  R: [0.80545642 0.6914446 ]  F1: [0.85319207 0.57196723]
Val Loss: 0.4746
Epoch [8/100] Train Loss: 0.4037
Val Event P(macro [1]): 0.9584 | R: 0.6217 | F1: 0.7541
Per-class P: [0.90738197 0.95837838]  R: [0.9927686 0.621669 ]  F1: [0.94815679 0.75414717]
Val Loss: 0.4050
Epoch [9/100] Train Loss: 0.3750
Val Event P(macro [1]): 0.7972 | R: 0.6287 | F1: 0.7030
Per-class P: [0.90587503 0.79724322]  R: [0.95717506 0.62868163]  F1: [0.93081876 0.70299941]
Val Loss: 0.4259
Epoch [10/100] Train Loss: 0.3710
Val Event P(macro [1]): 0.8478 | R: 0.6541 | F1: 0.7384
Per-class P: [0.91269525 0.84776187]  R: [0.96853869 0.65410238]  F1: [0.93978813 0.73844631]
Val Loss: 0.3696
Epoch [11/100] Train Loss: 0.3665
Val Event P(macro [1]): 0.7352 | R: 0.6916 | F1: 0.7127
Per-class P: [0.9186928  0.73518449]  R: [0.93327385 0.69161992]  F1: [0.92592593 0.71273713]
Val Loss: 0.3595
Epoch [12/100] Train Loss: 0.3402
Val Event P(macro [1]): 0.6706 | R: 0.7104 | F1: 0.6899
Per-class P: [0.92117568 0.67063886]  R: [0.90655522 0.71037868]  F1: [0.91380698 0.689937  ]
Val Loss: 0.3515
Epoch [13/100] Train Loss: 0.3386
Val Event P(macro [1]): 0.8692 | R: 0.6373 | F1: 0.7354
Per-class P: [0.90932597 0.86920134]  R: [0.97431443 0.63727209]  F1: [0.9406991  0.73538337]
Val Loss: 0.3949
Epoch [14/100] Train Loss: 0.3400
Val Event P(macro [1]): 0.5721 | R: 0.7525 | F1: 0.6500
Per-class P: [0.92758232 0.5721141 ]  R: [0.84926747 0.75245442]  F1: [0.88669902 0.65000757]
Val Loss: 0.3698
Epoch [15/100] Train Loss: 0.3501
Val Event P(macro [1]): 0.8708 | R: 0.6536 | F1: 0.7467
Per-class P: [0.91302434 0.87082457]  R: [0.97403268 0.65357644]  F1: [0.94254232 0.74672008]
Val Loss: 0.3491
Epoch [16/100] Train Loss: 0.3293
Val Event P(macro [1]): 0.5808 | R: 0.7707 | F1: 0.6624
Per-class P: [0.93268488 0.58079006]  R: [0.85100488 0.77068724]  F1: [0.88997471 0.66239735]
Val Loss: 0.3476
Epoch [17/100] Train Loss: 0.3401
Val Event P(macro [1]): 0.9797 | R: 0.6336 | F1: 0.7695
Per-class P: [0.91034276 0.97966929]  R: [0.99647821 0.63359046]  F1: [0.95146502 0.76950921]
Val Loss: 0.3447
Epoch [18/100] Train Loss: 0.3502
Val Event P(macro [1]): 0.9422 | R: 0.6255 | F1: 0.7519
Per-class P: [0.9079826  0.94217058]  R: [0.98971638 0.62552595]  F1: [0.94708935 0.75187019]
Val Loss: 0.3835
Epoch [19/100] Train Loss: 0.3423
Val Event P(macro [1]): 0.5878 | R: 0.7470 | F1: 0.6579
Per-class P: [0.92694041 0.58780521]  R: [0.85969196 0.74701964]  F1: [0.89205058 0.65791708]
Val Loss: 0.3619
Epoch [20/100] Train Loss: 0.3366
Val Event P(macro [1]): 0.6192 | R: 0.7523 | F1: 0.6793
Per-class P: [0.92959641 0.61919192]  R: [0.87608002 0.7522791 ]  F1: [0.90204516 0.67927814]
Val Loss: 0.3540
Epoch [21/100] Train Loss: 0.3278
Val Event P(macro [1]): 0.9797 | R: 0.6266 | F1: 0.7643
Per-class P: [0.90878726 0.97971491]  R: [0.99652517 0.62657784]  F1: [0.95063609 0.76432849]
Val Loss: 0.3643
Epoch [22/100] Train Loss: 0.3246
Val Event P(macro [1]): 0.5676 | R: 0.7756 | F1: 0.6555
Per-class P: [0.93335416 0.56761611]  R: [0.84175432 0.77559607]  F1: [0.88519085 0.65550452]
Val Loss: 0.3352
Epoch [23/100] Train Loss: 0.3110
Val Event P(macro [1]): 0.7884 | R: 0.6899 | F1: 0.7359
Per-class P: [0.91962379 0.78841915]  R: [0.95041322 0.68986676]  F1: [0.93476504 0.73585788]
Val Loss: 0.3237
Epoch [24/100] Train Loss: 0.3075
Val Event P(macro [1]): 0.9882 | R: 0.6466 | F1: 0.7817
Per-class P: [0.9133574  0.98821008]  R: [0.99793388 0.64656381]  F1: [0.95377435 0.78168716]
Val Loss: 0.3031
Epoch [25/100] Train Loss: 0.3120
Val Event P(macro [1]): 0.9733 | R: 0.6452 | F1: 0.7760
Per-class P: [0.91283001 0.97328749]  R: [0.99525733 0.64516129]  F1: [0.95226328 0.77596205]
Val Loss: 0.3237
Epoch [26/100] Train Loss: 0.3180
Val Event P(macro [1]): 0.9411 | R: 0.6502 | F1: 0.7691
Per-class P: [0.9134828  0.94113169]  R: [0.98910594 0.65024544]  F1: [0.94979146 0.76910316]
Val Loss: 0.3247
Epoch [27/100] Train Loss: 0.3144
Val Event P(macro [1]): 0.4972 | R: 0.8166 | F1: 0.6181
Per-class P: [0.94067604 0.49722459]  R: [0.77883171 0.81661992]  F1: [0.85213728 0.61809979]
Val Loss: 0.3569
Epoch [28/100] Train Loss: 0.3150
Val Event P(macro [1]): 0.9595 | R: 0.6480 | F1: 0.7735
Per-class P: [0.91325384 0.95950156]  R: [0.99267468 0.64796634]  F1: [0.95130951 0.77354542]
Val Loss: 0.3219
Epoch [29/100] Train Loss: 0.3159
Val Event P(macro [1]): 0.4633 | R: 0.8731 | F1: 0.6054
Per-class P: [0.9554489  0.46329891]  R: [0.72910406 0.87307153]  F1: [0.82707007 0.60536072]
Val Loss: 0.3466
Epoch [30/100] Train Loss: 0.3095
Val Event P(macro [1]): 0.9877 | R: 0.6476 | F1: 0.7823
Per-class P: [0.91358555 0.98770053]  R: [0.99783997 0.64761571]  F1: [0.95385582 0.78229564]
Val Loss: 0.3019
Epoch [31/100] Train Loss: 0.3036
Val Event P(macro [1]): 0.5169 | R: 0.8349 | F1: 0.6385
Per-class P: [0.94704295 0.51693443]  R: [0.79104057 0.83485273]  F1: [0.86204073 0.63850898]
Val Loss: 0.3242
Epoch [32/100] Train Loss: 0.3030
Val Event P(macro [1]): 0.5992 | R: 0.7696 | F1: 0.6738
Per-class P: [0.93320795 0.59915381]  R: [0.86208678 0.76963534]  F1: [0.89623862 0.67377791]
Val Loss: 0.3194
Epoch [33/100] Train Loss: 0.3064
Val Event P(macro [1]): 0.5433 | R: 0.8115 | F1: 0.6509
Per-class P: [0.941829   0.54330986]  R: [0.81728963 0.81153576]  F1: [0.87515084 0.65087177]
Val Loss: 0.3229
Epoch [34/100] Train Loss: 0.3087
Val Event P(macro [1]): 0.9063 | R: 0.6662 | F1: 0.7679
Per-class P: [0.91651686 0.90627236]  R: [0.98154583 0.66619916]  F1: [0.94791738 0.76790947]
Val Loss: 0.3111
Epoch [35/100] Train Loss: 0.2971
Val Event P(macro [1]): 0.7364 | R: 0.7204 | F1: 0.7283
Per-class P: [0.92553688 0.73637993]  R: [0.930926   0.72037167]  F1: [0.92822362 0.72828784]
Val Loss: 0.3057
Epoch [36/100] Train Loss: 0.2969
Val Event P(macro [1]): 0.9498 | R: 0.6608 | F1: 0.7794
Per-class P: [0.91598645 0.94984879]  R: [0.99065552 0.66076438]  F1: [0.95185887 0.77936311]
Val Loss: 0.3090
Epoch [37/100] Train Loss: 0.2996
Val Event P(macro [1]): 0.8362 | R: 0.6820 | F1: 0.7513
Per-class P: [0.91882943 0.83619948]  R: [0.96421863 0.68197756]  F1: [0.940977   0.75125531]
Val Loss: 0.3195
Epoch [38/100] Train Loss: 0.2952
Val Event P(macro [1]): 0.6425 | R: 0.7554 | F1: 0.6944
Per-class P: [0.93125708 0.6424631 ]  R: [0.88739669 0.75543478]  F1: [0.908798   0.69438401]
Val Loss: 0.3083
Epoch [39/100] Train Loss: 0.2955
Val Event P(macro [1]): 0.9912 | R: 0.6508 | F1: 0.7857
Per-class P: [0.914341   0.99118825]  R: [0.99845041 0.65077139]  F1: [0.95454647 0.78569161]
Val Loss: 0.3026
Epoch [40/100] Train Loss: 0.2957
Val Event P(macro [1]): 0.9920 | R: 0.6487 | F1: 0.7844
Per-class P: [0.91388053 0.9919571 ]  R: [0.99859128 0.6486676 ]  F1: [0.95435983 0.78439686]
Val Loss: 0.3018
Epoch [41/100] Train Loss: 0.2952
Val Event P(macro [1]): 0.6610 | R: 0.7449 | F1: 0.7005
Per-class P: [0.9292728  0.66101431]  R: [0.89768032 0.74491585]  F1: [0.9132034  0.70046159]
Val Loss: 0.3126
Epoch [42/100] Train Loss: 0.2934
Val Event P(macro [1]): 0.9938 | R: 0.6492 | F1: 0.7854
Per-class P: [0.91402423 0.99382716]  R: [0.99891998 0.64919355]  F1: [0.95458829 0.78536585]
Val Loss: 0.2979
Epoch [43/100] Train Loss: 0.2930
Val Event P(macro [1]): 0.7301 | R: 0.7209 | F1: 0.7255
Per-class P: [0.92549607 0.73011364]  R: [0.92862509 0.72089762]  F1: [0.92705794 0.72547636]
Val Loss: 0.3057
Epoch [44/100] Train Loss: 0.2935
Val Event P(macro [1]): 0.6280 | R: 0.7502 | F1: 0.6837
Per-class P: [0.92940652 0.62797182]  R: [0.88096356 0.75017532]  F1: [0.90453691 0.68365554]
Val Loss: 0.3219
Epoch [45/100] Train Loss: 0.2965
Val Event P(macro [1]): 0.6906 | R: 0.7353 | F1: 0.7122
Per-class P: [0.92784441 0.69059773]  R: [0.91176747 0.73527349]  F1: [0.91973569 0.71223571]
Val Loss: 0.3058
Epoch [46/100] Train Loss: 0.2997
Val Event P(macro [1]): 0.6663 | R: 0.7363 | F1: 0.6996
Per-class P: [0.92733246 0.66634936]  R: [0.90124906 0.73632539]  F1: [0.91410473 0.6995919 ]
Val Loss: 0.3104
Epoch [47/100] Train Loss: 0.2982
Val Event P(macro [1]): 0.5096 | R: 0.8475 | F1: 0.6365
Per-class P: [0.95032545 0.50959308]  R: [0.78155522 0.84747546]  F1: [0.85771708 0.63647136]
Val Loss: 0.3195
Epoch [48/100] Train Loss: 0.2927
Val Event P(macro [1]): 0.6791 | R: 0.7416 | F1: 0.7090
Per-class P: [0.92903567 0.67908171]  R: [0.90613261 0.74158485]  F1: [0.91744122 0.70895835]
Val Loss: 0.3058
Epoch [49/100] Train Loss: 0.2917
Val Event P(macro [1]): 0.6502 | R: 0.7521 | F1: 0.6974
Per-class P: [0.93069307 0.65019703]  R: [0.89162284 0.75210379]  F1: [0.91073912 0.69744757]
Val Loss: 0.3062
Epoch [50/100] Train Loss: 0.2904
Val Event P(macro [1]): 0.7732 | R: 0.7081 | F1: 0.7392
Per-class P: [0.92353968 0.77316233]  R: [0.94435575 0.70809958]  F1: [0.93383172 0.73920205]
Val Loss: 0.3041
Epoch [51/100] Train Loss: 0.2927
Val Event P(macro [1]): 0.8948 | R: 0.6758 | F1: 0.7701
Per-class P: [0.91851754 0.8948468 ]  R: [0.9787284  0.67584151]  F1: [0.94766755 0.77007591]
Val Loss: 0.3017
Epoch [52/100] Train Loss: 0.2911
Val Event P(macro [1]): 0.6707 | R: 0.7460 | F1: 0.7063
Per-class P: [0.92985089 0.67071248]  R: [0.90190646 0.74596774]  F1: [0.91566552 0.7063413 ]
Val Loss: 0.3075
Early stopping triggered.

	Elapsed time is 400.2746 seconds.

==========================================================================================
Total parameters: 472450
Total memory (bytes): 3779600
Total memory (MB): 3.6045074462890625
==========================================================================================

Entering CNN Stage 2 (Type Classifier) Training Loop
Epoch [1/100] Train Loss: 1.0635
Val Event P(macro [0, 1, 2]): 0.4942 | R: 0.4333 | F1: 0.3901
Per-class P: [0.28169014 0.39722803 0.80375898]  R: [0.0456621  0.83141762 0.42279732]  F1: [0.07858546 0.53760396 0.55411585]
Val Loss: 1.0510
Epoch [2/100] Train Loss: 1.0336
Val Event P(macro [0, 1, 2]): 0.4312 | R: 0.4512 | F1: 0.4333
Per-class P: [0.17214192 0.39514563 0.72632674]  R: [0.29908676 0.44553914 0.60889794]  F1: [0.21851543 0.418832   0.66244859]
Val Loss: 1.0213
Epoch [3/100] Train Loss: 1.0271
Val Event P(macro [0, 1, 2]): 0.4446 | R: 0.4475 | F1: 0.4417
Per-class P: [0.19955157 0.408      0.72632674]  R: [0.20319635 0.53037767 0.60889794]  F1: [0.20135747 0.46120895 0.66244859]
Val Loss: 1.0175
Epoch [4/100] Train Loss: 1.0232
Val Event P(macro [0, 1, 2]): 0.4757 | R: 0.4467 | F1: 0.4239
Per-class P: [0.24413146 0.4008216  0.78204513]  R: [0.11872146 0.74767378 0.47368421]  F1: [0.15975422 0.52187202 0.59000362]
Val Loss: 1.0261
Epoch [5/100] Train Loss: 1.0267
Val Event P(macro [0, 1, 2]): 0.4589 | R: 0.4544 | F1: 0.4309
Per-class P: [0.19955157 0.39496063 0.78204513]  R: [0.20319635 0.6863711  0.47368421]  F1: [0.20135747 0.50139944 0.59000362]
Val Loss: 1.0232
Epoch [6/100] Train Loss: 1.0190
Val Event P(macro [0, 1, 2]): 0.4796 | R: 0.4128 | F1: 0.2980
Per-class P: [0.10517799 0.37015746 0.96359743]  R: [0.29680365 0.8106185  0.13085199]  F1: [0.15531661 0.5082361  0.23041475]
Val Loss: 1.0568
Epoch [7/100] Train Loss: 1.0202
Val Event P(macro [0, 1, 2]): 0.4474 | R: 0.4565 | F1: 0.4360
Per-class P: [0.18456376 0.39593171 0.76178344]  R: [0.25114155 0.59660646 0.52166327]  F1: [0.21276596 0.47598253 0.6192613 ]
Val Loss: 1.0192
Epoch [8/100] Train Loss: 1.0186
Val Event P(macro [0, 1, 2]): 0.4446 | R: 0.4475 | F1: 0.4417
Per-class P: [0.19955157 0.408      0.72632674]  R: [0.20319635 0.53037767 0.60889794]  F1: [0.20135747 0.46120895 0.66244859]
Val Loss: 1.0135
Epoch [9/100] Train Loss: 1.0189
Val Event P(macro [0, 1, 2]): 0.4502 | R: 0.4475 | F1: 0.4478
Per-class P: [0.19955157 0.44726811 0.70385451]  R: [0.20319635 0.38533114 0.75399826]  F1: [0.20135747 0.41399588 0.72806402]
Val Loss: 1.0243
Epoch [10/100] Train Loss: 1.0193
Val Event P(macro [0, 1, 2]): 0.4491 | R: 0.4512 | F1: 0.4407
Per-class P: [0.19955157 0.40454545 0.74331551]  R: [0.20319635 0.58456486 0.56586217]  F1: [0.20135747 0.47817327 0.64256232]
Val Loss: 1.0143
Epoch [11/100] Train Loss: 1.0189
Val Event P(macro [0, 1, 2]): 0.4474 | R: 0.4565 | F1: 0.4360
Per-class P: [0.18456376 0.39593171 0.76178344]  R: [0.25114155 0.59660646 0.52166327]  F1: [0.21276596 0.47598253 0.6192613 ]
Val Loss: 1.0167
Epoch [12/100] Train Loss: 1.0189
Val Event P(macro [0, 1, 2]): 0.4614 | R: 0.4505 | F1: 0.4360
Per-class P: [0.21806854 0.40422721 0.76178344]  R: [0.15981735 0.66995074 0.52166327]  F1: [0.18445323 0.50422245 0.6192613 ]
Val Loss: 1.0216
Epoch [13/100] Train Loss: 1.0177
Val Event P(macro [0, 1, 2]): 0.4482 | R: 0.4573 | F1: 0.4370
Per-class P: [0.18456376 0.39723032 0.76269036]  R: [0.25114155 0.59660646 0.52428031]  F1: [0.21276596 0.47691971 0.62140272]
Val Loss: 1.0139
Epoch [14/100] Train Loss: 1.0159
Val Event P(macro [0, 1, 2]): 0.4474 | R: 0.4565 | F1: 0.4360
Per-class P: [0.18456376 0.39593171 0.76178344]  R: [0.25114155 0.59660646 0.52166327]  F1: [0.21276596 0.47598253 0.6192613 ]
Val Loss: 1.0199
Epoch [15/100] Train Loss: 1.0136
Val Event P(macro [0, 1, 2]): 0.4491 | R: 0.4512 | F1: 0.4407
Per-class P: [0.19955157 0.40454545 0.74331551]  R: [0.20319635 0.58456486 0.56586217]  F1: [0.20135747 0.47817327 0.64256232]
Val Loss: 1.0159
Epoch [16/100] Train Loss: 1.0138
Val Event P(macro [0, 1, 2]): 0.4418 | R: 0.4443 | F1: 0.4417
Per-class P: [0.19955157 0.41184767 0.71414883]  R: [0.20319635 0.47947455 0.65018901]  F1: [0.20135747 0.4430956  0.68066971]
Val Loss: 1.0158
Epoch [17/100] Train Loss: 1.0125
Val Event P(macro [0, 1, 2]): 0.4418 | R: 0.4443 | F1: 0.4417
Per-class P: [0.19955157 0.41184767 0.71414883]  R: [0.20319635 0.47947455 0.65018901]  F1: [0.20135747 0.4430956  0.68066971]
Val Loss: 1.0164
Epoch [18/100] Train Loss: 1.0130
Val Event P(macro [0, 1, 2]): 0.4541 | R: 0.4540 | F1: 0.4376
Per-class P: [0.19955157 0.40096452 0.76178344]  R: [0.20319635 0.63711002 0.52166327]  F1: [0.20135747 0.49217759 0.6192613 ]
Val Loss: 1.0166
Early stopping triggered.

	Elapsed time is 136.3985 seconds.

==========================================================================================
Total parameters: 472579
Total memory (bytes): 3780632
Total memory (MB): 3.6054916381835938
==========================================================================================

CNN Cascade Evaluation

--- Cascade Stage 1 (Detector) Standalone Metrics ---
Accuracy: 86.90% (23462/27000)
Per-Class Accuracy:
  No Thrust: 90.19% (19207/21296)
  Thrust: 74.60% (4255/5704)

Classification Report:
              precision    recall  f1-score   support

   No Thrust     0.9299    0.9019    0.9157     21296
      Thrust     0.6707    0.7460    0.7063      5704

    accuracy                         0.8690     27000
   macro avg     0.8003    0.8239    0.8110     27000
weighted avg     0.8751    0.8690    0.8714     27000


Confusion Matrix (rows = true, cols = predicted):
             P_No Thrust  P_Thrust
T_No Thrust        19207      2089
T_Thrust            1449      4255

--- Cascade End-to-End (Stage1 -> Stage2 combined) Metrics ---
Accuracy: 79.84% (21556/27000)
Per-Class Accuracy:
  No Thrust: 90.19% (19207/21296)
  Chemical: 20.09% (88/438)
  Electric: 28.52% (521/1827)
  Impulsive: 50.60% (1740/3439)

Classification Report:
              precision    recall  f1-score   support

   No Thrust     0.9299    0.9019    0.9157     21296
    Chemical     0.3911    0.2009    0.2655       438
    Electric     0.1222    0.2852    0.1711      1827
   Impulsive     0.9370    0.5060    0.6571      3439

    accuracy                         0.7984     27000
   macro avg     0.5951    0.4735    0.5023     27000
weighted avg     0.8674    0.7984    0.8218     27000


Confusion Matrix (rows = true, cols = predicted):
             P_No Thrust  P_Chemical  P_Electric  P_Impulsive
T_No Thrust        19207          20        2062            7
T_Chemical             2          88         240          108
T_Electric          1302           2         521            2
T_Impulsive          145         115        1439         1740

Stage-2 type accuracy conditioned on correct stage-1 detection: 55.21% (4255 frames)
Stage-1 (detector-only) accuracy: 86.90%

CNN Cascade Inference Time	Elapsed time is 1.9265 seconds.

================================================================================
Classic ML / GBDT baselines (Hankel window length=5)
================================================================================

Entering LightGBM (joint) Training Loop

	Elapsed time is 0.6257 seconds.

==========================================================================================
Total parameters: NaN
Total memory (bytes): 418188
Total memory (MB): 0.3988151550292969
==========================================================================================

LightGBM (joint) Validation
Accuracy: 90.21% (21110/23400)
Per-Class Accuracy:
  No Thrust: 99.63% (17761/17827)
  Chemical: 6.22% (25/402)
  Electric: 0.00% (0/1769)
  Impulsive: 97.71% (3324/3402)

Classification Report:
              precision    recall  f1-score   support

   No Thrust     0.8893    0.9963    0.9398     17827
    Chemical     0.9259    0.0622    0.1166       402
    Electric     0.0000    0.0000    0.0000      1769
   Impulsive     0.9774    0.9771    0.9772      3402

    accuracy                         0.9021     23400
   macro avg     0.6981    0.5089    0.5084     23400
weighted avg     0.8355    0.9021    0.8600     23400


Confusion Matrix (rows = true, cols = predicted):
             P_No Thrust  P_Chemical  P_Electric  P_Impulsive
T_No Thrust        17761           0           0           66
T_Chemical           375          25           0            2
T_Electric          1760           0           0            9
T_Impulsive           76           2           0         3324

LightGBM (joint) Inference Time	Elapsed time is 0.0535 seconds.

Entering LightGBM Stage 1 (Detector) Training Loop

	Elapsed time is 0.4181 seconds.

==========================================================================================
Total parameters: NaN
Total memory (bytes): 212756
Total memory (MB): 0.20289993286132812
==========================================================================================

Entering LightGBM Stage 2 (Type Classifier) Training Loop

	Elapsed time is 0.1925 seconds.

==========================================================================================
Total parameters: NaN
Total memory (bytes): 313006
Total memory (MB): 0.2985057830810547
==========================================================================================

LightGBM Cascade Evaluation

--- Cascade Stage 1 (Detector) Standalone Metrics ---
Accuracy: 90.99% (24567/27000)
Per-Class Accuracy:
  No Thrust: 99.82% (21258/21296)
  Thrust: 58.01% (3309/5704)

Classification Report:
              precision    recall  f1-score   support

   No Thrust     0.8987    0.9982    0.9459     21296
      Thrust     0.9886    0.5801    0.7312      5704

    accuracy                         0.9099     27000
   macro avg     0.9437    0.7892    0.8385     27000
weighted avg     0.9177    0.9099    0.9005     27000


Confusion Matrix (rows = true, cols = predicted):
             P_No Thrust  P_Thrust
T_No Thrust        21258        38
T_Thrust            2395      3309

--- Cascade End-to-End (Stage1 -> Stage2 combined) Metrics ---
Accuracy: 90.98% (24564/27000)
Per-Class Accuracy:
  No Thrust: 99.82% (21258/21296)
  Chemical: 1.14% (5/438)
  Electric: 0.00% (0/1827)
  Impulsive: 95.99% (3301/3439)

Classification Report:
              precision    recall  f1-score   support

   No Thrust     0.8987    0.9982    0.9459     21296
    Chemical     1.0000    0.0114    0.0226       438
    Electric     0.0000    0.0000    0.0000      1827
   Impulsive     0.9877    0.9599    0.9736      3439

    accuracy                         0.9098     27000
   macro avg     0.7216    0.4924    0.4855     27000
weighted avg     0.8509    0.9098    0.8704     27000


Confusion Matrix (rows = true, cols = predicted):
             P_No Thrust  P_Chemical  P_Electric  P_Impulsive
T_No Thrust        21258           0           0           38
T_Chemical           432           5           0            1
T_Electric          1825           0           0            2
T_Impulsive          138           0           0         3301

Stage-2 type accuracy conditioned on correct stage-1 detection: 99.91% (3309 frames)
Stage-1 (detector-only) accuracy: 90.99%

LightGBM Cascade Inference Time	Elapsed time is 0.0872 seconds.

Entering XGBoost (joint) Training Loop

	Elapsed time is 4.8341 seconds.

==========================================================================================
Total parameters: NaN
Total memory (bytes): 2365144
Total memory (MB): 2.2555770874023438
==========================================================================================

XGBoost (joint) Validation
Accuracy: 90.66% (21215/23400)
Per-Class Accuracy:
  No Thrust: 99.74% (17781/17827)
  Chemical: 16.17% (65/402)
  Electric: 0.00% (0/1769)
  Impulsive: 99.03% (3369/3402)

Classification Report:
              precision    recall  f1-score   support

   No Thrust     0.8928    0.9974    0.9422     17827
    Chemical     0.9848    0.1617    0.2778       402
    Electric     0.0000    0.0000    0.0000      1769
   Impulsive     0.9860    0.9903    0.9881      3402

    accuracy                         0.9066     23400
   macro avg     0.7159    0.5374    0.5520     23400
weighted avg     0.8404    0.9066    0.8662     23400


Confusion Matrix (rows = true, cols = predicted):
             P_No Thrust  P_Chemical  P_Electric  P_Impulsive
T_No Thrust        17781           0           0           46
T_Chemical           335          65           0            2
T_Electric          1769           0           0            0
T_Impulsive           32           1           0         3369

XGBoost (joint) Inference Time	Elapsed time is 0.0980 seconds.

Entering XGBoost Stage 1 (Detector) Training Loop

	Elapsed time is 2.2660 seconds.

==========================================================================================
Total parameters: NaN
Total memory (bytes): 1234171
Total memory (MB): 1.176997184753418
==========================================================================================

Entering XGBoost Stage 2 (Type Classifier) Training Loop

	Elapsed time is 1.4758 seconds.

==========================================================================================
Total parameters: NaN
Total memory (bytes): 1605963
Total memory (MB): 1.5315656661987305
==========================================================================================

XGBoost Cascade Evaluation

--- Cascade Stage 1 (Detector) Standalone Metrics ---
Accuracy: 91.21% (24627/27000)
Per-Class Accuracy:
  No Thrust: 99.81% (21255/21296)
  Thrust: 59.12% (3372/5704)

Classification Report:
              precision    recall  f1-score   support

   No Thrust     0.9011    0.9981    0.9471     21296
      Thrust     0.9880    0.5912    0.7397      5704

    accuracy                         0.9121     27000
   macro avg     0.9446    0.7946    0.8434     27000
weighted avg     0.9195    0.9121    0.9033     27000


Confusion Matrix (rows = true, cols = predicted):
             P_No Thrust  P_Thrust
T_No Thrust        21255        41
T_Thrust            2332      3372

--- Cascade End-to-End (Stage1 -> Stage2 combined) Metrics ---
Accuracy: 91.17% (24615/27000)
Per-Class Accuracy:
  No Thrust: 99.81% (21255/21296)
  Chemical: 5.48% (24/438)
  Electric: 0.00% (0/1827)
  Impulsive: 97.00% (3336/3439)

Classification Report:
              precision    recall  f1-score   support

   No Thrust     0.9011    0.9981    0.9471     21296
    Chemical     0.9600    0.0548    0.1037       438
    Electric     0.0000    0.0000    0.0000      1827
   Impulsive     0.9864    0.9700    0.9782      3439

    accuracy                         0.9117     27000
   macro avg     0.7119    0.5057    0.5072     27000
weighted avg     0.8520    0.9117    0.8733     27000


Confusion Matrix (rows = true, cols = predicted):
             P_No Thrust  P_Chemical  P_Electric  P_Impulsive
T_No Thrust        21255           0           0           41
T_Chemical           409          24           0            5
T_Electric          1827           0           0            0
T_Impulsive           96           1           6         3336

Stage-2 type accuracy conditioned on correct stage-1 detection: 99.64% (3372 frames)
Stage-1 (detector-only) accuracy: 91.21%

XGBoost Cascade Inference Time	Elapsed time is 0.1437 seconds.

Entering CatBoost (joint) Training Loop

	Elapsed time is 7.6699 seconds.

==========================================================================================
Total parameters: NaN
Total memory (bytes): 542133
Total memory (MB): 0.5170183181762695
==========================================================================================

CatBoost (joint) Validation
Accuracy: 90.28% (21125/23400)
Per-Class Accuracy:
  No Thrust: 99.72% (17777/17827)
  Chemical: 0.00% (0/402)
  Electric: 0.00% (0/1769)
  Impulsive: 98.41% (3348/3402)

Classification Report:
              precision    recall  f1-score   support

   No Thrust     0.8890    0.9972    0.9400     17827
    Chemical     0.0000    0.0000    0.0000       402
    Electric     0.0000    0.0000    0.0000      1769
   Impulsive     0.9841    0.9841    0.9841      3402

    accuracy                         0.9028     23400
   macro avg     0.4683    0.4953    0.4810     23400
weighted avg     0.8203    0.9028    0.8592     23400


Confusion Matrix (rows = true, cols = predicted):
             P_No Thrust  P_Chemical  P_Electric  P_Impulsive
T_No Thrust        17777           0           0           50
T_Chemical           402           0           0            0
T_Electric          1765           0           0            4
T_Impulsive           53           1           0         3348

CatBoost (joint) Inference Time	Elapsed time is 0.0385 seconds.

Entering CatBoost Stage 1 (Detector) Training Loop

	Elapsed time is 3.9503 seconds.

==========================================================================================
Total parameters: NaN
Total memory (bytes): 337269
Total memory (MB): 0.32164478302001953
==========================================================================================

Entering CatBoost Stage 2 (Type Classifier) Training Loop

	Elapsed time is 2.4643 seconds.

==========================================================================================
Total parameters: NaN
Total memory (bytes): 439389
Total memory (MB): 0.4190340042114258
==========================================================================================

CatBoost Cascade Evaluation

--- Cascade Stage 1 (Detector) Standalone Metrics ---
Accuracy: 90.99% (24567/27000)
Per-Class Accuracy:
  No Thrust: 99.55% (21201/21296)
  Thrust: 59.01% (3366/5704)

Classification Report:
              precision    recall  f1-score   support

   No Thrust     0.9007    0.9955    0.9457     21296
      Thrust     0.9726    0.5901    0.7345      5704

    accuracy                         0.9099     27000
   macro avg     0.9366    0.7928    0.8401     27000
weighted avg     0.9159    0.9099    0.9011     27000


Confusion Matrix (rows = true, cols = predicted):
             P_No Thrust  P_Thrust
T_No Thrust        21201        95
T_Thrust            2338      3366

--- Cascade End-to-End (Stage1 -> Stage2 combined) Metrics ---
Accuracy: 90.95% (24556/27000)
Per-Class Accuracy:
  No Thrust: 99.55% (21201/21296)
  Chemical: 0.00% (0/438)
  Electric: 0.00% (0/1827)
  Impulsive: 97.56% (3355/3439)

Classification Report:
              precision    recall  f1-score   support

   No Thrust     0.9007    0.9955    0.9457     21296
    Chemical     0.0000    0.0000    0.0000       438
    Electric     0.0000    0.0000    0.0000      1827
   Impulsive     0.9694    0.9756    0.9725      3439

    accuracy                         0.9095     27000
   macro avg     0.4675    0.4928    0.4795     27000
weighted avg     0.8339    0.9095    0.8698     27000


Confusion Matrix (rows = true, cols = predicted):
             P_No Thrust  P_Chemical  P_Electric  P_Impulsive
T_No Thrust        21201           0           0           95
T_Chemical           438           0           0            0
T_Electric          1816           0           0           11
T_Impulsive           84           0           0         3355

Stage-2 type accuracy conditioned on correct stage-1 detection: 99.67% (3366 frames)
Stage-1 (detector-only) accuracy: 90.99%

CatBoost Cascade Inference Time	Elapsed time is 0.0917 seconds.

Entering Random Forest (joint) Training Loop

	Elapsed time is 73.0751 seconds.

==========================================================================================
Total parameters: NaN
Total memory (bytes): 209709986
Total memory (MB): 199.99502754211426
==========================================================================================

Random Forest (joint) Validation
Accuracy: 90.23% (21113/23400)
Per-Class Accuracy:
  No Thrust: 99.47% (17732/17827)
  Chemical: 0.50% (2/402)
  Electric: 0.00% (0/1769)
  Impulsive: 99.32% (3379/3402)

Classification Report:
              precision    recall  f1-score   support

   No Thrust     0.8905    0.9947    0.9397     17827
    Chemical     1.0000    0.0050    0.0099       402
    Electric     0.0000    0.0000    0.0000      1769
   Impulsive     0.9693    0.9932    0.9811      3402

    accuracy                         0.9023     23400
   macro avg     0.7150    0.4982    0.4827     23400
weighted avg     0.8365    0.9023    0.8587     23400


Confusion Matrix (rows = true, cols = predicted):
             P_No Thrust  P_Chemical  P_Electric  P_Impulsive
T_No Thrust        17732           0           0           95
T_Chemical           398           2           0            2
T_Electric          1759           0           0           10
T_Impulsive           23           0           0         3379

Random Forest (joint) Inference Time	Elapsed time is 0.2141 seconds.

Entering Random Forest Stage 1 (Detector) Training Loop

	Elapsed time is 69.4065 seconds.

==========================================================================================
Total parameters: NaN
Total memory (bytes): 186522327
Total memory (MB): 177.88155269622803
==========================================================================================

Entering Random Forest Stage 2 (Type Classifier) Training Loop

	Elapsed time is 7.5634 seconds.

==========================================================================================
Total parameters: NaN
Total memory (bytes): 46044186
Total memory (MB): 43.91115760803223
==========================================================================================

Random Forest Cascade Evaluation

--- Cascade Stage 1 (Detector) Standalone Metrics ---
Accuracy: 91.08% (24591/27000)
Per-Class Accuracy:
  No Thrust: 99.51% (21192/21296)
  Thrust: 59.59% (3399/5704)

Classification Report:
              precision    recall  f1-score   support

   No Thrust     0.9019    0.9951    0.9462     21296
      Thrust     0.9703    0.5959    0.7384      5704

    accuracy                         0.9108     27000
   macro avg     0.9361    0.7955    0.8423     27000
weighted avg     0.9164    0.9108    0.9023     27000


Confusion Matrix (rows = true, cols = predicted):
             P_No Thrust  P_Thrust
T_No Thrust        21192       104
T_Thrust            2305      3399

--- Cascade End-to-End (Stage1 -> Stage2 combined) Metrics ---
Accuracy: 91.03% (24577/27000)
Per-Class Accuracy:
  No Thrust: 99.51% (21192/21296)
  Chemical: 0.23% (1/438)
  Electric: 0.00% (0/1827)
  Impulsive: 98.40% (3384/3439)

Classification Report:
              precision    recall  f1-score   support

   No Thrust     0.9019    0.9951    0.9462     21296
    Chemical     0.1250    0.0023    0.0045       438
    Electric     0.0000    0.0000    0.0000      1827
   Impulsive     0.9693    0.9840    0.9766      3439

    accuracy                         0.9103     27000
   macro avg     0.4991    0.4954    0.4818     27000
weighted avg     0.8369    0.9103    0.8708     27000


Confusion Matrix (rows = true, cols = predicted):
             P_No Thrust  P_Chemical  P_Electric  P_Impulsive
T_No Thrust        21192           7           2           95
T_Chemical           432           1           2            3
T_Electric          1818           0           0            9
T_Impulsive           55           0           0         3384

Stage-2 type accuracy conditioned on correct stage-1 detection: 99.59% (3399 frames)
Stage-1 (detector-only) accuracy: 91.08%

Random Forest Cascade Inference Time	Elapsed time is 0.3864 seconds.
