log_stem,log_relpath,model,final_val_accuracy,max_val_accuracy,best_epoch,epochs_trained,final_val_loss,params,memory_mb,training_time_s,early_stopping,lr_reductions,no_thrust_precision,no_thrust_recall,no_thrust_f1,chemical_precision,chemical_recall,chemical_f1,electric_precision,electric_recall,electric_f1,impulsive_precision,impulsive_recall,impulsive_f1,macro_avg_precision,macro_avg_recall,macro_avg_f1,weighted_avg_precision,weighted_avg_recall,weighted_avg_f1,t_no_thrust_precision,t_no_thrust_recall,t_no_thrust_f1,t_chemical_precision,t_chemical_recall,t_chemical_f1,t_electric_precision,t_electric_recall,t_electric_f1,t_impulsive_precision,t_impulsive_recall,t_impulsive_f1
30min1500SeqData_Energy_J2Energy_ResidLadder3_OE_Std_Test_geo_Seed2,leo/30min-1500/30min1500SeqData_Energy_J2Energy_ResidLadder3_OE_Std_Test_geo_Seed2.log,Decision Trees (LightGBM),74.78,74.78,1,1,0.5081,,0.41416454315185547,1.2364,False,0,0.9825,1.0,0.9912,0.5023,0.9911,0.6667,0.0,0.0,0.0,0.9912,1.0,0.9956,0.619,0.7478,0.6634,0.619,0.7478,0.6634,225.0,0.0,0.0,0.0,223.0,0.0,4.0,221.0,0.0,0.0,0.0,0.0
30min1500SeqData_Energy_J2Energy_ResidLadder3_OE_Std_Test_geo_Seed2,leo/30min-1500/30min1500SeqData_Energy_J2Energy_ResidLadder3_OE_Std_Test_geo_Seed2.log,MiniRocket,63.67,63.67,1,1,,9996.0,0.5815,23.4546,False,0,0.9883,0.7511,0.8535,0.4151,1.0,0.5867,0.9158,0.3867,0.5437,1.0,0.4089,0.5804,0.8298,0.6367,0.6411,0.8298,0.6367,0.6411,169.0,48.0,8.0,0.0,225.0,0.0,2.0,136.0,87.0,0.0,133.0,0.0
30min1500SeqData_Energy_J2Energy_ResidLadder3_OE_Std_Test_geo_Seed2,leo/30min-1500/30min1500SeqData_Energy_J2Energy_ResidLadder3_OE_Std_Test_geo_Seed2.log,LSTM,25.0,96.0,32,43,6.5259,94780.0,0.723114013671875,121.5822,True,0,0.25,1.0,0.4,0.0,0.0,0.0,0.0,0.0,0.0,0.0,0.0,0.0,0.0625,0.25,0.1,0.0625,0.25,0.1,225.0,0.0,0.0,225.0,0.0,0.0,225.0,0.0,0.0,225.0,0.0,0.0
30min1500SeqData_Energy_J2Energy_ResidLadder3_OE_Std_Test_geo_Seed2,leo/30min-1500/30min1500SeqData_Energy_J2Energy_ResidLadder3_OE_Std_Test_geo_Seed2.log,Mamba,25.0,92.33,16,20,4.8123,25018.0,0.1908721923828125,68.3145,True,0,0.0,0.0,0.0,0.0,0.0,0.0,0.25,1.0,0.4,0.0,0.0,0.0,0.0625,0.25,0.1,0.0625,0.25,0.1,0.0,0.0,225.0,0.0,0.0,225.0,0.0,0.0,225.0,0.0,0.0,225.0
30min1500SeqData_Energy_J2Energy_ResidLadder3_OE_Std_Test_geo_Seed2,leo/30min-1500/30min1500SeqData_Energy_J2Energy_ResidLadder3_OE_Std_Test_geo_Seed2.log,Transformer,25.0,95.33,38,57,5.8802,405132.0,3.090911865234375,83.9571,True,0,0.25,1.0,0.4,0.0,0.0,0.0,0.0,0.0,0.0,0.0,0.0,0.0,0.0625,0.25,0.1,0.0625,0.25,0.1,225.0,0.0,0.0,225.0,0.0,0.0,225.0,0.0,0.0,225.0,0.0,0.0
30min1500SeqData_Energy_J2Energy_ResidLadder3_OE_Std_Test_geo_Seed2,leo/30min-1500/30min1500SeqData_Energy_J2Energy_ResidLadder3_OE_Std_Test_geo_Seed2.log,1D-CNN (InceptionTime),25.0,96.78,30,33,9.6272,473668.0,3.613800048828125,242.2828,True,0,0.25,1.0,0.4,0.0,0.0,0.0,0.0,0.0,0.0,0.0,0.0,0.0,0.0625,0.25,0.1,0.0625,0.25,0.1,225.0,0.0,0.0,225.0,0.0,0.0,225.0,0.0,0.0,225.0,0.0,0.0
30min1500SeqData_Std_Test_geo_Seed0,leo/30min-1500/30min1500SeqData_Std_Test_geo_Seed0.log,Decision Trees (LightGBM),25.0,25.0,1,1,1.415,,0.41649436950683594,0.596,False,0,0.0,0.0,0.0,0.25,0.9911,0.3993,0.0,0.0,0.0,0.25,0.0089,0.0172,0.125,0.25,0.1041,0.125,0.25,0.1041,0.0,223.0,0.0,0.0,223.0,0.0,0.0,223.0,0.0,0.0,223.0,0.0
30min1500SeqData_Std_Test_geo_Seed0,leo/30min-1500/30min1500SeqData_Std_Test_geo_Seed0.log,MiniRocket,25.0,25.0,1,1,,9996.0,0.5809,21.3776,False,0,0.0,0.0,0.0,0.25,1.0,0.4,0.0,0.0,0.0,0.0,0.0,0.0,0.0625,0.25,0.1,0.0625,0.25,0.1,0.0,225.0,0.0,0.0,225.0,0.0,0.0,225.0,0.0,0.0,225.0,0.0
30min1500SeqData_Std_Test_geo_Seed0,leo/30min-1500/30min1500SeqData_Std_Test_geo_Seed0.log,LSTM,25.0,25.0,1,18,1.3863,28660.0,0.218658447265625,31.516,True,0,0.25,0.1378,0.1777,0.0,0.0,0.0,0.25,0.3778,0.3009,0.25,0.4844,0.3298,0.1875,0.25,0.2021,0.1875,0.25,0.2021,31.0,0.0,85.0,31.0,0.0,85.0,31.0,0.0,85.0,31.0,0.0,85.0
30min1500SeqData_Std_Test_geo_Seed0,leo/30min-1500/30min1500SeqData_Std_Test_geo_Seed0.log,Mamba,25.0,25.11,9,27,1.3863,12208.0,0.0931396484375,101.1512,True,0,0.25,0.3156,0.279,0.25,0.5067,0.3348,0.25,0.1333,0.1739,0.25,0.0444,0.0755,0.25,0.25,0.2158,0.25,0.25,0.2158,71.0,114.0,30.0,71.0,114.0,30.0,71.0,114.0,30.0,71.0,114.0,30.0
30min1500SeqData_Std_Test_geo_Seed0,leo/30min-1500/30min1500SeqData_Std_Test_geo_Seed0.log,Transformer,25.0,25.0,1,15,1.3881,213092.0,1.625762939453125,19.6799,True,0,0.25,0.1244,0.1662,0.25,0.1289,0.1701,0.25,0.7467,0.3746,0.0,0.0,0.0,0.1875,0.25,0.1777,0.1875,0.25,0.1777,28.0,29.0,168.0,28.0,29.0,168.0,28.0,29.0,168.0,28.0,29.0,168.0
30min1500SeqData_Std_Test_geo_Seed0,leo/30min-1500/30min1500SeqData_Std_Test_geo_Seed0.log,1D-CNN (InceptionTime),25.0,25.0,1,31,1.3863,472708.0,3.606475830078125,225.8473,True,0,0.0,0.0,0.0,0.0,0.0,0.0,0.25,0.0267,0.0482,0.25,0.9733,0.3978,0.125,0.25,0.1115,0.125,0.25,0.1115,0.0,0.0,6.0,0.0,0.0,6.0,0.0,0.0,6.0,0.0,0.0,6.0
30min1500SeqData_Energy_J2Energy_OE_Std_Test_geo_Seed2,leo/30min-1500/30min1500SeqData_Energy_J2Energy_OE_Std_Test_geo_Seed2.log,Decision Trees (LightGBM),25.0,25.0,1,1,1.795,,0.4114408493041992,0.9105,False,0,0.0,0.0,0.0,0.25,1.0,0.4,0.0,0.0,0.0,0.0,0.0,0.0,0.0625,0.25,0.1,0.0625,0.25,0.1,0.0,225.0,0.0,0.0,225.0,0.0,0.0,225.0,0.0,0.0,225.0,0.0
30min1500SeqData_Energy_J2Energy_OE_Std_Test_geo_Seed2,leo/30min-1500/30min1500SeqData_Energy_J2Energy_OE_Std_Test_geo_Seed2.log,MiniRocket,41.44,41.44,1,1,,9996.0,0.5813,22.7591,False,0,0.9308,0.6578,0.7708,0.0,0.0,0.0,0.0,0.0,0.0,0.3036,1.0,0.4658,0.3086,0.4144,0.3092,0.3086,0.4144,0.3092,148.0,0.0,0.0,0.0,0.0,0.0,11.0,0.0,0.0,0.0,0.0,0.0
30min1500SeqData_Energy_J2Energy_OE_Std_Test_geo_Seed2,leo/30min-1500/30min1500SeqData_Energy_J2Energy_OE_Std_Test_geo_Seed2.log,LSTM,25.0,77.44,72,75,1.9074,50500.0,0.385284423828125,164.1834,True,0,0.0,0.0,0.0,0.25,1.0,0.4,0.0,0.0,0.0,0.0,0.0,0.0,0.0625,0.25,0.1,0.0625,0.25,0.1,0.0,225.0,0.0,0.0,225.0,0.0,0.0,225.0,0.0,0.0,225.0,0.0
30min1500SeqData_Energy_J2Energy_OE_Std_Test_geo_Seed2,leo/30min-1500/30min1500SeqData_Energy_J2Energy_OE_Std_Test_geo_Seed2.log,Mamba,25.0,56.67,47,58,8.758,17044.0,0.130035400390625,200.2225,True,0,0.0,0.0,0.0,0.25,1.0,0.4,0.0,0.0,0.0,0.0,0.0,0.0,0.0625,0.25,0.1,0.0625,0.25,0.1,0.0,225.0,0.0,0.0,225.0,0.0,0.0,225.0,0.0,0.0,225.0,0.0
30min1500SeqData_Energy_J2Energy_OE_Std_Test_geo_Seed2,leo/30min-1500/30min1500SeqData_Energy_J2Energy_OE_Std_Test_geo_Seed2.log,Transformer,25.0,93.44,58,69,6.3423,288324.0,2.199737548828125,98.5881,True,0,0.0,0.0,0.0,0.0,0.0,0.0,0.25,1.0,0.4,0.0,0.0,0.0,0.0625,0.25,0.1,0.0625,0.25,0.1,0.0,0.0,225.0,0.0,0.0,225.0,0.0,0.0,225.0,0.0,0.0,225.0
30min1500SeqData_Energy_J2Energy_OE_Std_Test_geo_Seed2,leo/30min-1500/30min1500SeqData_Energy_J2Energy_OE_Std_Test_geo_Seed2.log,1D-CNN (InceptionTime),25.0,92.56,45,47,2.4427,473092.0,3.609405517578125,347.325,True,0,0.0,0.0,0.0,0.0,0.0,0.0,0.25,1.0,0.4,0.0,0.0,0.0,0.0625,0.25,0.1,0.0625,0.25,0.1,0.0,0.0,225.0,0.0,0.0,225.0,0.0,0.0,225.0,0.0,0.0,225.0
30min1500SeqData_Energy_J2Energy_OE_Std_Test_geo_Seed1,leo/30min-1500/30min1500SeqData_Energy_J2Energy_OE_Std_Test_geo_Seed1.log,Decision Trees (LightGBM),25.0,25.0,1,1,1.908,,0.4116182327270508,0.9044,False,0,0.0,0.0,0.0,0.25,1.0,0.4,0.0,0.0,0.0,0.0,0.0,0.0,0.0625,0.25,0.1,0.0625,0.25,0.1,0.0,225.0,0.0,0.0,225.0,0.0,0.0,225.0,0.0,0.0,225.0,0.0
30min1500SeqData_Energy_J2Energy_OE_Std_Test_geo_Seed1,leo/30min-1500/30min1500SeqData_Energy_J2Energy_OE_Std_Test_geo_Seed1.log,MiniRocket,54.11,54.11,1,1,,9996.0,0.5815,23.2301,False,0,0.6032,1.0,0.7525,0.6667,0.9156,0.7715,0.3231,0.1867,0.2366,0.1591,0.0622,0.0895,0.438,0.5411,0.4625,0.438,0.5411,0.4625,225.0,0.0,0.0,5.0,206.0,12.0,111.0,0.0,42.0,32.0,103.0,76.0
30min1500SeqData_Energy_J2Energy_OE_Std_Test_geo_Seed1,leo/30min-1500/30min1500SeqData_Energy_J2Energy_OE_Std_Test_geo_Seed1.log,LSTM,25.0,89.67,98,101,7.5526,50500.0,0.385284423828125,222.8727,False,0,0.0,0.0,0.0,0.25,1.0,0.4,0.0,0.0,0.0,0.0,0.0,0.0,0.0625,0.25,0.1,0.0625,0.25,0.1,0.0,225.0,0.0,0.0,225.0,0.0,0.0,225.0,0.0,0.0,225.0,0.0
30min1500SeqData_Energy_J2Energy_OE_Std_Test_geo_Seed1,leo/30min-1500/30min1500SeqData_Energy_J2Energy_OE_Std_Test_geo_Seed1.log,Mamba,25.0,58.56,45,51,9.2274,17044.0,0.130035400390625,171.6455,True,0,0.0,0.0,0.0,0.25,1.0,0.4,0.0,0.0,0.0,0.0,0.0,0.0,0.0625,0.25,0.1,0.0625,0.25,0.1,0.0,225.0,0.0,0.0,225.0,0.0,0.0,225.0,0.0,0.0,225.0,0.0
30min1500SeqData_Energy_J2Energy_OE_Std_Test_geo_Seed1,leo/30min-1500/30min1500SeqData_Energy_J2Energy_OE_Std_Test_geo_Seed1.log,Transformer,25.0,94.0,32,43,5.6517,288324.0,2.199737548828125,59.5231,True,0,0.0,0.0,0.0,0.0,0.0,0.0,0.25,1.0,0.4,0.0,0.0,0.0,0.0625,0.25,0.1,0.0625,0.25,0.1,0.0,0.0,225.0,0.0,0.0,225.0,0.0,0.0,225.0,0.0,0.0,225.0
30min1500SeqData_Energy_J2Energy_OE_Std_Test_geo_Seed1,leo/30min-1500/30min1500SeqData_Energy_J2Energy_OE_Std_Test_geo_Seed1.log,1D-CNN (InceptionTime),25.0,92.44,49,62,2.5318,473092.0,3.609405517578125,460.5444,True,0,0.0,0.0,0.0,0.25,1.0,0.4,0.0,0.0,0.0,0.0,0.0,0.0,0.0625,0.25,0.1,0.0625,0.25,0.1,0.0,225.0,0.0,0.0,225.0,0.0,0.0,225.0,0.0,0.0,225.0,0.0
30min1500SeqData_Energy_J2Energy_OE_Std_EvalTest_Seed1,leo/30min-1500/30min1500SeqData_Energy_J2Energy_OE_Std_EvalTest_Seed1.log,Decision Trees (LightGBM),63.44,63.44,1,1,0.9723,,0.4116182327270508,0.9047,False,0,0.5068,0.6667,0.5758,0.9181,0.9467,0.9322,0.441,0.3156,0.3679,0.6493,0.6089,0.6284,0.6288,0.6344,0.6261,0.6288,0.6344,0.6261,150.0,4.0,43.0,0.0,213.0,1.0,115.0,4.0,71.0,31.0,11.0,46.0
30min1500SeqData_Energy_J2Energy_OE_Std_EvalTest_Seed1,leo/30min-1500/30min1500SeqData_Energy_J2Energy_OE_Std_EvalTest_Seed1.log,MiniRocket,92.22,92.22,1,1,,9996.0,0.5815,23.8844,False,0,0.7797,0.9911,0.8728,1.0,0.9778,0.9888,0.9881,0.7378,0.8448,0.9779,0.9822,0.98,0.9364,0.9222,0.9216,0.9364,0.9222,0.9216,223.0,0.0,2.0,0.0,220.0,0.0,59.0,0.0,166.0,4.0,0.0,0.0
30min1500SeqData_Energy_J2Energy_OE_Std_EvalTest_Seed1,leo/30min-1500/30min1500SeqData_Energy_J2Energy_OE_Std_EvalTest_Seed1.log,LSTM,89.89,89.89,101,101,0.2308,50500.0,0.385284423828125,222.9718,False,0,0.7695,0.8756,0.8191,1.0,0.9956,0.9978,0.8601,0.7378,0.7943,0.978,0.9867,0.9823,0.9019,0.8989,0.8984,0.9019,0.8989,0.8984,197.0,0.0,26.0,0.0,224.0,0.0,57.0,0.0,166.0,2.0,0.0,1.0
30min1500SeqData_Energy_J2Energy_OE_Std_EvalTest_Seed1,leo/30min-1500/30min1500SeqData_Energy_J2Energy_OE_Std_EvalTest_Seed1.log,Mamba,59.0,59.0,51,51,0.8593,17044.0,0.130035400390625,171.8886,True,0,0.5,0.4311,0.463,0.9075,0.9156,0.9115,0.3805,0.3467,0.3628,0.5474,0.6667,0.6012,0.5839,0.59,0.5846,0.5839,0.59,0.5846,97.0,3.0,84.0,1.0,206.0,1.0,75.0,6.0,78.0,21.0,12.0,42.0
30min1500SeqData_Energy_J2Energy_OE_Std_EvalTest_Seed1,leo/30min-1500/30min1500SeqData_Energy_J2Energy_OE_Std_EvalTest_Seed1.log,Transformer,93.67,94.0,32,43,0.138,288324.0,2.199737548828125,58.2861,True,0,0.8182,0.96,0.8834,1.0,1.0,1.0,0.9516,0.7867,0.8613,1.0,1.0,1.0,0.9424,0.9367,0.9362,0.9424,0.9367,0.9362,216.0,0.0,9.0,0.0,225.0,0.0,48.0,0.0,177.0,0.0,0.0,0.0
30min1500SeqData_Energy_J2Energy_OE_Std_EvalTest_Seed1,leo/30min-1500/30min1500SeqData_Energy_J2Energy_OE_Std_EvalTest_Seed1.log,1D-CNN (InceptionTime),93.44,93.44,55,55,0.1699,473092.0,3.609405517578125,408.6796,True,0,0.8427,0.9289,0.8837,0.9911,0.9911,0.9911,0.9212,0.8311,0.8738,0.9911,0.9867,0.9889,0.9365,0.9344,0.9344,0.9365,0.9344,0.9344,209.0,0.0,16.0,0.0,223.0,0.0,38.0,0.0,187.0,1.0,2.0,0.0
30min1500SeqData_Energy_J2Energy_ResidLadder3_OE_Std_Test_geo_Seed0,leo/30min-1500/30min1500SeqData_Energy_J2Energy_ResidLadder3_OE_Std_Test_geo_Seed0.log,Decision Trees (LightGBM),78.56,78.56,1,1,0.4056,,0.4139680862426758,1.2225,False,0,0.9956,1.0,0.9978,0.5396,1.0,0.7009,1.0,0.1422,0.249,1.0,1.0,1.0,0.8838,0.7856,0.7369,0.8838,0.7856,0.7369,225.0,0.0,0.0,0.0,225.0,0.0,1.0,192.0,32.0,0.0,0.0,0.0
30min1500SeqData_Energy_J2Energy_ResidLadder3_OE_Std_Test_geo_Seed0,leo/30min-1500/30min1500SeqData_Energy_J2Energy_ResidLadder3_OE_Std_Test_geo_Seed0.log,MiniRocket,59.22,59.22,1,1,,9996.0,0.5816,22.5086,False,0,1.0,0.1378,0.2422,0.5905,0.8267,0.6889,0.2925,0.4356,0.35,0.9954,0.9689,0.982,0.7196,0.5922,0.5658,0.7196,0.5922,0.5658,31.0,2.0,192.0,0.0,186.0,39.0,0.0,126.0,98.0,0.0,1.0,6.0
30min1500SeqData_Energy_J2Energy_ResidLadder3_OE_Std_Test_geo_Seed0,leo/30min-1500/30min1500SeqData_Energy_J2Energy_ResidLadder3_OE_Std_Test_geo_Seed0.log,LSTM,25.0,95.89,31,38,5.207,94780.0,0.723114013671875,106.9494,True,0,0.0,0.0,0.0,0.0,0.0,0.0,0.25,1.0,0.4,0.0,0.0,0.0,0.0625,0.25,0.1,0.0625,0.25,0.1,0.0,0.0,225.0,0.0,0.0,225.0,0.0,0.0,225.0,0.0,0.0,225.0
30min1500SeqData_Energy_J2Energy_ResidLadder3_OE_Std_Test_geo_Seed0,leo/30min-1500/30min1500SeqData_Energy_J2Energy_ResidLadder3_OE_Std_Test_geo_Seed0.log,Mamba,25.0,92.56,14,23,3.8658,25018.0,0.1908721923828125,79.6631,True,0,0.0,0.0,0.0,0.0,0.0,0.0,0.25,1.0,0.4,0.0,0.0,0.0,0.0625,0.25,0.1,0.0625,0.25,0.1,0.0,0.0,225.0,0.0,0.0,225.0,0.0,0.0,225.0,0.0,0.0,225.0
30min1500SeqData_Energy_J2Energy_ResidLadder3_OE_Std_Test_geo_Seed0,leo/30min-1500/30min1500SeqData_Energy_J2Energy_ResidLadder3_OE_Std_Test_geo_Seed0.log,Transformer,25.0,94.33,22,32,5.937,405132.0,3.090911865234375,43.3092,True,0,0.25,1.0,0.4,0.0,0.0,0.0,0.0,0.0,0.0,0.0,0.0,0.0,0.0625,0.25,0.1,0.0625,0.25,0.1,225.0,0.0,0.0,225.0,0.0,0.0,225.0,0.0,0.0,225.0,0.0,0.0
30min1500SeqData_Energy_J2Energy_ResidLadder3_OE_Std_Test_geo_Seed0,leo/30min-1500/30min1500SeqData_Energy_J2Energy_ResidLadder3_OE_Std_Test_geo_Seed0.log,1D-CNN (InceptionTime),25.0,96.67,22,35,6.1237,473668.0,3.613800048828125,257.2304,True,0,0.25,1.0,0.4,0.0,0.0,0.0,0.0,0.0,0.0,0.0,0.0,0.0,0.0625,0.25,0.1,0.0625,0.25,0.1,225.0,0.0,0.0,225.0,0.0,0.0,225.0,0.0,0.0,225.0,0.0,0.0
30min1500SeqData_Energy_J2Energy_OE_Std_EvalTest_Seed2,leo/30min-1500/30min1500SeqData_Energy_J2Energy_OE_Std_EvalTest_Seed2.log,Decision Trees (LightGBM),62.44,62.44,1,1,0.9473,,0.4114408493041992,0.8885,False,0,0.511,0.72,0.5978,0.9515,0.96,0.9558,0.3708,0.2933,0.3275,0.6629,0.5244,0.5856,0.6241,0.6244,0.6167,0.6241,0.6244,0.6167,162.0,0.0,40.0,1.0,216.0,1.0,129.0,0.0,66.0,25.0,11.0,71.0
30min1500SeqData_Energy_J2Energy_OE_Std_EvalTest_Seed2,leo/30min-1500/30min1500SeqData_Energy_J2Energy_OE_Std_EvalTest_Seed2.log,MiniRocket,91.89,91.89,1,1,,9996.0,0.5813,22.7381,False,0,0.7711,0.9733,0.8605,1.0,1.0,1.0,0.9538,0.7333,0.8291,1.0,0.9689,0.9842,0.9312,0.9189,0.9185,0.9312,0.9189,0.9185,219.0,0.0,6.0,0.0,225.0,0.0,60.0,0.0,165.0,5.0,0.0,2.0
30min1500SeqData_Energy_J2Energy_OE_Std_EvalTest_Seed2,leo/30min-1500/30min1500SeqData_Energy_J2Energy_OE_Std_EvalTest_Seed2.log,LSTM,75.0,77.44,72,75,0.3603,50500.0,0.385284423828125,164.0473,True,0,0.5714,0.0178,0.0345,1.0,0.9956,0.9978,0.5011,0.9867,0.6647,0.9956,1.0,0.9978,0.767,0.75,0.6737,0.767,0.75,0.6737,4.0,0.0,221.0,0.0,224.0,0.0,3.0,0.0,222.0,0.0,0.0,0.0
30min1500SeqData_Energy_J2Energy_OE_Std_EvalTest_Seed2,leo/30min-1500/30min1500SeqData_Energy_J2Energy_OE_Std_EvalTest_Seed2.log,Mamba,60.67,60.67,58,58,0.8632,17044.0,0.130035400390625,202.2926,True,0,0.4853,0.5867,0.5312,0.9083,0.9244,0.9163,0.4065,0.2222,0.2874,0.5652,0.6933,0.6228,0.5913,0.6067,0.5894,0.5913,0.6067,0.5894,132.0,4.0,40.0,3.0,208.0,1.0,113.0,4.0,50.0,24.0,13.0,32.0
30min1500SeqData_Energy_J2Energy_OE_Std_EvalTest_Seed2,leo/30min-1500/30min1500SeqData_Energy_J2Energy_OE_Std_EvalTest_Seed2.log,Transformer,92.0,93.44,58,69,0.1791,288324.0,2.199737548828125,96.0284,True,0,0.7611,0.9911,0.861,1.0,1.0,1.0,0.9873,0.6889,0.8115,1.0,1.0,1.0,0.9371,0.92,0.9181,0.9371,0.92,0.9181,223.0,0.0,2.0,0.0,225.0,0.0,70.0,0.0,155.0,0.0,0.0,0.0
30min1500SeqData_Energy_J2Energy_OE_Std_EvalTest_Seed2,leo/30min-1500/30min1500SeqData_Energy_J2Energy_OE_Std_EvalTest_Seed2.log,1D-CNN (InceptionTime),91.22,92.89,49,53,0.2374,473092.0,3.609405517578125,392.6187,True,0,0.7651,0.9556,0.8498,0.9912,0.9956,0.9933,0.9412,0.7111,0.8101,0.9955,0.9867,0.9911,0.9232,0.9122,0.9111,0.9232,0.9122,0.9111,215.0,0.0,10.0,0.0,224.0,0.0,65.0,0.0,160.0,1.0,2.0,0.0
30min1500SeqData_Energy_J2Energy_ResidLadder3_OE_Std_EvalTest_Seed2,leo/30min-1500/30min1500SeqData_Energy_J2Energy_ResidLadder3_OE_Std_EvalTest_Seed2.log,Decision Trees (LightGBM),93.11,93.11,1,1,0.3879,,0.41416454315185547,1.2382,False,0,0.8321,0.9689,0.8953,1.0,1.0,1.0,0.9275,0.7956,0.8565,0.9818,0.96,0.9708,0.9353,0.9311,0.9306,0.9353,0.9311,0.9306,218.0,0.0,7.0,0.0,225.0,0.0,42.0,0.0,179.0,2.0,0.0,7.0
30min1500SeqData_Energy_J2Energy_ResidLadder3_OE_Std_EvalTest_Seed2,leo/30min-1500/30min1500SeqData_Energy_J2Energy_ResidLadder3_OE_Std_EvalTest_Seed2.log,MiniRocket,94.11,94.11,1,1,,9996.0,0.5815,24.0003,False,0,0.8216,0.9822,0.8947,1.0,0.9956,0.9978,0.9779,0.7867,0.8719,0.9956,1.0,0.9978,0.9488,0.9411,0.9406,0.9488,0.9411,0.9406,221.0,0.0,4.0,0.0,224.0,0.0,48.0,0.0,177.0,0.0,0.0,0.0
30min1500SeqData_Energy_J2Energy_ResidLadder3_OE_Std_EvalTest_Seed2,leo/30min-1500/30min1500SeqData_Energy_J2Energy_ResidLadder3_OE_Std_EvalTest_Seed2.log,LSTM,95.56,96.0,32,43,0.1323,94780.0,0.723114013671875,121.359,True,0,0.8745,0.96,0.9153,1.0,1.0,1.0,0.9557,0.8622,0.9065,1.0,1.0,1.0,0.9575,0.9556,0.9554,0.9575,0.9556,0.9554,216.0,0.0,9.0,0.0,225.0,0.0,31.0,0.0,194.0,0.0,0.0,0.0
30min1500SeqData_Energy_J2Energy_ResidLadder3_OE_Std_EvalTest_Seed2,leo/30min-1500/30min1500SeqData_Energy_J2Energy_ResidLadder3_OE_Std_EvalTest_Seed2.log,Mamba,89.78,92.33,16,20,0.281,25018.0,0.1908721923828125,67.4162,True,0,0.817,0.8133,0.8151,0.974,1.0,0.9868,0.8106,0.8178,0.8142,0.9908,0.96,0.9752,0.8981,0.8978,0.8978,0.8981,0.8978,0.8978,183.0,0.0,41.0,0.0,225.0,0.0,38.0,2.0,184.0,3.0,4.0,2.0
30min1500SeqData_Energy_J2Energy_ResidLadder3_OE_Std_EvalTest_Seed2,leo/30min-1500/30min1500SeqData_Energy_J2Energy_ResidLadder3_OE_Std_EvalTest_Seed2.log,Transformer,94.33,95.33,38,57,0.1418,405132.0,3.090911865234375,81.3502,True,0,0.8246,0.9822,0.8966,1.0,1.0,1.0,0.978,0.7911,0.8747,1.0,1.0,1.0,0.9507,0.9433,0.9428,0.9507,0.9433,0.9428,221.0,0.0,4.0,0.0,225.0,0.0,47.0,0.0,178.0,0.0,0.0,0.0
30min1500SeqData_Energy_J2Energy_ResidLadder3_OE_Std_EvalTest_Seed2,leo/30min-1500/30min1500SeqData_Energy_J2Energy_ResidLadder3_OE_Std_EvalTest_Seed2.log,1D-CNN (InceptionTime),95.67,96.89,32,35,0.1252,473668.0,3.613800048828125,256.9349,True,0,0.8941,0.9378,0.9154,1.0,1.0,1.0,0.9346,0.8889,0.9112,1.0,1.0,1.0,0.9572,0.9567,0.9566,0.9572,0.9567,0.9566,211.0,0.0,14.0,0.0,225.0,0.0,25.0,0.0,200.0,0.0,0.0,0.0
30min1500SeqData_Std_EvalTest_Seed1,leo/30min-1500/30min1500SeqData_Std_EvalTest_Seed1.log,Decision Trees (LightGBM),25.22,25.22,1,1,1.3863,,0.41657543182373047,0.5791,False,0,0.2516,0.3467,0.2916,0.2598,0.2356,0.2471,0.2487,0.2178,0.2322,0.2487,0.2089,0.2271,0.2522,0.2522,0.2495,0.2522,0.2522,0.2495,78.0,51.0,49.0,76.0,53.0,48.0,78.0,51.0,49.0,78.0,49.0,51.0
30min1500SeqData_Std_EvalTest_Seed1,leo/30min-1500/30min1500SeqData_Std_EvalTest_Seed1.log,MiniRocket,26.11,26.11,1,1,,9996.0,0.581,21.5484,False,0,0.2664,0.2711,0.2687,0.2632,0.4667,0.3365,0.2443,0.1422,0.1798,0.2624,0.1644,0.2022,0.2591,0.2611,0.2468,0.2591,0.2611,0.2468,61.0,98.0,32.0,51.0,105.0,35.0,59.0,98.0,32.0,58.0,98.0,32.0
30min1500SeqData_Std_EvalTest_Seed1,leo/30min-1500/30min1500SeqData_Std_EvalTest_Seed1.log,LSTM,25.0,25.0,1,25,1.3863,28660.0,0.218658447265625,44.4555,True,0,0.0,0.0,0.0,0.0,0.0,0.0,0.0,0.0,0.0,0.25,1.0,0.4,0.0625,0.25,0.1,0.0625,0.25,0.1,0.0,0.0,0.0,0.0,0.0,0.0,0.0,0.0,0.0,0.0,0.0,0.0
30min1500SeqData_Std_EvalTest_Seed1,leo/30min-1500/30min1500SeqData_Std_EvalTest_Seed1.log,Mamba,25.0,25.11,1,13,1.3863,12208.0,0.0931396484375,49.5955,True,0,0.25,0.2267,0.2378,0.25,0.2756,0.2622,0.25,0.4489,0.3211,0.25,0.0489,0.0818,0.25,0.25,0.2257,0.25,0.25,0.2257,51.0,62.0,101.0,51.0,62.0,101.0,51.0,62.0,101.0,51.0,62.0,101.0
30min1500SeqData_Std_EvalTest_Seed1,leo/30min-1500/30min1500SeqData_Std_EvalTest_Seed1.log,Transformer,25.0,25.0,1,30,1.3864,213092.0,1.625762939453125,41.5139,True,0,0.0,0.0,0.0,0.0,0.0,0.0,0.25,1.0,0.4,0.0,0.0,0.0,0.0625,0.25,0.1,0.0625,0.25,0.1,0.0,0.0,225.0,0.0,0.0,225.0,0.0,0.0,225.0,0.0,0.0,225.0
30min1500SeqData_Std_EvalTest_Seed1,leo/30min-1500/30min1500SeqData_Std_EvalTest_Seed1.log,1D-CNN (InceptionTime),25.0,25.0,1,29,1.3864,472708.0,3.606475830078125,211.2204,True,0,0.0,0.0,0.0,0.0,0.0,0.0,0.25,1.0,0.4,0.0,0.0,0.0,0.0625,0.25,0.1,0.0625,0.25,0.1,0.0,0.0,225.0,0.0,0.0,225.0,0.0,0.0,225.0,0.0,0.0,225.0
30min1500SeqData_Energy_J2Energy_OE_Std_EvalTest_Seed0,leo/30min-1500/30min1500SeqData_Energy_J2Energy_OE_Std_EvalTest_Seed0.log,Decision Trees (LightGBM),65.11,65.11,1,1,0.9127,,0.4115791320800781,0.8873,False,0,0.5286,0.6978,0.6015,0.9863,0.96,0.973,0.4112,0.3911,0.4009,0.7353,0.5556,0.6329,0.6654,0.6511,0.6521,0.6654,0.6511,0.6521,157.0,0.0,52.0,1.0,216.0,1.0,115.0,0.0,88.0,24.0,3.0,73.0
30min1500SeqData_Energy_J2Energy_OE_Std_EvalTest_Seed0,leo/30min-1500/30min1500SeqData_Energy_J2Energy_OE_Std_EvalTest_Seed0.log,MiniRocket,93.33,93.33,1,1,,9996.0,0.5813,22.9832,False,0,0.834,0.9378,0.8828,1.0,0.9911,0.9955,0.9212,0.8311,0.8738,0.991,0.9733,0.9821,0.9365,0.9333,0.9336,0.9365,0.9333,0.9336,211.0,0.0,14.0,0.0,223.0,0.0,38.0,0.0,187.0,4.0,0.0,2.0
30min1500SeqData_Energy_J2Energy_OE_Std_EvalTest_Seed0,leo/30min-1500/30min1500SeqData_Energy_J2Energy_OE_Std_EvalTest_Seed0.log,LSTM,86.89,86.89,89,89,0.3013,50500.0,0.385284423828125,195.4332,True,0,0.8119,0.7289,0.7681,0.9912,0.9956,0.9933,0.7404,0.7733,0.7565,0.9283,0.9778,0.9524,0.8679,0.8689,0.8676,0.8679,0.8689,0.8676,164.0,0.0,58.0,0.0,224.0,0.0,38.0,0.0,174.0,0.0,2.0,3.0
30min1500SeqData_Energy_J2Energy_OE_Std_EvalTest_Seed0,leo/30min-1500/30min1500SeqData_Energy_J2Energy_OE_Std_EvalTest_Seed0.log,Mamba,60.56,60.56,76,76,0.9029,17044.0,0.130035400390625,256.9957,True,0,0.4876,0.6133,0.5433,0.9048,0.9289,0.9167,0.4412,0.2,0.2752,0.5387,0.68,0.6012,0.5931,0.6056,0.5841,0.5931,0.6056,0.5841,138.0,1.0,34.0,1.0,209.0,1.0,111.0,4.0,45.0,33.0,17.0,22.0
30min1500SeqData_Energy_J2Energy_OE_Std_EvalTest_Seed0,leo/30min-1500/30min1500SeqData_Energy_J2Energy_OE_Std_EvalTest_Seed0.log,Transformer,94.89,94.89,101,101,0.1251,288324.0,2.199737548828125,140.7319,False,0,0.8653,0.9422,0.9021,1.0,1.0,1.0,0.9366,0.8533,0.893,1.0,1.0,1.0,0.9505,0.9489,0.9488,0.9505,0.9489,0.9488,212.0,0.0,13.0,0.0,225.0,0.0,33.0,0.0,192.0,0.0,0.0,0.0
30min1500SeqData_Energy_J2Energy_OE_Std_EvalTest_Seed0,leo/30min-1500/30min1500SeqData_Energy_J2Energy_OE_Std_EvalTest_Seed0.log,1D-CNN (InceptionTime),95.0,95.0,57,69,0.1548,473092.0,3.609405517578125,513.2729,True,0,0.8819,0.9289,0.9048,0.9956,1.0,0.9978,0.9249,0.8756,0.8995,1.0,0.9956,0.9978,0.9506,0.95,0.95,0.9506,0.95,0.95,209.0,0.0,16.0,0.0,225.0,0.0,28.0,0.0,197.0,0.0,1.0,0.0
30min1500SeqData_Std_Test_geo_Seed1,leo/30min-1500/30min1500SeqData_Std_Test_geo_Seed1.log,Decision Trees (LightGBM),25.0,25.0,1,1,1.4261,,0.41657543182373047,0.5792,False,0,0.0,0.0,0.0,0.25,0.9822,0.3986,0.0,0.0,0.0,0.25,0.0178,0.0332,0.125,0.25,0.1079,0.125,0.25,0.1079,0.0,221.0,0.0,0.0,221.0,0.0,0.0,221.0,0.0,0.0,221.0,0.0
30min1500SeqData_Std_Test_geo_Seed1,leo/30min-1500/30min1500SeqData_Std_Test_geo_Seed1.log,MiniRocket,25.0,25.0,1,1,,9996.0,0.581,22.6629,False,0,0.0,0.0,0.0,0.25,1.0,0.4,0.0,0.0,0.0,0.0,0.0,0.0,0.0625,0.25,0.1,0.0625,0.25,0.1,0.0,225.0,0.0,0.0,225.0,0.0,0.0,225.0,0.0,0.0,225.0,0.0
30min1500SeqData_Std_Test_geo_Seed1,leo/30min-1500/30min1500SeqData_Std_Test_geo_Seed1.log,LSTM,25.0,25.0,1,25,1.3864,28660.0,0.218658447265625,44.3318,True,0,0.25,0.0667,0.1053,0.25,0.4044,0.309,0.25,0.0044,0.0087,0.25,0.5244,0.3386,0.25,0.25,0.1904,0.25,0.25,0.1904,15.0,91.0,1.0,15.0,91.0,1.0,15.0,91.0,1.0,15.0,91.0,1.0
30min1500SeqData_Std_Test_geo_Seed1,leo/30min-1500/30min1500SeqData_Std_Test_geo_Seed1.log,Mamba,25.0,25.11,1,13,1.3863,12208.0,0.0931396484375,44.7889,True,0,0.25,0.2667,0.2581,0.25,0.1556,0.1918,0.25,0.5778,0.349,0.0,0.0,0.0,0.1875,0.25,0.1997,0.1875,0.25,0.1997,60.0,35.0,130.0,60.0,35.0,130.0,60.0,35.0,130.0,60.0,35.0,130.0
30min1500SeqData_Std_Test_geo_Seed1,leo/30min-1500/30min1500SeqData_Std_Test_geo_Seed1.log,Transformer,25.0,25.0,1,30,1.3864,213092.0,1.625762939453125,40.7242,True,0,0.25,0.2933,0.2699,0.25,0.0044,0.0087,0.25,0.7022,0.3687,0.0,0.0,0.0,0.1875,0.25,0.1619,0.1875,0.25,0.1619,66.0,1.0,158.0,66.0,1.0,158.0,66.0,1.0,158.0,66.0,1.0,158.0
30min1500SeqData_Std_Test_geo_Seed1,leo/30min-1500/30min1500SeqData_Std_Test_geo_Seed1.log,1D-CNN (InceptionTime),25.0,25.0,1,34,1.3863,472708.0,3.606475830078125,248.6458,True,0,0.0,0.0,0.0,0.25,0.8933,0.3907,0.25,0.1067,0.1495,0.0,0.0,0.0,0.125,0.25,0.1351,0.125,0.25,0.1351,0.0,201.0,24.0,0.0,201.0,24.0,0.0,201.0,24.0,0.0,201.0,24.0
30min1500SeqData_Energy_J2Energy_ResidLadder3_OE_Std_Test_geo_Seed1,leo/30min-1500/30min1500SeqData_Energy_J2Energy_ResidLadder3_OE_Std_Test_geo_Seed1.log,Decision Trees (LightGBM),75.0,75.0,1,1,0.5099,,0.4142475128173828,1.2386,False,0,0.9868,1.0,0.9934,0.5034,1.0,0.6696,0.0,0.0,0.0,1.0,1.0,1.0,0.6225,0.75,0.6658,0.6225,0.75,0.6658,225.0,0.0,0.0,0.0,225.0,0.0,3.0,222.0,0.0,0.0,0.0,0.0
30min1500SeqData_Energy_J2Energy_ResidLadder3_OE_Std_Test_geo_Seed1,leo/30min-1500/30min1500SeqData_Energy_J2Energy_ResidLadder3_OE_Std_Test_geo_Seed1.log,MiniRocket,85.11,85.11,1,1,,9996.0,0.5818,24.3696,False,0,0.8523,1.0,0.9202,0.7031,1.0,0.8257,1.0,0.92,0.9583,1.0,0.4844,0.6527,0.8888,0.8511,0.8392,0.8888,0.8511,0.8392,225.0,0.0,0.0,0.0,225.0,0.0,16.0,2.0,207.0,23.0,93.0,0.0
30min1500SeqData_Energy_J2Energy_ResidLadder3_OE_Std_Test_geo_Seed1,leo/30min-1500/30min1500SeqData_Energy_J2Energy_ResidLadder3_OE_Std_Test_geo_Seed1.log,LSTM,25.0,95.78,38,49,3.3331,94780.0,0.723114013671875,138.8121,True,0,0.25,1.0,0.4,0.0,0.0,0.0,0.0,0.0,0.0,0.0,0.0,0.0,0.0625,0.25,0.1,0.0625,0.25,0.1,225.0,0.0,0.0,225.0,0.0,0.0,225.0,0.0,0.0,225.0,0.0,0.0
30min1500SeqData_Energy_J2Energy_ResidLadder3_OE_Std_Test_geo_Seed1,leo/30min-1500/30min1500SeqData_Energy_J2Energy_ResidLadder3_OE_Std_Test_geo_Seed1.log,Mamba,25.0,93.0,27,28,6.7536,25018.0,0.1908721923828125,94.2623,True,0,0.25,1.0,0.4,0.0,0.0,0.0,0.0,0.0,0.0,0.0,0.0,0.0,0.0625,0.25,0.1,0.0625,0.25,0.1,225.0,0.0,0.0,225.0,0.0,0.0,225.0,0.0,0.0,225.0,0.0,0.0
30min1500SeqData_Energy_J2Energy_ResidLadder3_OE_Std_Test_geo_Seed1,leo/30min-1500/30min1500SeqData_Energy_J2Energy_ResidLadder3_OE_Std_Test_geo_Seed1.log,Transformer,25.0,95.0,76,77,7.5524,405132.0,3.090911865234375,108.5776,True,0,0.0,0.0,0.0,0.0,0.0,0.0,0.25,1.0,0.4,0.0,0.0,0.0,0.0625,0.25,0.1,0.0625,0.25,0.1,0.0,0.0,225.0,0.0,0.0,225.0,0.0,0.0,225.0,0.0,0.0,225.0
30min1500SeqData_Energy_J2Energy_ResidLadder3_OE_Std_Test_geo_Seed1,leo/30min-1500/30min1500SeqData_Energy_J2Energy_ResidLadder3_OE_Std_Test_geo_Seed1.log,1D-CNN (InceptionTime),25.0,96.33,25,35,7.3982,473668.0,3.613800048828125,257.054,True,0,0.25,1.0,0.4,0.0,0.0,0.0,0.0,0.0,0.0,0.0,0.0,0.0,0.0625,0.25,0.1,0.0625,0.25,0.1,225.0,0.0,0.0,225.0,0.0,0.0,225.0,0.0,0.0,225.0,0.0,0.0
30min1500SeqData_Std_EvalTest_Seed0,leo/30min-1500/30min1500SeqData_Std_EvalTest_Seed0.log,Decision Trees (LightGBM),25.67,25.67,1,1,1.387,,0.41649436950683594,0.5666,False,0,0.2538,0.2978,0.274,0.261,0.3156,0.2857,0.2523,0.2489,0.2506,0.2606,0.1644,0.2016,0.2569,0.2567,0.253,0.2569,0.2567,0.253,67.0,67.0,56.0,65.0,71.0,53.0,68.0,67.0,56.0,64.0,67.0,57.0
30min1500SeqData_Std_EvalTest_Seed0,leo/30min-1500/30min1500SeqData_Std_EvalTest_Seed0.log,MiniRocket,24.56,24.56,1,1,,9996.0,0.5809,22.7016,False,0,0.259,0.1911,0.2199,0.2519,0.4533,0.3238,0.2267,0.1511,0.1813,0.2346,0.1867,0.2079,0.243,0.2456,0.2333,0.243,0.2456,0.2333,43.0,101.0,35.0,37.0,102.0,43.0,42.0,101.0,34.0,44.0,101.0,38.0
30min1500SeqData_Std_EvalTest_Seed0,leo/30min-1500/30min1500SeqData_Std_EvalTest_Seed0.log,LSTM,25.0,25.0,1,18,1.3863,28660.0,0.218658447265625,31.5352,True,0,0.0,0.0,0.0,0.0,0.0,0.0,0.0,0.0,0.0,0.25,1.0,0.4,0.0625,0.25,0.1,0.0625,0.25,0.1,0.0,0.0,0.0,0.0,0.0,0.0,0.0,0.0,0.0,0.0,0.0,0.0
30min1500SeqData_Std_EvalTest_Seed0,leo/30min-1500/30min1500SeqData_Std_EvalTest_Seed0.log,Mamba,25.0,25.11,9,27,1.3863,12208.0,0.0931396484375,96.3202,True,0,0.25,0.0356,0.0623,0.25,0.5422,0.3422,0.25,0.2,0.2222,0.25,0.2222,0.2353,0.25,0.25,0.2155,0.25,0.25,0.2155,8.0,122.0,45.0,8.0,122.0,45.0,8.0,122.0,45.0,8.0,122.0,45.0
30min1500SeqData_Std_EvalTest_Seed0,leo/30min-1500/30min1500SeqData_Std_EvalTest_Seed0.log,Transformer,25.0,25.0,1,15,1.3879,213092.0,1.625762939453125,19.4227,True,0,0.0,0.0,0.0,0.0,0.0,0.0,0.25,1.0,0.4,0.0,0.0,0.0,0.0625,0.25,0.1,0.0625,0.25,0.1,0.0,0.0,225.0,0.0,0.0,225.0,0.0,0.0,225.0,0.0,0.0,225.0
30min1500SeqData_Std_EvalTest_Seed0,leo/30min-1500/30min1500SeqData_Std_EvalTest_Seed0.log,1D-CNN (InceptionTime),25.0,25.0,1,31,1.3863,472708.0,3.606475830078125,225.8331,True,0,0.0,0.0,0.0,0.0,0.0,0.0,0.25,0.1289,0.1701,0.25,0.8711,0.3885,0.125,0.25,0.1396,0.125,0.25,0.1396,0.0,0.0,29.0,0.0,0.0,29.0,0.0,0.0,29.0,0.0,0.0,29.0
30min1500SeqData_Energy_J2Energy_ResidLadder3_OE_Std_EvalTest_Seed1,leo/30min-1500/30min1500SeqData_Energy_J2Energy_ResidLadder3_OE_Std_EvalTest_Seed1.log,Decision Trees (LightGBM),93.44,93.44,1,1,0.3799,,0.4142475128173828,1.2382,False,0,0.8549,0.9689,0.9083,0.9955,0.9822,0.9888,0.9154,0.8178,0.8638,0.982,0.9689,0.9754,0.937,0.9344,0.9341,0.937,0.9344,0.9341,218.0,0.0,7.0,0.0,221.0,3.0,37.0,1.0,184.0,0.0,0.0,7.0
30min1500SeqData_Energy_J2Energy_ResidLadder3_OE_Std_EvalTest_Seed1,leo/30min-1500/30min1500SeqData_Energy_J2Energy_ResidLadder3_OE_Std_EvalTest_Seed1.log,MiniRocket,93.33,93.33,1,1,,9996.0,0.5818,23.4491,False,0,0.8044,0.9689,0.879,1.0,1.0,1.0,0.9609,0.7644,0.8515,1.0,1.0,1.0,0.9413,0.9333,0.9326,0.9413,0.9333,0.9326,218.0,0.0,7.0,0.0,225.0,0.0,53.0,0.0,172.0,0.0,0.0,0.0
30min1500SeqData_Energy_J2Energy_ResidLadder3_OE_Std_EvalTest_Seed1,leo/30min-1500/30min1500SeqData_Energy_J2Energy_ResidLadder3_OE_Std_EvalTest_Seed1.log,LSTM,95.56,95.78,38,49,0.1193,94780.0,0.723114013671875,138.7603,True,0,0.8838,0.9467,0.9142,1.0,1.0,1.0,0.9426,0.8756,0.9078,1.0,1.0,1.0,0.9566,0.9556,0.9555,0.9566,0.9556,0.9555,213.0,0.0,12.0,0.0,225.0,0.0,28.0,0.0,197.0,0.0,0.0,0.0
30min1500SeqData_Energy_J2Energy_ResidLadder3_OE_Std_EvalTest_Seed1,leo/30min-1500/30min1500SeqData_Energy_J2Energy_ResidLadder3_OE_Std_EvalTest_Seed1.log,Mamba,92.44,93.0,27,28,0.3209,25018.0,0.1908721923828125,96.511,True,0,0.8485,0.8711,0.8596,0.9824,0.9911,0.9867,0.875,0.84,0.8571,0.9912,0.9956,0.9933,0.9243,0.9244,0.9242,0.9243,0.9244,0.9242,196.0,2.0,27.0,1.0,223.0,0.0,34.0,1.0,189.0,0.0,1.0,0.0
30min1500SeqData_Energy_J2Energy_ResidLadder3_OE_Std_EvalTest_Seed1,leo/30min-1500/30min1500SeqData_Energy_J2Energy_ResidLadder3_OE_Std_EvalTest_Seed1.log,Transformer,95.0,95.0,76,77,0.1225,405132.0,3.090911865234375,108.0432,True,0,0.8543,0.9644,0.9061,1.0,1.0,1.0,0.9592,0.8356,0.8931,1.0,1.0,1.0,0.9534,0.95,0.9498,0.9534,0.95,0.9498,217.0,0.0,8.0,0.0,225.0,0.0,37.0,0.0,188.0,0.0,0.0,0.0
30min1500SeqData_Energy_J2Energy_ResidLadder3_OE_Std_EvalTest_Seed1,leo/30min-1500/30min1500SeqData_Energy_J2Energy_ResidLadder3_OE_Std_EvalTest_Seed1.log,1D-CNN (InceptionTime),96.44,96.44,39,39,0.1097,473668.0,3.613800048828125,287.1717,True,0,0.9038,0.96,0.931,1.0,1.0,1.0,0.9573,0.8978,0.9266,1.0,1.0,1.0,0.9653,0.9644,0.9644,0.9653,0.9644,0.9644,216.0,0.0,9.0,0.0,225.0,0.0,23.0,0.0,202.0,0.0,0.0,0.0
30min1500SeqData_Energy_J2Energy_ResidLadder3_OE_Std_EvalTest_Seed0,leo/30min-1500/30min1500SeqData_Energy_J2Energy_ResidLadder3_OE_Std_EvalTest_Seed0.log,Decision Trees (LightGBM),92.89,92.89,1,1,0.3691,,0.4139680862426758,1.239,False,0,0.8452,0.9467,0.8931,1.0,1.0,1.0,0.8857,0.8267,0.8552,0.9953,0.9422,0.968,0.9316,0.9289,0.9291,0.9316,0.9289,0.9291,213.0,0.0,12.0,0.0,225.0,0.0,38.0,0.0,186.0,1.0,0.0,12.0
30min1500SeqData_Energy_J2Energy_ResidLadder3_OE_Std_EvalTest_Seed0,leo/30min-1500/30min1500SeqData_Energy_J2Energy_ResidLadder3_OE_Std_EvalTest_Seed0.log,MiniRocket,95.22,95.22,1,1,,9996.0,0.5816,22.5373,False,0,0.8704,0.9556,0.911,1.0,1.0,1.0,0.9463,0.8622,0.9023,1.0,0.9911,0.9955,0.9542,0.9522,0.9522,0.9542,0.9522,0.9522,215.0,0.0,10.0,0.0,225.0,0.0,31.0,0.0,194.0,1.0,0.0,1.0
30min1500SeqData_Energy_J2Energy_ResidLadder3_OE_Std_EvalTest_Seed0,leo/30min-1500/30min1500SeqData_Energy_J2Energy_ResidLadder3_OE_Std_EvalTest_Seed0.log,LSTM,95.78,95.89,31,38,0.1157,94780.0,0.723114013671875,106.9168,True,0,0.9013,0.9333,0.917,1.0,1.0,1.0,0.9309,0.8978,0.914,1.0,1.0,1.0,0.958,0.9578,0.9578,0.958,0.9578,0.9578,210.0,0.0,15.0,0.0,225.0,0.0,23.0,0.0,202.0,0.0,0.0,0.0
30min1500SeqData_Energy_J2Energy_ResidLadder3_OE_Std_EvalTest_Seed0,leo/30min-1500/30min1500SeqData_Energy_J2Energy_ResidLadder3_OE_Std_EvalTest_Seed0.log,Mamba,93.56,93.56,23,23,0.1903,25018.0,0.1908721923828125,76.6473,True,0,0.8613,0.9111,0.8855,0.9956,0.9956,0.9956,0.892,0.8444,0.8676,0.9955,0.9911,0.9933,0.9361,0.9356,0.9355,0.9361,0.9356,0.9355,205.0,0.0,20.0,0.0,224.0,1.0,33.0,1.0,190.0,0.0,0.0,2.0
30min1500SeqData_Energy_J2Energy_ResidLadder3_OE_Std_EvalTest_Seed0,leo/30min-1500/30min1500SeqData_Energy_J2Energy_ResidLadder3_OE_Std_EvalTest_Seed0.log,Transformer,95.33,95.33,32,32,0.1274,405132.0,3.090911865234375,44.4944,True,0,0.8617,0.9689,0.9121,1.0,1.0,1.0,0.9645,0.8444,0.9005,1.0,1.0,1.0,0.9565,0.9533,0.9532,0.9565,0.9533,0.9532,218.0,0.0,7.0,0.0,225.0,0.0,35.0,0.0,190.0,0.0,0.0,0.0
30min1500SeqData_Energy_J2Energy_ResidLadder3_OE_Std_EvalTest_Seed0,leo/30min-1500/30min1500SeqData_Energy_J2Energy_ResidLadder3_OE_Std_EvalTest_Seed0.log,1D-CNN (InceptionTime),96.44,96.78,22,45,0.1239,473668.0,3.613800048828125,332.7315,True,0,0.9072,0.9556,0.9307,1.0,1.0,1.0,0.9531,0.9022,0.9269,1.0,1.0,1.0,0.9651,0.9644,0.9644,0.9651,0.9644,0.9644,215.0,0.0,10.0,0.0,225.0,0.0,22.0,0.0,203.0,0.0,0.0,0.0
30min1500SeqData_Std_Test_geo_Seed2,leo/30min-1500/30min1500SeqData_Std_Test_geo_Seed2.log,Decision Trees (LightGBM),25.0,25.0,1,1,1.4162,,0.4164304733276367,0.5787,False,0,0.0,0.0,0.0,0.25,0.9778,0.3982,0.25,0.0133,0.0253,0.25,0.0089,0.0172,0.1875,0.25,0.1102,0.1875,0.25,0.1102,0.0,220.0,3.0,0.0,220.0,3.0,0.0,220.0,3.0,0.0,220.0,3.0
30min1500SeqData_Std_Test_geo_Seed2,leo/30min-1500/30min1500SeqData_Std_Test_geo_Seed2.log,MiniRocket,25.0,25.0,1,1,,9996.0,0.5808,21.9153,False,0,0.0,0.0,0.0,0.25,1.0,0.4,0.0,0.0,0.0,0.0,0.0,0.0,0.0625,0.25,0.1,0.0625,0.25,0.1,0.0,225.0,0.0,0.0,225.0,0.0,0.0,225.0,0.0,0.0,225.0,0.0
30min1500SeqData_Std_Test_geo_Seed2,leo/30min-1500/30min1500SeqData_Std_Test_geo_Seed2.log,LSTM,25.0,25.0,1,13,1.3865,28660.0,0.218658447265625,22.4033,True,0,0.0,0.0,0.0,0.25,0.1422,0.1813,0.25,0.2756,0.2622,0.25,0.5822,0.3498,0.1875,0.25,0.1983,0.1875,0.25,0.1983,0.0,32.0,62.0,0.0,32.0,62.0,0.0,32.0,62.0,0.0,32.0,62.0
30min1500SeqData_Std_Test_geo_Seed2,leo/30min-1500/30min1500SeqData_Std_Test_geo_Seed2.log,Mamba,25.0,25.11,3,37,1.3863,12208.0,0.0931396484375,124.8613,True,0,0.25,0.1333,0.1739,0.25,0.1244,0.1662,0.25,0.4311,0.3165,0.25,0.3111,0.2772,0.25,0.25,0.2334,0.25,0.25,0.2334,30.0,28.0,97.0,30.0,28.0,97.0,30.0,28.0,97.0,30.0,28.0,97.0
30min1500SeqData_Std_Test_geo_Seed2,leo/30min-1500/30min1500SeqData_Std_Test_geo_Seed2.log,Transformer,25.0,25.0,1,36,1.3865,213092.0,1.625762939453125,50.2581,True,0,0.25,0.0978,0.1406,0.25,0.0489,0.0818,0.25,0.2089,0.2276,0.25,0.6444,0.3602,0.25,0.25,0.2026,0.25,0.25,0.2026,22.0,11.0,47.0,22.0,11.0,47.0,22.0,11.0,47.0,22.0,11.0,47.0
30min1500SeqData_Std_Test_geo_Seed2,leo/30min-1500/30min1500SeqData_Std_Test_geo_Seed2.log,1D-CNN (InceptionTime),25.0,25.0,1,22,1.3861,472708.0,3.606475830078125,158.2008,True,0,0.25,0.2,0.2222,0.25,0.1111,0.1538,0.25,0.4267,0.3153,0.25,0.2622,0.256,0.25,0.25,0.2368,0.25,0.25,0.2368,45.0,25.0,96.0,45.0,25.0,96.0,45.0,25.0,96.0,45.0,25.0,96.0
30min1500SeqData_Std_EvalTest_Seed2,leo/30min-1500/30min1500SeqData_Std_EvalTest_Seed2.log,Decision Trees (LightGBM),25.11,25.11,1,1,1.3876,,0.4164304733276367,0.5728,False,0,0.2474,0.3156,0.2773,0.2591,0.2533,0.2562,0.25,0.1956,0.2195,0.2488,0.24,0.2443,0.2513,0.2511,0.2493,0.2513,0.2511,0.2493,71.0,54.0,44.0,72.0,57.0,45.0,71.0,54.0,44.0,73.0,55.0,43.0
30min1500SeqData_Std_EvalTest_Seed2,leo/30min-1500/30min1500SeqData_Std_EvalTest_Seed2.log,MiniRocket,26.11,26.11,1,1,,9996.0,0.5808,21.5891,False,0,0.2568,0.2533,0.255,0.2711,0.4578,0.3405,0.2602,0.1422,0.1839,0.2457,0.1911,0.215,0.2584,0.2611,0.2486,0.2584,0.2611,0.2486,57.0,92.0,31.0,51.0,103.0,28.0,57.0,92.0,32.0,57.0,93.0,32.0
30min1500SeqData_Std_EvalTest_Seed2,leo/30min-1500/30min1500SeqData_Std_EvalTest_Seed2.log,LSTM,25.0,25.0,1,13,1.3864,28660.0,0.218658447265625,22.4416,True,0,0.0,0.0,0.0,0.25,0.2711,0.2601,0.0,0.0,0.0,0.25,0.7289,0.3723,0.125,0.25,0.1581,0.125,0.25,0.1581,0.0,61.0,0.0,0.0,61.0,0.0,0.0,61.0,0.0,0.0,61.0,0.0
30min1500SeqData_Std_EvalTest_Seed2,leo/30min-1500/30min1500SeqData_Std_EvalTest_Seed2.log,Mamba,25.0,25.11,3,37,1.3863,12208.0,0.0931396484375,138.5031,True,0,0.25,0.0978,0.1406,0.25,0.2933,0.2699,0.25,0.3378,0.2873,0.25,0.2711,0.2601,0.25,0.25,0.2395,0.25,0.25,0.2395,22.0,66.0,76.0,22.0,66.0,76.0,22.0,66.0,76.0,22.0,66.0,76.0
30min1500SeqData_Std_EvalTest_Seed2,leo/30min-1500/30min1500SeqData_Std_EvalTest_Seed2.log,Transformer,25.0,25.0,1,36,1.3863,213092.0,1.625762939453125,48.5199,True,0,0.0,0.0,0.0,0.0,0.0,0.0,0.0,0.0,0.0,0.25,1.0,0.4,0.0625,0.25,0.1,0.0625,0.25,0.1,0.0,0.0,0.0,0.0,0.0,0.0,0.0,0.0,0.0,0.0,0.0,0.0
30min1500SeqData_Std_EvalTest_Seed2,leo/30min-1500/30min1500SeqData_Std_EvalTest_Seed2.log,1D-CNN (InceptionTime),25.0,25.0,1,22,1.3863,472708.0,3.606475830078125,158.1146,True,0,0.25,0.2578,0.2538,0.25,0.1067,0.1495,0.25,0.5111,0.3358,0.25,0.1244,0.1662,0.25,0.25,0.2263,0.25,0.25,0.2263,58.0,24.0,115.0,58.0,24.0,115.0,58.0,24.0,115.0,58.0,24.0,115.0
30min1500SeqData_Energy_J2Energy_OE_Std_Test_geo_Seed0,leo/30min-1500/30min1500SeqData_Energy_J2Energy_OE_Std_Test_geo_Seed0.log,Decision Trees (LightGBM),25.0,25.0,1,1,1.8405,,0.4115791320800781,0.8859,False,0,0.0,0.0,0.0,0.25,1.0,0.4,0.0,0.0,0.0,0.0,0.0,0.0,0.0625,0.25,0.1,0.0625,0.25,0.1,0.0,225.0,0.0,0.0,225.0,0.0,0.0,225.0,0.0,0.0,225.0,0.0
30min1500SeqData_Energy_J2Energy_OE_Std_Test_geo_Seed0,leo/30min-1500/30min1500SeqData_Energy_J2Energy_OE_Std_Test_geo_Seed0.log,MiniRocket,57.78,57.78,1,1,,9996.0,0.5813,22.3745,False,0,0.7525,1.0,0.8588,0.5345,0.4133,0.4662,0.4681,0.88,0.6111,1.0,0.0178,0.0349,0.6888,0.5778,0.4927,0.6888,0.5778,0.4927,225.0,0.0,0.0,0.0,93.0,132.0,27.0,0.0,198.0,47.0,81.0,93.0
30min1500SeqData_Energy_J2Energy_OE_Std_Test_geo_Seed0,leo/30min-1500/30min1500SeqData_Energy_J2Energy_OE_Std_Test_geo_Seed0.log,LSTM,25.0,86.67,76,89,13.4509,50500.0,0.385284423828125,196.5361,True,0,0.0,0.0,0.0,0.25,1.0,0.4,0.0,0.0,0.0,0.0,0.0,0.0,0.0625,0.25,0.1,0.0625,0.25,0.1,0.0,225.0,0.0,0.0,225.0,0.0,0.0,225.0,0.0,0.0,225.0,0.0
30min1500SeqData_Energy_J2Energy_OE_Std_Test_geo_Seed0,leo/30min-1500/30min1500SeqData_Energy_J2Energy_OE_Std_Test_geo_Seed0.log,Mamba,25.0,60.11,73,76,1.7626,17044.0,0.130035400390625,257.0572,True,0,0.25,1.0,0.4,0.0,0.0,0.0,0.0,0.0,0.0,0.0,0.0,0.0,0.0625,0.25,0.1,0.0625,0.25,0.1,225.0,0.0,0.0,225.0,0.0,0.0,225.0,0.0,0.0,225.0,0.0,0.0
30min1500SeqData_Energy_J2Energy_OE_Std_Test_geo_Seed0,leo/30min-1500/30min1500SeqData_Energy_J2Energy_OE_Std_Test_geo_Seed0.log,Transformer,25.0,94.78,86,101,6.5567,288324.0,2.199737548828125,141.6783,False,0,0.0,0.0,0.0,0.0,0.0,0.0,0.25,1.0,0.4,0.0,0.0,0.0,0.0625,0.25,0.1,0.0625,0.25,0.1,0.0,0.0,225.0,0.0,0.0,225.0,0.0,0.0,225.0,0.0,0.0,225.0
30min1500SeqData_Energy_J2Energy_OE_Std_Test_geo_Seed0,leo/30min-1500/30min1500SeqData_Energy_J2Energy_OE_Std_Test_geo_Seed0.log,1D-CNN (InceptionTime),25.0,94.44,55,58,2.3929,473092.0,3.609405517578125,430.5278,True,0,0.0,0.0,0.0,0.0,0.0,0.0,0.0,0.0,0.0,0.25,1.0,0.4,0.0625,0.25,0.1,0.0625,0.25,0.1,0.0,0.0,0.0,0.0,0.0,0.0,0.0,0.0,0.0,0.0,0.0,0.0
100min1500SeqData_Std_EvalTest_Seed2,leo/100min-1500/100min1500SeqData_Std_EvalTest_Seed2.log,Decision Trees (LightGBM),31.11,31.11,1,1,1.3544,,0.4373292922973633,2.2833,False,0,0.2653,0.52,0.3514,0.4684,0.3956,0.4289,0.2812,0.2,0.2338,0.2661,0.1289,0.1737,0.3203,0.3111,0.2969,0.3203,0.3111,0.2969,117.0,33.0,46.0,86.0,89.0,26.0,118.0,35.0,45.0,120.0,33.0,43.0
100min1500SeqData_Std_EvalTest_Seed2,leo/100min-1500/100min1500SeqData_Std_EvalTest_Seed2.log,MiniRocket,34.89,34.89,1,1,,9996.0,0.5911,29.6702,False,0,0.3154,0.3911,0.3492,0.4195,0.7067,0.5265,0.2717,0.1111,0.1577,0.28,0.1867,0.224,0.3217,0.3489,0.3144,0.3217,0.3489,0.3144,88.0,69.0,26.0,31.0,159.0,10.0,83.0,76.0,25.0,77.0,75.0,31.0
100min1500SeqData_Std_EvalTest_Seed2,leo/100min-1500/100min1500SeqData_Std_EvalTest_Seed2.log,LSTM,25.56,25.56,13,13,1.3864,28660.0,0.218658447265625,67.4252,True,0,0.0,0.0,0.0,0.2628,0.3867,0.3129,0.0,0.0,0.0,0.2513,0.6356,0.3602,0.1285,0.2556,0.1683,0.1285,0.2556,0.1683,0.0,81.0,0.0,0.0,87.0,0.0,0.0,81.0,0.0,0.0,82.0,0.0
100min1500SeqData_Std_EvalTest_Seed2,leo/100min-1500/100min1500SeqData_Std_EvalTest_Seed2.log,Mamba,26.11,26.11,101,101,1.3862,12208.0,0.0931396484375,442.5936,False,0,0.2524,0.3556,0.2952,0.2692,0.4356,0.3328,0.2644,0.1022,0.1474,0.2576,0.1511,0.1905,0.2609,0.2611,0.2415,0.2609,0.2611,0.2415,80.0,89.0,23.0,77.0,98.0,18.0,80.0,89.0,23.0,80.0,88.0,23.0
100min1500SeqData_Std_EvalTest_Seed2,leo/100min-1500/100min1500SeqData_Std_EvalTest_Seed2.log,Transformer,25.0,25.67,9,35,1.3864,213092.0,1.625762939453125,63.5056,True,0,0.0,0.0,0.0,0.25,1.0,0.4,0.0,0.0,0.0,0.0,0.0,0.0,0.0625,0.25,0.1,0.0625,0.25,0.1,0.0,225.0,0.0,0.0,225.0,0.0,0.0,225.0,0.0,0.0,225.0,0.0
100min1500SeqData_Std_EvalTest_Seed2,leo/100min-1500/100min1500SeqData_Std_EvalTest_Seed2.log,1D-CNN (InceptionTime),25.0,25.44,23,25,1.3862,472708.0,3.606475830078125,267.3882,True,0,0.0,0.0,0.0,0.0,0.0,0.0,0.25,1.0,0.4,0.0,0.0,0.0,0.0625,0.25,0.1,0.0625,0.25,0.1,0.0,0.0,225.0,0.0,0.0,225.0,0.0,0.0,225.0,0.0,0.0,225.0
100min1500SeqData_Std_Test_geo_Seed1,leo/100min-1500/100min1500SeqData_Std_Test_geo_Seed1.log,Decision Trees (LightGBM),25.0,25.0,1,1,2.1806,,0.4369974136352539,2.2286,False,0,0.0,0.0,0.0,0.25,1.0,0.4,0.0,0.0,0.0,0.0,0.0,0.0,0.0625,0.25,0.1,0.0625,0.25,0.1,0.0,225.0,0.0,0.0,225.0,0.0,0.0,225.0,0.0,0.0,225.0,0.0
100min1500SeqData_Std_Test_geo_Seed1,leo/100min-1500/100min1500SeqData_Std_Test_geo_Seed1.log,MiniRocket,25.0,25.0,1,1,,9996.0,0.5914,31.4932,False,0,0.0,0.0,0.0,0.25,1.0,0.4,0.0,0.0,0.0,0.0,0.0,0.0,0.0625,0.25,0.1,0.0625,0.25,0.1,0.0,225.0,0.0,0.0,225.0,0.0,0.0,225.0,0.0,0.0,225.0,0.0
100min1500SeqData_Std_Test_geo_Seed1,leo/100min-1500/100min1500SeqData_Std_Test_geo_Seed1.log,LSTM,25.0,25.78,15,25,1.3865,28660.0,0.218658447265625,133.2721,True,0,0.0,0.0,0.0,0.25,0.9378,0.3948,0.0,0.0,0.0,0.25,0.0622,0.0996,0.125,0.25,0.1236,0.125,0.25,0.1236,0.0,211.0,0.0,0.0,211.0,0.0,0.0,211.0,0.0,0.0,211.0,0.0
100min1500SeqData_Std_Test_geo_Seed1,leo/100min-1500/100min1500SeqData_Std_Test_geo_Seed1.log,Mamba,25.0,26.0,11,13,1.3864,12208.0,0.0931396484375,52.5848,True,0,0.0,0.0,0.0,0.25,0.5156,0.3367,0.25,0.4844,0.3298,0.0,0.0,0.0,0.125,0.25,0.1666,0.125,0.25,0.1666,0.0,116.0,109.0,0.0,116.0,109.0,0.0,116.0,109.0,0.0,116.0,109.0
100min1500SeqData_Std_Test_geo_Seed1,leo/100min-1500/100min1500SeqData_Std_Test_geo_Seed1.log,Transformer,25.0,25.78,4,22,1.39,213092.0,1.625762939453125,39.1987,True,0,0.25,0.0756,0.116,0.25,0.56,0.3457,0.25,0.3644,0.2966,0.0,0.0,0.0,0.1875,0.25,0.1896,0.1875,0.25,0.1896,17.0,126.0,82.0,17.0,126.0,82.0,17.0,126.0,82.0,17.0,126.0,82.0
100min1500SeqData_Std_Test_geo_Seed1,leo/100min-1500/100min1500SeqData_Std_Test_geo_Seed1.log,1D-CNN (InceptionTime),25.0,26.11,21,24,1.3869,472708.0,3.606475830078125,256.3474,True,0,0.25,0.0978,0.1406,0.25,0.3867,0.3037,0.25,0.4844,0.3298,0.25,0.0311,0.0553,0.25,0.25,0.2073,0.25,0.25,0.2073,22.0,87.0,109.0,22.0,87.0,109.0,22.0,87.0,109.0,22.0,87.0,109.0
100min1500SeqData_Energy_J2Energy_ResidLadder3_OE_Std_Test_geo_Seed0,leo/100min-1500/100min1500SeqData_Energy_J2Energy_ResidLadder3_OE_Std_Test_geo_Seed0.log,Decision Trees (LightGBM),26.67,26.67,1,1,0.9649,,0.4558744430541992,4.782,False,0,0.0,0.0,0.0,0.2542,1.0,0.4054,1.0,0.0356,0.0687,1.0,0.0311,0.0603,0.5636,0.2667,0.1336,0.5636,0.2667,0.1336,0.0,225.0,0.0,0.0,225.0,0.0,0.0,217.0,8.0,0.0,218.0,0.0
100min1500SeqData_Energy_J2Energy_ResidLadder3_OE_Std_Test_geo_Seed0,leo/100min-1500/100min1500SeqData_Energy_J2Energy_ResidLadder3_OE_Std_Test_geo_Seed0.log,MiniRocket,36.44,36.44,1,1,,9996.0,0.5945,35.2773,False,0,0.2827,1.0,0.4407,0.9888,0.3911,0.5605,0.0,0.0,0.0,1.0,0.0667,0.125,0.5679,0.3644,0.2816,0.5679,0.3644,0.2816,225.0,0.0,0.0,137.0,88.0,0.0,224.0,1.0,0.0,210.0,0.0,0.0
100min1500SeqData_Energy_J2Energy_ResidLadder3_OE_Std_Test_geo_Seed0,leo/100min-1500/100min1500SeqData_Energy_J2Energy_ResidLadder3_OE_Std_Test_geo_Seed0.log,LSTM,25.0,99.89,24,35,4.0966,94780.0,0.723114013671875,301.3045,True,0,0.0,0.0,0.0,0.25,1.0,0.4,0.0,0.0,0.0,0.0,0.0,0.0,0.0625,0.25,0.1,0.0625,0.25,0.1,0.0,225.0,0.0,0.0,225.0,0.0,0.0,225.0,0.0,0.0,225.0,0.0
100min1500SeqData_Energy_J2Energy_ResidLadder3_OE_Std_Test_geo_Seed0,leo/100min-1500/100min1500SeqData_Energy_J2Energy_ResidLadder3_OE_Std_Test_geo_Seed0.log,Mamba,25.0,99.11,13,25,14.6851,25018.0,0.1908721923828125,165.0318,True,0,0.0,0.0,0.0,0.0,0.0,0.0,0.25,1.0,0.4,0.0,0.0,0.0,0.0625,0.25,0.1,0.0625,0.25,0.1,0.0,0.0,225.0,0.0,0.0,225.0,0.0,0.0,225.0,0.0,0.0,225.0
100min1500SeqData_Energy_J2Energy_ResidLadder3_OE_Std_Test_geo_Seed0,leo/100min-1500/100min1500SeqData_Energy_J2Energy_ResidLadder3_OE_Std_Test_geo_Seed0.log,Transformer,25.0,99.89,25,36,8.4483,405132.0,3.090911865234375,81.6253,True,0,0.25,1.0,0.4,0.0,0.0,0.0,0.0,0.0,0.0,0.0,0.0,0.0,0.0625,0.25,0.1,0.0625,0.25,0.1,225.0,0.0,0.0,225.0,0.0,0.0,225.0,0.0,0.0,225.0,0.0,0.0
100min1500SeqData_Energy_J2Energy_ResidLadder3_OE_Std_Test_geo_Seed0,leo/100min-1500/100min1500SeqData_Energy_J2Energy_ResidLadder3_OE_Std_Test_geo_Seed0.log,1D-CNN (InceptionTime),25.0,99.78,2,27,9.3958,473668.0,3.613800048828125,290.6366,True,0,0.25,1.0,0.4,0.0,0.0,0.0,0.0,0.0,0.0,0.0,0.0,0.0,0.0625,0.25,0.1,0.0625,0.25,0.1,225.0,0.0,0.0,225.0,0.0,0.0,225.0,0.0,0.0,225.0,0.0,0.0
100min1500SeqData_Energy_J2Energy_ResidLadder3_OE_Std_EvalTest_Seed0,leo/100min-1500/100min1500SeqData_Energy_J2Energy_ResidLadder3_OE_Std_EvalTest_Seed0.log,Decision Trees (LightGBM),89.67,89.67,1,1,0.4411,,0.4558744430541992,4.6722,False,0,0.7672,0.8933,0.8255,0.9783,1.0,0.989,1.0,0.9867,0.9933,0.8548,0.7067,0.7737,0.9001,0.8967,0.8954,0.9001,0.8967,0.8954,201.0,0.0,0.0,0.0,225.0,0.0,0.0,0.0,222.0,61.0,5.0,0.0
100min1500SeqData_Energy_J2Energy_ResidLadder3_OE_Std_EvalTest_Seed0,leo/100min-1500/100min1500SeqData_Energy_J2Energy_ResidLadder3_OE_Std_EvalTest_Seed0.log,MiniRocket,99.67,99.67,1,1,,9996.0,0.5945,35.1057,False,0,0.9868,1.0,0.9934,1.0,1.0,1.0,1.0,1.0,1.0,1.0,0.9867,0.9933,0.9967,0.9967,0.9967,0.9967,0.9967,0.9967,225.0,0.0,0.0,0.0,225.0,0.0,0.0,0.0,225.0,3.0,0.0,0.0
100min1500SeqData_Energy_J2Energy_ResidLadder3_OE_Std_EvalTest_Seed0,leo/100min-1500/100min1500SeqData_Energy_J2Energy_ResidLadder3_OE_Std_EvalTest_Seed0.log,LSTM,100.0,100.0,35,35,0.0003,94780.0,0.723114013671875,301.7125,True,0,1.0,1.0,1.0,1.0,1.0,1.0,1.0,1.0,1.0,1.0,1.0,1.0,1.0,1.0,1.0,1.0,1.0,1.0,225.0,0.0,0.0,0.0,225.0,0.0,0.0,0.0,225.0,0.0,0.0,0.0
100min1500SeqData_Energy_J2Energy_ResidLadder3_OE_Std_EvalTest_Seed0,leo/100min-1500/100min1500SeqData_Energy_J2Energy_ResidLadder3_OE_Std_EvalTest_Seed0.log,Mamba,99.22,99.22,25,25,0.0608,25018.0,0.1908721923828125,165.3035,True,0,0.9825,0.9956,0.989,0.9912,1.0,0.9956,0.9956,0.9956,0.9956,1.0,0.9778,0.9888,0.9923,0.9922,0.9922,0.9923,0.9922,0.9922,224.0,0.0,1.0,0.0,225.0,0.0,0.0,1.0,224.0,4.0,1.0,0.0
100min1500SeqData_Energy_J2Energy_ResidLadder3_OE_Std_EvalTest_Seed0,leo/100min-1500/100min1500SeqData_Energy_J2Energy_ResidLadder3_OE_Std_EvalTest_Seed0.log,Transformer,100.0,100.0,36,36,0.0,405132.0,3.090911865234375,82.086,True,0,1.0,1.0,1.0,1.0,1.0,1.0,1.0,1.0,1.0,1.0,1.0,1.0,1.0,1.0,1.0,1.0,1.0,1.0,225.0,0.0,0.0,0.0,225.0,0.0,0.0,0.0,225.0,0.0,0.0,0.0
100min1500SeqData_Energy_J2Energy_ResidLadder3_OE_Std_EvalTest_Seed0,leo/100min-1500/100min1500SeqData_Energy_J2Energy_ResidLadder3_OE_Std_EvalTest_Seed0.log,1D-CNN (InceptionTime),100.0,100.0,32,32,0.0007,473668.0,3.613800048828125,347.4805,True,0,1.0,1.0,1.0,1.0,1.0,1.0,1.0,1.0,1.0,1.0,1.0,1.0,1.0,1.0,1.0,1.0,1.0,1.0,225.0,0.0,0.0,0.0,225.0,0.0,0.0,0.0,225.0,0.0,0.0,0.0
100min1500SeqData_Energy_J2Energy_OE_Std_EvalTest_Seed0,leo/100min-1500/100min1500SeqData_Energy_J2Energy_OE_Std_EvalTest_Seed0.log,Decision Trees (LightGBM),70.89,70.89,1,1,0.8221,,0.44185924530029297,3.1107,False,0,0.7092,0.8889,0.789,0.9615,1.0,0.9804,0.4975,0.4489,0.472,0.6188,0.4978,0.5517,0.6968,0.7089,0.6983,0.6968,0.7089,0.6983,200.0,0.0,15.0,0.0,225.0,0.0,65.0,0.0,101.0,17.0,9.0,87.0
100min1500SeqData_Energy_J2Energy_OE_Std_EvalTest_Seed0,leo/100min-1500/100min1500SeqData_Energy_J2Energy_OE_Std_EvalTest_Seed0.log,MiniRocket,99.11,99.11,1,1,,9996.0,0.5934,32.4999,False,0,0.9657,1.0,0.9825,1.0,1.0,1.0,1.0,1.0,1.0,1.0,0.9644,0.9819,0.9914,0.9911,0.9911,0.9914,0.9911,0.9911,225.0,0.0,0.0,0.0,225.0,0.0,0.0,0.0,225.0,8.0,0.0,0.0
100min1500SeqData_Energy_J2Energy_OE_Std_EvalTest_Seed0,leo/100min-1500/100min1500SeqData_Energy_J2Energy_OE_Std_EvalTest_Seed0.log,LSTM,47.11,47.78,32,36,1.074,50500.0,0.385284423828125,239.0833,True,0,0.343,0.5244,0.4148,0.8275,0.9378,0.8792,0.2778,0.1111,0.1587,0.3318,0.3111,0.3211,0.445,0.4711,0.4434,0.445,0.4711,0.4434,118.0,11.0,29.0,4.0,211.0,6.0,117.0,13.0,25.0,105.0,20.0,30.0
100min1500SeqData_Energy_J2Energy_OE_Std_EvalTest_Seed0,leo/100min-1500/100min1500SeqData_Energy_J2Energy_OE_Std_EvalTest_Seed0.log,Mamba,74.0,74.0,101,101,0.6697,17044.0,0.130035400390625,513.0963,False,0,0.6787,0.8356,0.749,0.9782,0.9956,0.9868,0.6065,0.4178,0.4947,0.6695,0.7111,0.6897,0.7332,0.74,0.73,0.7332,0.74,0.73,188.0,1.0,23.0,0.0,224.0,0.0,64.0,2.0,94.0,25.0,2.0,38.0
100min1500SeqData_Energy_J2Energy_OE_Std_EvalTest_Seed0,leo/100min-1500/100min1500SeqData_Energy_J2Energy_OE_Std_EvalTest_Seed0.log,Transformer,99.56,99.56,47,92,0.0167,288324.0,2.199737548828125,180.1075,True,0,0.9956,1.0,0.9978,1.0,0.9956,0.9978,0.9956,0.9956,0.9956,0.9911,0.9911,0.9911,0.9956,0.9956,0.9956,0.9956,0.9956,0.9956,225.0,0.0,0.0,0.0,224.0,0.0,0.0,0.0,224.0,1.0,0.0,1.0
100min1500SeqData_Energy_J2Energy_OE_Std_EvalTest_Seed0,leo/100min-1500/100min1500SeqData_Energy_J2Energy_OE_Std_EvalTest_Seed0.log,1D-CNN (InceptionTime),99.78,99.89,27,35,0.0073,473092.0,3.609405517578125,379.8908,True,0,0.9912,1.0,0.9956,1.0,1.0,1.0,1.0,1.0,1.0,1.0,0.9911,0.9955,0.9978,0.9978,0.9978,0.9978,0.9978,0.9978,225.0,0.0,0.0,0.0,225.0,0.0,0.0,0.0,225.0,2.0,0.0,0.0
100min1500SeqData_Energy_J2Energy_ResidLadder3_OE_Std_EvalTest_Seed2,leo/100min-1500/100min1500SeqData_Energy_J2Energy_ResidLadder3_OE_Std_EvalTest_Seed2.log,Decision Trees (LightGBM),90.22,90.22,1,1,0.4346,,0.45586585998535156,4.7094,False,0,0.7748,0.9022,0.8337,0.9956,0.9956,0.9956,0.991,0.9778,0.9843,0.8639,0.7333,0.7933,0.9063,0.9022,0.9017,0.9063,0.9022,0.9017,203.0,0.0,1.0,0.0,224.0,0.0,1.0,0.0,220.0,58.0,1.0,1.0
100min1500SeqData_Energy_J2Energy_ResidLadder3_OE_Std_EvalTest_Seed2,leo/100min-1500/100min1500SeqData_Energy_J2Energy_ResidLadder3_OE_Std_EvalTest_Seed2.log,MiniRocket,99.78,99.78,1,1,,9996.0,0.5941,32.0404,False,0,0.9912,1.0,0.9956,1.0,1.0,1.0,1.0,0.9956,0.9978,1.0,0.9956,0.9978,0.9978,0.9978,0.9978,0.9978,0.9978,0.9978,225.0,0.0,0.0,0.0,225.0,0.0,1.0,0.0,224.0,1.0,0.0,0.0
100min1500SeqData_Energy_J2Energy_ResidLadder3_OE_Std_EvalTest_Seed2,leo/100min-1500/100min1500SeqData_Energy_J2Energy_ResidLadder3_OE_Std_EvalTest_Seed2.log,LSTM,100.0,100.0,37,48,0.0001,94780.0,0.723114013671875,417.4047,True,0,1.0,1.0,1.0,1.0,1.0,1.0,1.0,1.0,1.0,1.0,1.0,1.0,1.0,1.0,1.0,1.0,1.0,1.0,225.0,0.0,0.0,0.0,225.0,0.0,0.0,0.0,225.0,0.0,0.0,0.0
100min1500SeqData_Energy_J2Energy_ResidLadder3_OE_Std_EvalTest_Seed2,leo/100min-1500/100min1500SeqData_Energy_J2Energy_ResidLadder3_OE_Std_EvalTest_Seed2.log,Mamba,99.11,99.11,25,25,0.078,25018.0,0.1908721923828125,165.4017,True,0,0.9781,0.9911,0.9845,1.0,1.0,1.0,0.9867,0.9911,0.9889,1.0,0.9822,0.991,0.9912,0.9911,0.9911,0.9912,0.9911,0.9911,223.0,0.0,2.0,0.0,225.0,0.0,2.0,0.0,223.0,3.0,0.0,1.0
100min1500SeqData_Energy_J2Energy_ResidLadder3_OE_Std_EvalTest_Seed2,leo/100min-1500/100min1500SeqData_Energy_J2Energy_ResidLadder3_OE_Std_EvalTest_Seed2.log,Transformer,100.0,100.0,25,25,0.0002,405132.0,3.090911865234375,56.282,True,0,1.0,1.0,1.0,1.0,1.0,1.0,1.0,1.0,1.0,1.0,1.0,1.0,1.0,1.0,1.0,1.0,1.0,1.0,225.0,0.0,0.0,0.0,225.0,0.0,0.0,0.0,225.0,0.0,0.0,0.0
100min1500SeqData_Energy_J2Energy_ResidLadder3_OE_Std_EvalTest_Seed2,leo/100min-1500/100min1500SeqData_Energy_J2Energy_ResidLadder3_OE_Std_EvalTest_Seed2.log,1D-CNN (InceptionTime),100.0,100.0,21,21,0.0008,473668.0,3.613800048828125,223.7603,True,0,1.0,1.0,1.0,1.0,1.0,1.0,1.0,1.0,1.0,1.0,1.0,1.0,1.0,1.0,1.0,1.0,1.0,1.0,225.0,0.0,0.0,0.0,225.0,0.0,0.0,0.0,225.0,0.0,0.0,0.0
100min1500SeqData_Std_EvalTest_Seed1,leo/100min-1500/100min1500SeqData_Std_EvalTest_Seed1.log,Decision Trees (LightGBM),31.0,31.0,1,1,1.3496,,0.4369974136352539,2.2388,False,0,0.2762,0.4222,0.3339,0.4048,0.4533,0.4277,0.2614,0.2044,0.2294,0.2812,0.16,0.204,0.3059,0.31,0.2987,0.3059,0.31,0.2987,95.0,49.0,47.0,61.0,102.0,38.0,94.0,51.0,46.0,94.0,50.0,45.0
100min1500SeqData_Std_EvalTest_Seed1,leo/100min-1500/100min1500SeqData_Std_EvalTest_Seed1.log,MiniRocket,33.44,33.44,1,1,,9996.0,0.5914,31.5095,False,0,0.2936,0.2844,0.2889,0.3795,0.7422,0.5023,0.304,0.1689,0.2171,0.2735,0.1422,0.1871,0.3127,0.3344,0.2989,0.3127,0.3344,0.2989,64.0,89.0,37.0,27.0,167.0,13.0,63.0,92.0,38.0,64.0,92.0,37.0
100min1500SeqData_Std_EvalTest_Seed1,leo/100min-1500/100min1500SeqData_Std_EvalTest_Seed1.log,LSTM,25.44,25.78,15,25,1.3863,28660.0,0.218658447265625,132.9881,True,0,0.0,0.0,0.0,0.2658,0.1867,0.2193,0.0,0.0,0.0,0.252,0.8311,0.3868,0.1295,0.2544,0.1515,0.1295,0.2544,0.1515,0.0,39.0,0.0,0.0,42.0,0.0,0.0,39.0,0.0,0.0,38.0,0.0
100min1500SeqData_Std_EvalTest_Seed1,leo/100min-1500/100min1500SeqData_Std_EvalTest_Seed1.log,Mamba,25.78,26.0,11,13,1.3862,12208.0,0.0931396484375,54.2567,True,0,0.2538,0.2933,0.2722,0.2669,0.3689,0.3097,0.2509,0.3067,0.276,0.2593,0.0622,0.1004,0.2577,0.2578,0.2396,0.2577,0.2578,0.2396,66.0,76.0,69.0,62.0,83.0,68.0,66.0,76.0,69.0,66.0,76.0,69.0
100min1500SeqData_Std_EvalTest_Seed1,leo/100min-1500/100min1500SeqData_Std_EvalTest_Seed1.log,Transformer,25.0,25.78,4,22,1.3865,213092.0,1.625762939453125,39.1903,True,0,0.0,0.0,0.0,0.25,1.0,0.4,0.0,0.0,0.0,0.0,0.0,0.0,0.0625,0.25,0.1,0.0625,0.25,0.1,0.0,225.0,0.0,0.0,225.0,0.0,0.0,225.0,0.0,0.0,225.0,0.0
100min1500SeqData_Std_EvalTest_Seed1,leo/100min-1500/100min1500SeqData_Std_EvalTest_Seed1.log,1D-CNN (InceptionTime),25.0,26.11,21,24,1.3863,472708.0,3.606475830078125,256.8832,True,0,0.25,0.0044,0.0087,0.0,0.0,0.0,0.25,0.04,0.069,0.25,0.9556,0.3963,0.1875,0.25,0.1185,0.1875,0.25,0.1185,1.0,0.0,9.0,1.0,0.0,9.0,1.0,0.0,9.0,1.0,0.0,9.0
100min1500SeqData_Std_Test_geo_Seed0,leo/100min-1500/100min1500SeqData_Std_Test_geo_Seed0.log,Decision Trees (LightGBM),25.0,25.0,1,1,2.0861,,0.4373493194580078,2.2468,False,0,0.0,0.0,0.0,0.25,0.9956,0.3996,0.25,0.0044,0.0087,0.0,0.0,0.0,0.125,0.25,0.1021,0.125,0.25,0.1021,0.0,224.0,1.0,0.0,224.0,1.0,0.0,224.0,1.0,0.0,224.0,1.0
100min1500SeqData_Std_Test_geo_Seed0,leo/100min-1500/100min1500SeqData_Std_Test_geo_Seed0.log,MiniRocket,25.0,25.0,1,1,,9996.0,0.5914,30.0381,False,0,0.0,0.0,0.0,0.25,1.0,0.4,0.0,0.0,0.0,0.0,0.0,0.0,0.0625,0.25,0.1,0.0625,0.25,0.1,0.0,225.0,0.0,0.0,225.0,0.0,0.0,225.0,0.0,0.0,225.0,0.0
100min1500SeqData_Std_Test_geo_Seed0,leo/100min-1500/100min1500SeqData_Std_Test_geo_Seed0.log,LSTM,25.0,25.22,6,18,1.3864,28660.0,0.218658447265625,94.8797,True,0,0.25,0.0933,0.1359,0.25,0.4444,0.32,0.25,0.3244,0.2824,0.25,0.1378,0.1777,0.25,0.25,0.229,0.25,0.25,0.229,21.0,100.0,73.0,21.0,100.0,73.0,21.0,100.0,73.0,21.0,100.0,73.0
100min1500SeqData_Std_Test_geo_Seed0,leo/100min-1500/100min1500SeqData_Std_Test_geo_Seed0.log,Mamba,25.0,26.0,14,101,1.3865,12208.0,0.0931396484375,434.914,False,0,0.0,0.0,0.0,0.25,0.9956,0.3996,0.25,0.0044,0.0087,0.0,0.0,0.0,0.125,0.25,0.1021,0.125,0.25,0.1021,0.0,224.0,1.0,0.0,224.0,1.0,0.0,224.0,1.0,0.0,224.0,1.0
100min1500SeqData_Std_Test_geo_Seed0,leo/100min-1500/100min1500SeqData_Std_Test_geo_Seed0.log,Transformer,25.0,25.11,3,18,1.3882,213092.0,1.625762939453125,31.6921,True,0,0.0,0.0,0.0,0.25,0.5822,0.3498,0.25,0.1467,0.1849,0.25,0.2711,0.2601,0.1875,0.25,0.1987,0.1875,0.25,0.1987,0.0,131.0,33.0,0.0,131.0,33.0,0.0,131.0,33.0,0.0,131.0,33.0
100min1500SeqData_Std_Test_geo_Seed0,leo/100min-1500/100min1500SeqData_Std_Test_geo_Seed0.log,1D-CNN (InceptionTime),25.0,26.0,23,33,1.3925,472708.0,3.606475830078125,358.4342,True,0,0.0,0.0,0.0,0.25,0.9111,0.3923,0.0,0.0,0.0,0.25,0.0889,0.1311,0.125,0.25,0.1309,0.125,0.25,0.1309,0.0,205.0,0.0,0.0,205.0,0.0,0.0,205.0,0.0,0.0,205.0,0.0
100min1500SeqData_Energy_J2Energy_OE_Std_Test_geo_Seed0,leo/100min-1500/100min1500SeqData_Energy_J2Energy_OE_Std_Test_geo_Seed0.log,Decision Trees (LightGBM),25.0,25.0,1,1,2.1231,,0.44185924530029297,3.105,False,0,0.0,0.0,0.0,0.25,1.0,0.4,0.0,0.0,0.0,0.0,0.0,0.0,0.0625,0.25,0.1,0.0625,0.25,0.1,0.0,225.0,0.0,0.0,225.0,0.0,0.0,225.0,0.0,0.0,225.0,0.0
100min1500SeqData_Energy_J2Energy_OE_Std_Test_geo_Seed0,leo/100min-1500/100min1500SeqData_Energy_J2Energy_OE_Std_Test_geo_Seed0.log,MiniRocket,43.33,43.33,1,1,,9996.0,0.5934,31.9491,False,0,0.3363,1.0,0.5034,0.8079,0.6356,0.7114,0.5714,0.0356,0.0669,0.35,0.0622,0.1057,0.5164,0.4333,0.3469,0.5164,0.4333,0.3469,225.0,0.0,0.0,56.0,143.0,0.0,184.0,33.0,8.0,204.0,1.0,6.0
100min1500SeqData_Energy_J2Energy_OE_Std_Test_geo_Seed0,leo/100min-1500/100min1500SeqData_Energy_J2Energy_OE_Std_Test_geo_Seed0.log,LSTM,25.0,47.78,32,36,8.9273,50500.0,0.385284423828125,238.9319,True,0,0.0,0.0,0.0,0.25,1.0,0.4,0.0,0.0,0.0,0.0,0.0,0.0,0.0625,0.25,0.1,0.0625,0.25,0.1,0.0,225.0,0.0,0.0,225.0,0.0,0.0,225.0,0.0,0.0,225.0,0.0
100min1500SeqData_Energy_J2Energy_OE_Std_Test_geo_Seed0,leo/100min-1500/100min1500SeqData_Energy_J2Energy_OE_Std_Test_geo_Seed0.log,Mamba,25.0,71.22,93,101,25.8623,17044.0,0.130035400390625,518.2881,False,0,0.0,0.0,0.0,0.25,1.0,0.4,0.0,0.0,0.0,0.0,0.0,0.0,0.0625,0.25,0.1,0.0625,0.25,0.1,0.0,225.0,0.0,0.0,225.0,0.0,0.0,225.0,0.0,0.0,225.0,0.0
100min1500SeqData_Energy_J2Energy_OE_Std_Test_geo_Seed0,leo/100min-1500/100min1500SeqData_Energy_J2Energy_OE_Std_Test_geo_Seed0.log,Transformer,25.0,99.56,47,92,4.0251,288324.0,2.199737548828125,180.6856,True,0,0.25,1.0,0.4,0.0,0.0,0.0,0.0,0.0,0.0,0.0,0.0,0.0,0.0625,0.25,0.1,0.0625,0.25,0.1,225.0,0.0,0.0,225.0,0.0,0.0,225.0,0.0,0.0,225.0,0.0,0.0
100min1500SeqData_Energy_J2Energy_OE_Std_Test_geo_Seed0,leo/100min-1500/100min1500SeqData_Energy_J2Energy_OE_Std_Test_geo_Seed0.log,1D-CNN (InceptionTime),25.0,99.89,41,85,10.4995,473092.0,3.609405517578125,939.9926,True,0,0.0,0.0,0.0,0.0,0.0,0.0,0.0,0.0,0.0,0.25,1.0,0.4,0.0625,0.25,0.1,0.0625,0.25,0.1,0.0,0.0,0.0,0.0,0.0,0.0,0.0,0.0,0.0,0.0,0.0,0.0
100min1500SeqData_Energy_J2Energy_ResidLadder3_OE_Std_EvalTest_Seed1,leo/100min-1500/100min1500SeqData_Energy_J2Energy_ResidLadder3_OE_Std_EvalTest_Seed1.log,Decision Trees (LightGBM),89.33,89.33,1,1,0.437,,0.45605945587158203,4.6743,False,0,0.735,0.9244,0.8189,0.9912,1.0,0.9956,1.0,0.9911,0.9955,0.8862,0.6578,0.7551,0.9031,0.8933,0.8913,0.9031,0.8933,0.8913,208.0,0.0,0.0,0.0,225.0,0.0,0.0,0.0,223.0,75.0,2.0,0.0
100min1500SeqData_Energy_J2Energy_ResidLadder3_OE_Std_EvalTest_Seed1,leo/100min-1500/100min1500SeqData_Energy_J2Energy_ResidLadder3_OE_Std_EvalTest_Seed1.log,MiniRocket,99.56,99.56,1,1,,9996.0,0.5946,33.4672,False,0,0.9825,1.0,0.9912,1.0,1.0,1.0,1.0,0.9956,0.9978,1.0,0.9867,0.9933,0.9956,0.9956,0.9956,0.9956,0.9956,0.9956,225.0,0.0,0.0,0.0,225.0,0.0,1.0,0.0,224.0,3.0,0.0,0.0
100min1500SeqData_Energy_J2Energy_ResidLadder3_OE_Std_EvalTest_Seed1,leo/100min-1500/100min1500SeqData_Energy_J2Energy_ResidLadder3_OE_Std_EvalTest_Seed1.log,LSTM,99.78,100.0,28,39,0.0069,94780.0,0.723114013671875,337.2966,True,0,0.9956,0.9956,0.9956,1.0,1.0,1.0,0.9956,0.9956,0.9956,1.0,1.0,1.0,0.9978,0.9978,0.9978,0.9978,0.9978,0.9978,224.0,0.0,1.0,0.0,225.0,0.0,1.0,0.0,224.0,0.0,0.0,0.0
100min1500SeqData_Energy_J2Energy_ResidLadder3_OE_Std_EvalTest_Seed1,leo/100min-1500/100min1500SeqData_Energy_J2Energy_ResidLadder3_OE_Std_EvalTest_Seed1.log,Mamba,98.78,98.78,23,23,0.0339,25018.0,0.1908721923828125,151.2739,True,0,0.9737,0.9867,0.9801,0.9912,1.0,0.9956,0.9866,0.9822,0.9844,1.0,0.9822,0.991,0.9879,0.9878,0.9878,0.9879,0.9878,0.9878,222.0,0.0,3.0,0.0,225.0,0.0,4.0,0.0,221.0,2.0,2.0,0.0
100min1500SeqData_Energy_J2Energy_ResidLadder3_OE_Std_EvalTest_Seed1,leo/100min-1500/100min1500SeqData_Energy_J2Energy_ResidLadder3_OE_Std_EvalTest_Seed1.log,Transformer,100.0,100.0,17,17,0.0006,405132.0,3.090911865234375,37.7125,True,0,1.0,1.0,1.0,1.0,1.0,1.0,1.0,1.0,1.0,1.0,1.0,1.0,1.0,1.0,1.0,1.0,1.0,1.0,225.0,0.0,0.0,0.0,225.0,0.0,0.0,0.0,225.0,0.0,0.0,0.0
100min1500SeqData_Energy_J2Energy_ResidLadder3_OE_Std_EvalTest_Seed1,leo/100min-1500/100min1500SeqData_Energy_J2Energy_ResidLadder3_OE_Std_EvalTest_Seed1.log,1D-CNN (InceptionTime),100.0,100.0,22,22,0.0004,473668.0,3.613800048828125,234.9927,True,0,1.0,1.0,1.0,1.0,1.0,1.0,1.0,1.0,1.0,1.0,1.0,1.0,1.0,1.0,1.0,1.0,1.0,1.0,225.0,0.0,0.0,0.0,225.0,0.0,0.0,0.0,225.0,0.0,0.0,0.0
100min1500SeqData_Std_Test_geo_Seed2,leo/100min-1500/100min1500SeqData_Std_Test_geo_Seed2.log,Decision Trees (LightGBM),25.0,25.0,1,1,2.1579,,0.4373292922973633,2.2397,False,0,0.0,0.0,0.0,0.25,1.0,0.4,0.0,0.0,0.0,0.0,0.0,0.0,0.0625,0.25,0.1,0.0625,0.25,0.1,0.0,225.0,0.0,0.0,225.0,0.0,0.0,225.0,0.0,0.0,225.0,0.0
100min1500SeqData_Std_Test_geo_Seed2,leo/100min-1500/100min1500SeqData_Std_Test_geo_Seed2.log,MiniRocket,25.0,25.0,1,1,,9996.0,0.5911,29.408,False,0,0.0,0.0,0.0,0.25,1.0,0.4,0.0,0.0,0.0,0.0,0.0,0.0,0.0625,0.25,0.1,0.0625,0.25,0.1,0.0,225.0,0.0,0.0,225.0,0.0,0.0,225.0,0.0,0.0,225.0,0.0
100min1500SeqData_Std_Test_geo_Seed2,leo/100min-1500/100min1500SeqData_Std_Test_geo_Seed2.log,LSTM,25.0,25.11,9,13,1.3866,28660.0,0.218658447265625,67.6878,True,0,0.0,0.0,0.0,0.25,0.6933,0.3675,0.25,0.08,0.1212,0.25,0.2267,0.2378,0.1875,0.25,0.1816,0.1875,0.25,0.1816,0.0,156.0,18.0,0.0,156.0,18.0,0.0,156.0,18.0,0.0,156.0,18.0
100min1500SeqData_Std_Test_geo_Seed2,leo/100min-1500/100min1500SeqData_Std_Test_geo_Seed2.log,Mamba,25.0,25.67,21,101,1.3864,12208.0,0.0931396484375,447.1101,False,0,0.0,0.0,0.0,0.25,1.0,0.4,0.0,0.0,0.0,0.0,0.0,0.0,0.0625,0.25,0.1,0.0625,0.25,0.1,0.0,225.0,0.0,0.0,225.0,0.0,0.0,225.0,0.0,0.0,225.0,0.0
100min1500SeqData_Std_Test_geo_Seed2,leo/100min-1500/100min1500SeqData_Std_Test_geo_Seed2.log,Transformer,25.0,25.67,9,35,1.3925,213092.0,1.625762939453125,63.6185,True,0,0.25,0.0089,0.0172,0.25,0.5067,0.3348,0.25,0.3156,0.279,0.25,0.1689,0.2016,0.25,0.25,0.2081,0.25,0.25,0.2081,2.0,114.0,71.0,2.0,114.0,71.0,2.0,114.0,71.0,2.0,114.0,71.0
100min1500SeqData_Std_Test_geo_Seed2,leo/100min-1500/100min1500SeqData_Std_Test_geo_Seed2.log,1D-CNN (InceptionTime),25.0,25.67,23,25,1.3878,472708.0,3.606475830078125,267.8024,True,0,0.0,0.0,0.0,0.25,0.0044,0.0087,0.25,0.9956,0.3996,0.0,0.0,0.0,0.125,0.25,0.1021,0.125,0.25,0.1021,0.0,1.0,224.0,0.0,1.0,224.0,0.0,1.0,224.0,0.0,1.0,224.0
100min1500SeqData_Energy_J2Energy_ResidLadder3_OE_Std_Test_geo_Seed1,leo/100min-1500/100min1500SeqData_Energy_J2Energy_ResidLadder3_OE_Std_Test_geo_Seed1.log,Decision Trees (LightGBM),28.44,28.44,1,1,0.9464,,0.45605945587158203,4.513,False,0,0.0,0.0,0.0,0.2589,1.0,0.4113,1.0,0.0444,0.0851,1.0,0.0933,0.1707,0.5647,0.2844,0.1668,0.5647,0.2844,0.1668,0.0,225.0,0.0,0.0,225.0,0.0,0.0,215.0,10.0,0.0,204.0,0.0
100min1500SeqData_Energy_J2Energy_ResidLadder3_OE_Std_Test_geo_Seed1,leo/100min-1500/100min1500SeqData_Energy_J2Energy_ResidLadder3_OE_Std_Test_geo_Seed1.log,MiniRocket,51.67,51.67,1,1,,9996.0,0.5946,35.5171,False,0,0.3505,1.0,0.519,1.0,0.5644,0.7216,0.8629,0.4756,0.6132,0.8571,0.0267,0.0517,0.7676,0.5167,0.4764,0.7676,0.5167,0.4764,225.0,0.0,0.0,81.0,127.0,17.0,117.0,0.0,107.0,219.0,0.0,0.0
100min1500SeqData_Energy_J2Energy_ResidLadder3_OE_Std_Test_geo_Seed1,leo/100min-1500/100min1500SeqData_Energy_J2Energy_ResidLadder3_OE_Std_Test_geo_Seed1.log,LSTM,25.0,100.0,28,39,2.8985,94780.0,0.723114013671875,334.6154,True,0,0.0,0.0,0.0,0.0,0.0,0.0,0.0,0.0,0.0,0.25,1.0,0.4,0.0625,0.25,0.1,0.0625,0.25,0.1,0.0,0.0,0.0,0.0,0.0,0.0,0.0,0.0,0.0,0.0,0.0,0.0
100min1500SeqData_Energy_J2Energy_ResidLadder3_OE_Std_Test_geo_Seed1,leo/100min-1500/100min1500SeqData_Energy_J2Energy_ResidLadder3_OE_Std_Test_geo_Seed1.log,Mamba,25.0,98.56,13,23,12.4482,25018.0,0.1908721923828125,151.272,True,0,0.0,0.0,0.0,0.0,0.0,0.0,0.25,1.0,0.4,0.0,0.0,0.0,0.0625,0.25,0.1,0.0625,0.25,0.1,0.0,0.0,225.0,0.0,0.0,225.0,0.0,0.0,225.0,0.0,0.0,225.0
100min1500SeqData_Energy_J2Energy_ResidLadder3_OE_Std_Test_geo_Seed1,leo/100min-1500/100min1500SeqData_Energy_J2Energy_ResidLadder3_OE_Std_Test_geo_Seed1.log,Transformer,25.0,99.89,6,17,6.0762,405132.0,3.090911865234375,37.4487,True,0,0.25,1.0,0.4,0.0,0.0,0.0,0.0,0.0,0.0,0.0,0.0,0.0,0.0625,0.25,0.1,0.0625,0.25,0.1,225.0,0.0,0.0,225.0,0.0,0.0,225.0,0.0,0.0,225.0,0.0,0.0
100min1500SeqData_Energy_J2Energy_ResidLadder3_OE_Std_Test_geo_Seed1,leo/100min-1500/100min1500SeqData_Energy_J2Energy_ResidLadder3_OE_Std_Test_geo_Seed1.log,1D-CNN (InceptionTime),25.0,99.89,5,28,10.838,473668.0,3.613800048828125,301.0253,True,0,0.25,1.0,0.4,0.0,0.0,0.0,0.0,0.0,0.0,0.0,0.0,0.0,0.0625,0.25,0.1,0.0625,0.25,0.1,225.0,0.0,0.0,225.0,0.0,0.0,225.0,0.0,0.0,225.0,0.0,0.0
100min1500SeqData_Energy_J2Energy_OE_Std_EvalTest_Seed2,leo/100min-1500/100min1500SeqData_Energy_J2Energy_OE_Std_EvalTest_Seed2.log,Decision Trees (LightGBM),68.11,68.11,1,1,0.8237,,0.44215869903564453,3.1006,False,0,0.6634,0.9022,0.7646,0.9911,0.9867,0.9889,0.4233,0.4044,0.4136,0.6258,0.4311,0.5105,0.6759,0.6811,0.6694,0.6759,0.6811,0.6694,203.0,0.0,17.0,0.0,222.0,1.0,83.0,0.0,91.0,20.0,2.0,106.0
100min1500SeqData_Energy_J2Energy_OE_Std_EvalTest_Seed2,leo/100min-1500/100min1500SeqData_Energy_J2Energy_OE_Std_EvalTest_Seed2.log,MiniRocket,99.44,99.44,1,1,,9996.0,0.5931,31.4276,False,0,0.9783,1.0,0.989,1.0,1.0,1.0,1.0,1.0,1.0,1.0,0.9778,0.9888,0.9946,0.9944,0.9944,0.9946,0.9944,0.9944,225.0,0.0,0.0,0.0,225.0,0.0,0.0,0.0,225.0,5.0,0.0,0.0
100min1500SeqData_Energy_J2Energy_OE_Std_EvalTest_Seed2,leo/100min-1500/100min1500SeqData_Energy_J2Energy_OE_Std_EvalTest_Seed2.log,LSTM,46.33,46.33,24,24,1.0225,50500.0,0.385284423828125,155.4378,True,0,0.3197,0.6933,0.4376,0.8728,0.8844,0.8786,0.32,0.1067,0.16,0.3486,0.1689,0.2275,0.4653,0.4633,0.4259,0.4653,0.4633,0.4259,156.0,9.0,26.0,18.0,199.0,5.0,159.0,8.0,24.0,155.0,12.0,20.0
100min1500SeqData_Energy_J2Energy_OE_Std_EvalTest_Seed2,leo/100min-1500/100min1500SeqData_Energy_J2Energy_OE_Std_EvalTest_Seed2.log,Mamba,70.67,70.67,81,81,0.6894,17044.0,0.130035400390625,411.7127,True,0,0.652,0.7911,0.7149,0.9956,1.0,0.9978,0.55,0.2933,0.3826,0.5943,0.7422,0.6601,0.698,0.7067,0.6888,0.698,0.7067,0.6888,178.0,0.0,21.0,0.0,225.0,0.0,71.0,0.0,66.0,24.0,1.0,33.0
100min1500SeqData_Energy_J2Energy_OE_Std_EvalTest_Seed2,leo/100min-1500/100min1500SeqData_Energy_J2Energy_OE_Std_EvalTest_Seed2.log,Transformer,98.33,98.67,100,101,0.0436,288324.0,2.199737548828125,198.1534,False,0,1.0,1.0,1.0,1.0,1.0,1.0,0.9861,0.9467,0.966,0.9487,0.9867,0.9673,0.9837,0.9833,0.9833,0.9837,0.9833,0.9833,225.0,0.0,0.0,0.0,225.0,0.0,0.0,0.0,213.0,0.0,0.0,3.0
100min1500SeqData_Energy_J2Energy_OE_Std_EvalTest_Seed2,leo/100min-1500/100min1500SeqData_Energy_J2Energy_OE_Std_EvalTest_Seed2.log,1D-CNN (InceptionTime),99.78,99.78,30,41,0.0087,473092.0,3.609405517578125,447.0098,True,0,0.9956,0.9956,0.9956,1.0,1.0,1.0,1.0,1.0,1.0,0.9956,0.9956,0.9956,0.9978,0.9978,0.9978,0.9978,0.9978,0.9978,224.0,0.0,0.0,0.0,225.0,0.0,0.0,0.0,225.0,1.0,0.0,0.0
100min1500SeqData_Std_EvalTest_Seed0,leo/100min-1500/100min1500SeqData_Std_EvalTest_Seed0.log,Decision Trees (LightGBM),31.89,31.89,1,1,1.3488,,0.4373493194580078,2.2397,False,0,0.2797,0.5022,0.3593,0.4263,0.4756,0.4496,0.2749,0.2089,0.2374,0.2703,0.0889,0.1338,0.3128,0.3189,0.295,0.3128,0.3189,0.295,113.0,46.0,48.0,70.0,107.0,29.0,111.0,50.0,47.0,110.0,48.0,47.0
100min1500SeqData_Std_EvalTest_Seed0,leo/100min-1500/100min1500SeqData_Std_EvalTest_Seed0.log,MiniRocket,35.33,35.33,1,1,,9996.0,0.5914,29.5183,False,0,0.3065,0.3378,0.3214,0.4229,0.7556,0.5423,0.2816,0.1289,0.1768,0.2925,0.1911,0.2312,0.3259,0.3533,0.3179,0.3259,0.3533,0.3179,76.0,76.0,29.0,23.0,170.0,13.0,78.0,77.0,29.0,71.0,79.0,32.0
100min1500SeqData_Std_EvalTest_Seed0,leo/100min-1500/100min1500SeqData_Std_EvalTest_Seed0.log,LSTM,25.0,25.22,6,18,1.3863,28660.0,0.218658447265625,94.6568,True,0,0.0,0.0,0.0,0.0,0.0,0.0,0.25,0.0089,0.0172,0.25,0.9911,0.3993,0.125,0.25,0.1041,0.125,0.25,0.1041,0.0,0.0,2.0,0.0,0.0,2.0,0.0,0.0,2.0,0.0,0.0,2.0
100min1500SeqData_Std_EvalTest_Seed0,leo/100min-1500/100min1500SeqData_Std_EvalTest_Seed0.log,Mamba,25.11,26.0,14,101,1.386,12208.0,0.0931396484375,433.2614,False,0,0.2517,0.16,0.1957,0.2518,0.4667,0.3271,0.25,0.1733,0.2047,0.25,0.2044,0.2249,0.2509,0.2511,0.2381,0.2509,0.2511,0.2381,36.0,104.0,39.0,35.0,105.0,39.0,36.0,104.0,39.0,36.0,104.0,39.0
100min1500SeqData_Std_EvalTest_Seed0,leo/100min-1500/100min1500SeqData_Std_EvalTest_Seed0.log,Transformer,25.0,25.11,3,18,1.3866,213092.0,1.625762939453125,31.794,True,0,0.0,0.0,0.0,0.0,0.0,0.0,0.0,0.0,0.0,0.25,1.0,0.4,0.0625,0.25,0.1,0.0625,0.25,0.1,0.0,0.0,0.0,0.0,0.0,0.0,0.0,0.0,0.0,0.0,0.0,0.0
100min1500SeqData_Std_EvalTest_Seed0,leo/100min-1500/100min1500SeqData_Std_EvalTest_Seed0.log,1D-CNN (InceptionTime),25.11,26.67,26,33,1.3863,472708.0,3.606475830078125,357.5442,True,0,0.0,0.0,0.0,0.253,0.2844,0.2678,0.0,0.0,0.0,0.2504,0.72,0.3716,0.1258,0.2511,0.1598,0.1258,0.2511,0.1598,0.0,63.0,0.0,0.0,64.0,0.0,0.0,63.0,0.0,0.0,63.0,0.0
100min1500SeqData_Energy_J2Energy_ResidLadder3_OE_Std_Test_geo_Seed2,leo/100min-1500/100min1500SeqData_Energy_J2Energy_ResidLadder3_OE_Std_Test_geo_Seed2.log,Decision Trees (LightGBM),50.0,50.0,1,1,0.8089,,0.45586585998535156,4.6379,False,0,1.0,0.0133,0.0263,0.3333,1.0,0.5,1.0,0.9244,0.9607,1.0,0.0622,0.1172,0.8333,0.5,0.4011,0.8333,0.5,0.4011,3.0,222.0,0.0,0.0,225.0,0.0,0.0,17.0,208.0,0.0,211.0,0.0
100min1500SeqData_Energy_J2Energy_ResidLadder3_OE_Std_Test_geo_Seed2,leo/100min-1500/100min1500SeqData_Energy_J2Energy_ResidLadder3_OE_Std_Test_geo_Seed2.log,MiniRocket,60.11,60.11,1,1,,9996.0,0.5941,36.9287,False,0,0.6148,1.0,0.7614,0.4153,0.5556,0.4753,1.0,0.04,0.0769,0.8125,0.8089,0.8107,0.7106,0.6011,0.5311,0.7106,0.6011,0.5311,225.0,0.0,0.0,59.0,125.0,0.0,39.0,176.0,9.0,43.0,0.0,0.0
100min1500SeqData_Energy_J2Energy_ResidLadder3_OE_Std_Test_geo_Seed2,leo/100min-1500/100min1500SeqData_Energy_J2Energy_ResidLadder3_OE_Std_Test_geo_Seed2.log,LSTM,25.0,100.0,37,48,4.1304,94780.0,0.723114013671875,417.1044,True,0,0.0,0.0,0.0,0.0,0.0,0.0,0.0,0.0,0.0,0.25,1.0,0.4,0.0625,0.25,0.1,0.0625,0.25,0.1,0.0,0.0,0.0,0.0,0.0,0.0,0.0,0.0,0.0,0.0,0.0,0.0
100min1500SeqData_Energy_J2Energy_ResidLadder3_OE_Std_Test_geo_Seed2,leo/100min-1500/100min1500SeqData_Energy_J2Energy_ResidLadder3_OE_Std_Test_geo_Seed2.log,Mamba,25.0,98.67,21,25,8.7276,25018.0,0.1908721923828125,164.9984,True,0,0.0,0.0,0.0,0.0,0.0,0.0,0.25,1.0,0.4,0.0,0.0,0.0,0.0625,0.25,0.1,0.0625,0.25,0.1,0.0,0.0,225.0,0.0,0.0,225.0,0.0,0.0,225.0,0.0,0.0,225.0
100min1500SeqData_Energy_J2Energy_ResidLadder3_OE_Std_Test_geo_Seed2,leo/100min-1500/100min1500SeqData_Energy_J2Energy_ResidLadder3_OE_Std_Test_geo_Seed2.log,Transformer,25.0,99.78,8,25,6.3805,405132.0,3.090911865234375,56.2304,True,0,0.25,1.0,0.4,0.0,0.0,0.0,0.0,0.0,0.0,0.0,0.0,0.0,0.0625,0.25,0.1,0.0625,0.25,0.1,225.0,0.0,0.0,225.0,0.0,0.0,225.0,0.0,0.0,225.0,0.0,0.0
100min1500SeqData_Energy_J2Energy_ResidLadder3_OE_Std_Test_geo_Seed2,leo/100min-1500/100min1500SeqData_Energy_J2Energy_ResidLadder3_OE_Std_Test_geo_Seed2.log,1D-CNN (InceptionTime),25.0,99.78,7,29,11.4862,473668.0,3.613800048828125,312.9514,True,0,0.25,1.0,0.4,0.0,0.0,0.0,0.0,0.0,0.0,0.0,0.0,0.0,0.0625,0.25,0.1,0.0625,0.25,0.1,225.0,0.0,0.0,225.0,0.0,0.0,225.0,0.0,0.0,225.0,0.0,0.0
100min1500SeqData_Energy_J2Energy_OE_Std_Test_geo_Seed2,leo/100min-1500/100min1500SeqData_Energy_J2Energy_OE_Std_Test_geo_Seed2.log,Decision Trees (LightGBM),25.0,25.0,1,1,2.0126,,0.44215869903564453,3.1,False,0,0.0,0.0,0.0,0.25,1.0,0.4,0.0,0.0,0.0,0.0,0.0,0.0,0.0625,0.25,0.1,0.0625,0.25,0.1,0.0,225.0,0.0,0.0,225.0,0.0,0.0,225.0,0.0,0.0,225.0,0.0
100min1500SeqData_Energy_J2Energy_OE_Std_Test_geo_Seed2,leo/100min-1500/100min1500SeqData_Energy_J2Energy_OE_Std_Test_geo_Seed2.log,MiniRocket,87.56,87.56,1,1,,9996.0,0.5931,31.0771,False,0,0.9657,1.0,0.9825,1.0,0.5556,0.7143,0.7353,1.0,0.8475,0.9025,0.9467,0.9241,0.9009,0.8756,0.8671,0.9009,0.8756,0.8671,225.0,0.0,0.0,0.0,125.0,77.0,0.0,0.0,225.0,8.0,0.0,4.0
100min1500SeqData_Energy_J2Energy_OE_Std_Test_geo_Seed2,leo/100min-1500/100min1500SeqData_Energy_J2Energy_OE_Std_Test_geo_Seed2.log,LSTM,25.0,44.89,3,24,8.8735,50500.0,0.385284423828125,156.7856,True,0,0.0,0.0,0.0,0.25,1.0,0.4,0.0,0.0,0.0,0.0,0.0,0.0,0.0625,0.25,0.1,0.0625,0.25,0.1,0.0,225.0,0.0,0.0,225.0,0.0,0.0,225.0,0.0,0.0,225.0,0.0
100min1500SeqData_Energy_J2Energy_OE_Std_Test_geo_Seed2,leo/100min-1500/100min1500SeqData_Energy_J2Energy_OE_Std_Test_geo_Seed2.log,Mamba,25.0,70.44,69,81,53.4081,17044.0,0.130035400390625,413.3008,True,0,0.0,0.0,0.0,0.25,1.0,0.4,0.0,0.0,0.0,0.0,0.0,0.0,0.0625,0.25,0.1,0.0625,0.25,0.1,0.0,225.0,0.0,0.0,225.0,0.0,0.0,225.0,0.0,0.0,225.0,0.0
100min1500SeqData_Energy_J2Energy_OE_Std_Test_geo_Seed2,leo/100min-1500/100min1500SeqData_Energy_J2Energy_OE_Std_Test_geo_Seed2.log,Transformer,25.0,98.67,100,101,4.8366,288324.0,2.199737548828125,198.1444,False,0,0.0,0.0,0.0,0.0,0.0,0.0,0.0,0.0,0.0,0.25,1.0,0.4,0.0625,0.25,0.1,0.0625,0.25,0.1,0.0,0.0,0.0,0.0,0.0,0.0,0.0,0.0,0.0,0.0,0.0,0.0
100min1500SeqData_Energy_J2Energy_OE_Std_Test_geo_Seed2,leo/100min-1500/100min1500SeqData_Energy_J2Energy_OE_Std_Test_geo_Seed2.log,1D-CNN (InceptionTime),25.0,99.89,23,56,7.0557,473092.0,3.609405517578125,614.772,True,0,0.0,0.0,0.0,0.0,0.0,0.0,0.0,0.0,0.0,0.25,1.0,0.4,0.0625,0.25,0.1,0.0625,0.25,0.1,0.0,0.0,0.0,0.0,0.0,0.0,0.0,0.0,0.0,0.0,0.0,0.0
100min1500SeqData_Energy_J2Energy_OE_Std_Test_geo_Seed1,leo/100min-1500/100min1500SeqData_Energy_J2Energy_OE_Std_Test_geo_Seed1.log,Decision Trees (LightGBM),25.0,25.0,1,1,1.9095,,0.44193363189697266,3.075,False,0,0.0,0.0,0.0,0.25,1.0,0.4,0.0,0.0,0.0,0.0,0.0,0.0,0.0625,0.25,0.1,0.0625,0.25,0.1,0.0,225.0,0.0,0.0,225.0,0.0,0.0,225.0,0.0,0.0,225.0,0.0
100min1500SeqData_Energy_J2Energy_OE_Std_Test_geo_Seed1,leo/100min-1500/100min1500SeqData_Energy_J2Energy_OE_Std_Test_geo_Seed1.log,MiniRocket,34.78,34.78,1,1,,9996.0,0.5935,35.8541,False,0,0.382,1.0,0.5528,0.0,0.0,0.0,1.0,0.0178,0.0349,0.2736,0.3733,0.3158,0.4139,0.3478,0.2259,0.4139,0.3478,0.2259,225.0,0.0,0.0,2.0,0.0,0.0,221.0,0.0,4.0,141.0,0.0,0.0
100min1500SeqData_Energy_J2Energy_OE_Std_Test_geo_Seed1,leo/100min-1500/100min1500SeqData_Energy_J2Energy_OE_Std_Test_geo_Seed1.log,LSTM,25.0,47.78,12,23,5.8625,50500.0,0.385284423828125,150.0096,True,0,0.0,0.0,0.0,0.25,1.0,0.4,0.0,0.0,0.0,0.0,0.0,0.0,0.0625,0.25,0.1,0.0625,0.25,0.1,0.0,225.0,0.0,0.0,225.0,0.0,0.0,225.0,0.0,0.0,225.0,0.0
100min1500SeqData_Energy_J2Energy_OE_Std_Test_geo_Seed1,leo/100min-1500/100min1500SeqData_Energy_J2Energy_OE_Std_Test_geo_Seed1.log,Mamba,25.0,77.22,93,101,39.8986,17044.0,0.130035400390625,513.1436,False,0,0.25,1.0,0.4,0.0,0.0,0.0,0.0,0.0,0.0,0.0,0.0,0.0,0.0625,0.25,0.1,0.0625,0.25,0.1,225.0,0.0,0.0,225.0,0.0,0.0,225.0,0.0,0.0,225.0,0.0,0.0
100min1500SeqData_Energy_J2Energy_OE_Std_Test_geo_Seed1,leo/100min-1500/100min1500SeqData_Energy_J2Energy_OE_Std_Test_geo_Seed1.log,Transformer,25.0,96.44,47,56,6.4346,288324.0,2.199737548828125,108.492,True,0,0.25,1.0,0.4,0.0,0.0,0.0,0.0,0.0,0.0,0.0,0.0,0.0,0.0625,0.25,0.1,0.0625,0.25,0.1,225.0,0.0,0.0,225.0,0.0,0.0,225.0,0.0,0.0,225.0,0.0,0.0
100min1500SeqData_Energy_J2Energy_OE_Std_Test_geo_Seed1,leo/100min-1500/100min1500SeqData_Energy_J2Energy_OE_Std_Test_geo_Seed1.log,1D-CNN (InceptionTime),25.0,99.89,39,67,10.6969,473092.0,3.609405517578125,737.2041,True,0,0.0,0.0,0.0,0.0,0.0,0.0,0.0,0.0,0.0,0.25,1.0,0.4,0.0625,0.25,0.1,0.0625,0.25,0.1,0.0,0.0,0.0,0.0,0.0,0.0,0.0,0.0,0.0,0.0,0.0,0.0
100min1500SeqData_Energy_J2Energy_OE_Std_EvalTest_Seed1,leo/100min-1500/100min1500SeqData_Energy_J2Energy_OE_Std_EvalTest_Seed1.log,Decision Trees (LightGBM),69.11,69.11,1,1,0.8424,,0.44193363189697266,3.0266,False,0,0.6931,0.8533,0.7649,0.9692,0.9778,0.9735,0.465,0.4133,0.4376,0.5969,0.52,0.5558,0.6811,0.6911,0.683,0.6811,0.6911,0.683,192.0,2.0,21.0,0.0,220.0,1.0,65.0,2.0,93.0,20.0,3.0,85.0
100min1500SeqData_Energy_J2Energy_OE_Std_EvalTest_Seed1,leo/100min-1500/100min1500SeqData_Energy_J2Energy_OE_Std_EvalTest_Seed1.log,MiniRocket,98.44,98.44,1,1,,9996.0,0.5935,33.8064,False,0,0.9414,1.0,0.9698,1.0,1.0,1.0,1.0,1.0,1.0,1.0,0.9378,0.9679,0.9854,0.9844,0.9844,0.9854,0.9844,0.9844,225.0,0.0,0.0,0.0,225.0,0.0,0.0,0.0,225.0,14.0,0.0,0.0
100min1500SeqData_Energy_J2Energy_OE_Std_EvalTest_Seed1,leo/100min-1500/100min1500SeqData_Energy_J2Energy_OE_Std_EvalTest_Seed1.log,LSTM,45.44,47.78,12,23,1.0609,50500.0,0.385284423828125,150.1247,True,0,0.3361,0.72,0.4583,0.8468,0.8356,0.8412,0.2609,0.0533,0.0886,0.3133,0.2089,0.2507,0.4393,0.4544,0.4097,0.4393,0.4544,0.4097,162.0,11.0,13.0,14.0,188.0,5.0,156.0,11.0,12.0,150.0,12.0,16.0
100min1500SeqData_Energy_J2Energy_OE_Std_EvalTest_Seed1,leo/100min-1500/100min1500SeqData_Energy_J2Energy_OE_Std_EvalTest_Seed1.log,Mamba,75.89,77.22,93,101,0.6141,17044.0,0.130035400390625,513.3904,False,0,0.6744,0.9022,0.7719,0.9955,0.9911,0.9933,0.6125,0.4356,0.5091,0.7395,0.7067,0.7227,0.7555,0.7589,0.7492,0.7555,0.7589,0.7492,203.0,0.0,17.0,0.0,223.0,0.0,78.0,0.0,98.0,20.0,1.0,45.0
100min1500SeqData_Energy_J2Energy_OE_Std_EvalTest_Seed1,leo/100min-1500/100min1500SeqData_Energy_J2Energy_OE_Std_EvalTest_Seed1.log,Transformer,96.67,96.67,56,56,0.0768,288324.0,2.199737548828125,108.7738,True,0,1.0,1.0,1.0,1.0,1.0,1.0,0.9412,0.9244,0.9327,0.9258,0.9422,0.9339,0.9667,0.9667,0.9667,0.9667,0.9667,0.9667,225.0,0.0,0.0,0.0,225.0,0.0,0.0,0.0,208.0,0.0,0.0,13.0
100min1500SeqData_Energy_J2Energy_OE_Std_EvalTest_Seed1,leo/100min-1500/100min1500SeqData_Energy_J2Energy_OE_Std_EvalTest_Seed1.log,1D-CNN (InceptionTime),99.44,99.89,43,54,0.0105,473092.0,3.609405517578125,592.144,True,0,0.9868,0.9956,0.9912,1.0,1.0,1.0,0.9912,1.0,0.9956,1.0,0.9822,0.991,0.9945,0.9944,0.9944,0.9945,0.9944,0.9944,224.0,0.0,1.0,0.0,225.0,0.0,0.0,0.0,225.0,3.0,0.0,1.0
10min1500SeqData_Energy_J2Energy_OE_Std_EvalTest_Seed0,leo/10min-1500/10min1500SeqData_Energy_J2Energy_OE_Std_EvalTest_Seed0.log,Decision Trees (LightGBM),55.44,55.44,1,1,1.1269,,0.40190792083740234,0.3028,False,0,0.493,0.6222,0.5501,0.6615,0.7556,0.7054,0.4529,0.3422,0.3899,0.5926,0.4978,0.5411,0.55,0.5544,0.5466,0.55,0.5544,0.5466,140.0,3.0,65.0,6.0,170.0,8.0,125.0,4.0,77.0,13.0,80.0,20.0
10min1500SeqData_Energy_J2Energy_OE_Std_EvalTest_Seed0,leo/10min-1500/10min1500SeqData_Energy_J2Energy_OE_Std_EvalTest_Seed0.log,MiniRocket,79.78,79.78,1,1,,9996.0,0.5787,21.6884,False,0,0.7683,0.8844,0.8223,0.8701,0.6844,0.7662,0.8557,0.7378,0.7924,0.737,0.8844,0.804,0.8078,0.7978,0.7962,0.8078,0.7978,0.7962,199.0,0.0,26.0,0.0,154.0,0.0,59.0,0.0,166.0,1.0,23.0,2.0
10min1500SeqData_Energy_J2Energy_OE_Std_EvalTest_Seed0,leo/10min-1500/10min1500SeqData_Energy_J2Energy_OE_Std_EvalTest_Seed0.log,LSTM,66.56,66.67,59,72,0.5996,50500.0,0.385284423828125,73.81,True,0,0.5342,0.7289,0.6165,0.8548,0.7067,0.7737,0.5497,0.3689,0.4415,0.7539,0.8578,0.8025,0.6732,0.6656,0.6586,0.6732,0.6656,0.6586,164.0,1.0,60.0,0.0,159.0,3.0,141.0,1.0,83.0,2.0,25.0,5.0
10min1500SeqData_Energy_J2Energy_OE_Std_EvalTest_Seed0,leo/10min-1500/10min1500SeqData_Energy_J2Energy_OE_Std_EvalTest_Seed0.log,Mamba,48.78,49.56,57,59,1.1339,17044.0,0.130035400390625,216.876,True,0,0.412,0.3956,0.4036,0.5804,0.7378,0.6497,0.4512,0.3289,0.3805,0.4701,0.4889,0.4793,0.4784,0.4878,0.4783,0.4784,0.4878,0.4783,89.0,19.0,76.0,11.0,166.0,4.0,90.0,22.0,74.0,26.0,79.0,10.0
10min1500SeqData_Energy_J2Energy_OE_Std_EvalTest_Seed0,leo/10min-1500/10min1500SeqData_Energy_J2Energy_OE_Std_EvalTest_Seed0.log,Transformer,83.44,83.44,101,101,0.3708,288324.0,2.199737548828125,137.646,False,0,0.7589,0.9511,0.8442,1.0,0.6889,0.8158,0.9345,0.6978,0.799,0.7627,1.0,0.8654,0.864,0.8344,0.8311,0.864,0.8344,0.8311,214.0,0.0,11.0,0.0,155.0,0.0,68.0,0.0,157.0,0.0,0.0,0.0
10min1500SeqData_Energy_J2Energy_OE_Std_EvalTest_Seed0,leo/10min-1500/10min1500SeqData_Energy_J2Energy_OE_Std_EvalTest_Seed0.log,1D-CNN (InceptionTime),76.78,76.78,48,48,0.5845,473092.0,3.609405517578125,163.9683,True,0,0.7702,0.8044,0.787,0.7879,0.6933,0.7376,0.7953,0.76,0.7773,0.7262,0.8133,0.7673,0.7699,0.7678,0.7673,0.7699,0.7678,0.7673,181.0,0.0,44.0,0.0,156.0,0.0,54.0,0.0,171.0,0.0,42.0,0.0
10min1500SeqData_Energy_J2Energy_ResidLadder3_OE_Std_Test_geo_Seed0,leo/10min-1500/10min1500SeqData_Energy_J2Energy_ResidLadder3_OE_Std_Test_geo_Seed0.log,Decision Trees (LightGBM),75.67,75.67,1,1,0.603,,0.4001932144165039,0.4545,False,0,0.9956,1.0,0.9978,0.5115,0.6933,0.5887,1.0,0.4267,0.5981,0.7473,0.9067,0.8193,0.8136,0.7567,0.751,0.8136,0.7567,0.751,225.0,0.0,0.0,0.0,156.0,0.0,1.0,128.0,96.0,0.0,21.0,0.0
10min1500SeqData_Energy_J2Energy_ResidLadder3_OE_Std_Test_geo_Seed0,leo/10min-1500/10min1500SeqData_Energy_J2Energy_ResidLadder3_OE_Std_Test_geo_Seed0.log,MiniRocket,46.33,46.33,1,1,,9996.0,0.5788,21.7438,False,0,0.8364,1.0,0.9109,0.2884,0.6178,0.3932,1.0,0.0089,0.0176,0.3469,0.2267,0.2742,0.6179,0.4633,0.399,0.6179,0.4633,0.399,225.0,0.0,0.0,8.0,139.0,0.0,1.0,204.0,2.0,35.0,139.0,0.0
10min1500SeqData_Energy_J2Energy_ResidLadder3_OE_Std_Test_geo_Seed0,leo/10min-1500/10min1500SeqData_Energy_J2Energy_ResidLadder3_OE_Std_Test_geo_Seed0.log,LSTM,25.0,82.67,13,28,4.0202,94780.0,0.723114013671875,33.6816,True,0,0.0,0.0,0.0,0.0,0.0,0.0,0.25,1.0,0.4,0.0,0.0,0.0,0.0625,0.25,0.1,0.0625,0.25,0.1,0.0,0.0,225.0,0.0,0.0,225.0,0.0,0.0,225.0,0.0,0.0,225.0
10min1500SeqData_Energy_J2Energy_ResidLadder3_OE_Std_Test_geo_Seed0,leo/10min-1500/10min1500SeqData_Energy_J2Energy_ResidLadder3_OE_Std_Test_geo_Seed0.log,Mamba,25.0,79.33,14,23,3.6274,25018.0,0.1908721923828125,88.8526,True,0,0.25,1.0,0.4,0.0,0.0,0.0,0.0,0.0,0.0,0.0,0.0,0.0,0.0625,0.25,0.1,0.0625,0.25,0.1,225.0,0.0,0.0,225.0,0.0,0.0,225.0,0.0,0.0,225.0,0.0,0.0
10min1500SeqData_Energy_J2Energy_ResidLadder3_OE_Std_Test_geo_Seed0,leo/10min-1500/10min1500SeqData_Energy_J2Energy_ResidLadder3_OE_Std_Test_geo_Seed0.log,Transformer,25.0,82.44,31,38,5.9134,405132.0,3.090911865234375,50.1972,True,0,0.25,1.0,0.4,0.0,0.0,0.0,0.0,0.0,0.0,0.0,0.0,0.0,0.0625,0.25,0.1,0.0625,0.25,0.1,225.0,0.0,0.0,225.0,0.0,0.0,225.0,0.0,0.0,225.0,0.0,0.0
10min1500SeqData_Energy_J2Energy_ResidLadder3_OE_Std_Test_geo_Seed0,leo/10min-1500/10min1500SeqData_Energy_J2Energy_ResidLadder3_OE_Std_Test_geo_Seed0.log,1D-CNN (InceptionTime),25.0,83.11,28,44,5.7905,473668.0,3.613800048828125,154.9154,True,0,0.25,1.0,0.4,0.0,0.0,0.0,0.0,0.0,0.0,0.0,0.0,0.0,0.0625,0.25,0.1,0.0625,0.25,0.1,225.0,0.0,0.0,225.0,0.0,0.0,225.0,0.0,0.0,225.0,0.0,0.0
10min1500SeqData_Energy_J2Energy_ResidLadder3_OE_Std_EvalTest_Seed0,leo/10min-1500/10min1500SeqData_Energy_J2Energy_ResidLadder3_OE_Std_EvalTest_Seed0.log,Decision Trees (LightGBM),84.67,84.67,1,1,0.5226,,0.4001932144165039,0.4526,False,0,0.7912,0.96,0.8675,0.9701,0.72,0.8265,0.9282,0.7467,0.8276,0.7742,0.96,0.8571,0.8659,0.8467,0.8447,0.8659,0.8467,0.8447,216.0,0.0,9.0,0.0,162.0,0.0,57.0,0.0,168.0,0.0,5.0,4.0
10min1500SeqData_Energy_J2Energy_ResidLadder3_OE_Std_EvalTest_Seed0,leo/10min-1500/10min1500SeqData_Energy_J2Energy_ResidLadder3_OE_Std_EvalTest_Seed0.log,MiniRocket,83.44,83.44,1,1,,9996.0,0.5788,21.9261,False,0,0.7741,0.9289,0.8444,0.9477,0.7244,0.8212,0.9106,0.7244,0.8069,0.7742,0.96,0.8571,0.8516,0.8344,0.8324,0.8516,0.8344,0.8324,209.0,0.0,16.0,0.0,163.0,0.0,61.0,0.0,163.0,0.0,9.0,0.0
10min1500SeqData_Energy_J2Energy_ResidLadder3_OE_Std_EvalTest_Seed0,leo/10min-1500/10min1500SeqData_Energy_J2Energy_ResidLadder3_OE_Std_EvalTest_Seed0.log,LSTM,84.22,84.22,28,28,0.3431,94780.0,0.723114013671875,33.8679,True,0,0.8522,0.8711,0.8615,0.9101,0.72,0.804,0.8682,0.8489,0.8584,0.7684,0.9289,0.841,0.8497,0.8422,0.8412,0.8497,0.8422,0.8412,196.0,0.0,29.0,0.0,162.0,0.0,34.0,0.0,191.0,0.0,16.0,0.0
10min1500SeqData_Energy_J2Energy_ResidLadder3_OE_Std_EvalTest_Seed0,leo/10min-1500/10min1500SeqData_Energy_J2Energy_ResidLadder3_OE_Std_EvalTest_Seed0.log,Mamba,81.0,81.0,23,23,0.4792,25018.0,0.1908721923828125,80.9951,True,0,0.8109,0.8578,0.8337,0.8446,0.7244,0.7799,0.8443,0.7956,0.8192,0.7549,0.8622,0.805,0.8137,0.81,0.8094,0.8137,0.81,0.8094,193.0,0.0,32.0,1.0,163.0,1.0,43.0,0.0,179.0,1.0,30.0,0.0
10min1500SeqData_Energy_J2Energy_ResidLadder3_OE_Std_EvalTest_Seed0,leo/10min-1500/10min1500SeqData_Energy_J2Energy_ResidLadder3_OE_Std_EvalTest_Seed0.log,Transformer,85.0,85.0,38,38,0.3384,405132.0,3.090911865234375,50.4009,True,0,0.7918,0.9467,0.8623,1.0,0.7022,0.8251,0.9337,0.7511,0.8325,0.7705,1.0,0.8704,0.874,0.85,0.8476,0.874,0.85,0.8476,213.0,0.0,12.0,0.0,158.0,0.0,56.0,0.0,169.0,0.0,0.0,0.0
10min1500SeqData_Energy_J2Energy_ResidLadder3_OE_Std_EvalTest_Seed0,leo/10min-1500/10min1500SeqData_Energy_J2Energy_ResidLadder3_OE_Std_EvalTest_Seed0.log,1D-CNN (InceptionTime),85.22,85.22,27,27,0.3263,473668.0,3.613800048828125,93.4357,True,0,0.8142,0.9156,0.8619,1.0,0.7022,0.8251,0.9036,0.7911,0.8436,0.7705,1.0,0.8704,0.8721,0.8522,0.8502,0.8721,0.8522,0.8502,206.0,0.0,19.0,0.0,158.0,0.0,47.0,0.0,178.0,0.0,0.0,0.0
10min1500SeqData_Energy_J2Energy_ResidLadder3_OE_Std_Test_geo_Seed2,leo/10min-1500/10min1500SeqData_Energy_J2Energy_ResidLadder3_OE_Std_Test_geo_Seed2.log,Decision Trees (LightGBM),62.0,62.0,1,1,1.0394,,0.40021514892578125,0.4469,False,0,0.974,1.0,0.9868,0.3786,0.7689,0.5073,0.0,0.0,0.0,0.7547,0.7111,0.7323,0.5268,0.62,0.5566,0.5268,0.62,0.5566,225.0,0.0,0.0,0.0,173.0,0.0,6.0,219.0,0.0,0.0,65.0,0.0
10min1500SeqData_Energy_J2Energy_ResidLadder3_OE_Std_Test_geo_Seed2,leo/10min-1500/10min1500SeqData_Energy_J2Energy_ResidLadder3_OE_Std_Test_geo_Seed2.log,MiniRocket,49.78,49.78,1,1,,9996.0,0.5787,22.0257,False,0,0.9298,1.0,0.9636,0.3333,0.9556,0.4943,0.0,0.0,0.0,0.6154,0.0356,0.0672,0.4696,0.4978,0.3813,0.4696,0.4978,0.3813,225.0,0.0,0.0,8.0,215.0,0.0,8.0,214.0,0.0,1.0,216.0,0.0
10min1500SeqData_Energy_J2Energy_ResidLadder3_OE_Std_Test_geo_Seed2,leo/10min-1500/10min1500SeqData_Energy_J2Energy_ResidLadder3_OE_Std_Test_geo_Seed2.log,LSTM,25.0,83.56,18,33,5.0839,94780.0,0.723114013671875,40.559,True,0,0.25,1.0,0.4,0.0,0.0,0.0,0.0,0.0,0.0,0.0,0.0,0.0,0.0625,0.25,0.1,0.0625,0.25,0.1,225.0,0.0,0.0,225.0,0.0,0.0,225.0,0.0,0.0,225.0,0.0,0.0
10min1500SeqData_Energy_J2Energy_ResidLadder3_OE_Std_Test_geo_Seed2,leo/10min-1500/10min1500SeqData_Energy_J2Energy_ResidLadder3_OE_Std_Test_geo_Seed2.log,Mamba,25.0,80.78,10,20,3.2863,25018.0,0.1908721923828125,73.7808,True,0,0.25,1.0,0.4,0.0,0.0,0.0,0.0,0.0,0.0,0.0,0.0,0.0,0.0625,0.25,0.1,0.0625,0.25,0.1,225.0,0.0,0.0,225.0,0.0,0.0,225.0,0.0,0.0,225.0,0.0,0.0
10min1500SeqData_Energy_J2Energy_ResidLadder3_OE_Std_Test_geo_Seed2,leo/10min-1500/10min1500SeqData_Energy_J2Energy_ResidLadder3_OE_Std_Test_geo_Seed2.log,Transformer,25.0,83.56,28,61,4.7506,405132.0,3.090911865234375,83.9843,True,0,0.0,0.0,0.0,0.0,0.0,0.0,0.25,1.0,0.4,0.0,0.0,0.0,0.0625,0.25,0.1,0.0625,0.25,0.1,0.0,0.0,225.0,0.0,0.0,225.0,0.0,0.0,225.0,0.0,0.0,225.0
10min1500SeqData_Energy_J2Energy_ResidLadder3_OE_Std_Test_geo_Seed2,leo/10min-1500/10min1500SeqData_Energy_J2Energy_ResidLadder3_OE_Std_Test_geo_Seed2.log,1D-CNN (InceptionTime),25.0,83.89,19,26,5.2801,473668.0,3.613800048828125,92.2798,True,0,0.25,1.0,0.4,0.0,0.0,0.0,0.0,0.0,0.0,0.0,0.0,0.0,0.0625,0.25,0.1,0.0625,0.25,0.1,225.0,0.0,0.0,225.0,0.0,0.0,225.0,0.0,0.0,225.0,0.0,0.0
10min1500SeqData_Std_Test_geo_Seed0,leo/10min-1500/10min1500SeqData_Std_Test_geo_Seed0.log,Decision Trees (LightGBM),25.0,25.0,1,1,1.3877,,0.4080171585083008,0.1965,False,0,0.25,0.3244,0.2824,0.25,0.5511,0.344,0.25,0.0489,0.0818,0.25,0.0756,0.116,0.25,0.25,0.206,0.25,0.25,0.206,73.0,124.0,11.0,73.0,124.0,11.0,73.0,124.0,11.0,73.0,124.0,11.0
10min1500SeqData_Std_Test_geo_Seed0,leo/10min-1500/10min1500SeqData_Std_Test_geo_Seed0.log,MiniRocket,25.0,25.0,1,1,,9996.0,0.5786,20.9278,False,0,0.25,0.0489,0.0818,0.25,0.4089,0.3103,0.0,0.0,0.0,0.25,0.5422,0.3422,0.1875,0.25,0.1836,0.1875,0.25,0.1836,11.0,92.0,0.0,11.0,92.0,0.0,11.0,92.0,0.0,11.0,92.0,0.0
10min1500SeqData_Std_Test_geo_Seed0,leo/10min-1500/10min1500SeqData_Std_Test_geo_Seed0.log,LSTM,25.0,25.0,1,18,1.3863,28660.0,0.218658447265625,16.1091,True,0,0.25,0.2311,0.2402,0.0,0.0,0.0,0.25,0.3467,0.2905,0.25,0.4222,0.314,0.1875,0.25,0.2112,0.1875,0.25,0.2112,52.0,0.0,78.0,52.0,0.0,78.0,52.0,0.0,78.0,52.0,0.0,78.0
10min1500SeqData_Std_Test_geo_Seed0,leo/10min-1500/10min1500SeqData_Std_Test_geo_Seed0.log,Mamba,25.0,25.11,13,27,1.3863,12208.0,0.0931396484375,104.2198,True,0,0.25,0.3422,0.2889,0.25,0.44,0.3188,0.25,0.0667,0.1053,0.25,0.1511,0.1884,0.25,0.25,0.2253,0.25,0.25,0.2253,77.0,99.0,15.0,77.0,99.0,15.0,77.0,99.0,15.0,77.0,99.0,15.0
10min1500SeqData_Std_Test_geo_Seed0,leo/10min-1500/10min1500SeqData_Std_Test_geo_Seed0.log,Transformer,25.0,25.0,1,42,1.3863,213092.0,1.625762939453125,56.9649,True,0,0.25,0.8044,0.3815,0.25,0.0844,0.1262,0.25,0.0133,0.0253,0.25,0.0978,0.1406,0.25,0.25,0.1684,0.25,0.25,0.1684,181.0,19.0,3.0,181.0,19.0,3.0,181.0,19.0,3.0,181.0,19.0,3.0
10min1500SeqData_Std_Test_geo_Seed0,leo/10min-1500/10min1500SeqData_Std_Test_geo_Seed0.log,1D-CNN (InceptionTime),25.0,25.0,1,35,1.3862,472708.0,3.606475830078125,122.12,True,0,0.25,0.6978,0.3681,0.0,0.0,0.0,0.25,0.3022,0.2736,0.0,0.0,0.0,0.125,0.25,0.1604,0.125,0.25,0.1604,157.0,0.0,68.0,157.0,0.0,68.0,157.0,0.0,68.0,157.0,0.0,68.0
10min1500SeqData_Energy_J2Energy_OE_Std_Test_geo_Seed2,leo/10min-1500/10min1500SeqData_Energy_J2Energy_OE_Std_Test_geo_Seed2.log,Decision Trees (LightGBM),25.0,25.0,1,1,1.4653,,0.4017181396484375,0.311,False,0,0.0,0.0,0.0,0.2508,0.9867,0.4,0.0,0.0,0.0,0.2,0.0133,0.025,0.1127,0.25,0.1063,0.1127,0.25,0.1062,0.0,221.0,0.0,0.0,222.0,0.0,0.0,220.0,0.0,0.0,222.0,0.0
10min1500SeqData_Energy_J2Energy_OE_Std_Test_geo_Seed2,leo/10min-1500/10min1500SeqData_Energy_J2Energy_OE_Std_Test_geo_Seed2.log,MiniRocket,49.22,49.22,1,1,,9996.0,0.5786,21.7499,False,0,0.463,1.0,0.6329,0.0,0.0,0.0,0.1538,0.0267,0.0455,0.5653,0.9422,0.7067,0.2955,0.4922,0.3463,0.2955,0.4922,0.3463,225.0,0.0,0.0,29.0,0.0,33.0,219.0,0.0,6.0,13.0,0.0,0.0
10min1500SeqData_Energy_J2Energy_OE_Std_Test_geo_Seed2,leo/10min-1500/10min1500SeqData_Energy_J2Energy_OE_Std_Test_geo_Seed2.log,LSTM,25.0,69.78,86,89,4.6068,50500.0,0.385284423828125,91.3716,True,0,0.0,0.0,0.0,0.25,1.0,0.4,0.0,0.0,0.0,0.0,0.0,0.0,0.0625,0.25,0.1,0.0625,0.25,0.1,0.0,225.0,0.0,0.0,225.0,0.0,0.0,225.0,0.0,0.0,225.0,0.0
10min1500SeqData_Energy_J2Energy_OE_Std_Test_geo_Seed2,leo/10min-1500/10min1500SeqData_Energy_J2Energy_OE_Std_Test_geo_Seed2.log,Mamba,25.0,55.0,99,101,3.4567,17044.0,0.130035400390625,391.2012,False,0,0.0,0.0,0.0,0.0,0.0,0.0,0.25,1.0,0.4,0.0,0.0,0.0,0.0625,0.25,0.1,0.0625,0.25,0.1,0.0,0.0,225.0,0.0,0.0,225.0,0.0,0.0,225.0,0.0,0.0,225.0
10min1500SeqData_Energy_J2Energy_OE_Std_Test_geo_Seed2,leo/10min-1500/10min1500SeqData_Energy_J2Energy_OE_Std_Test_geo_Seed2.log,Transformer,25.0,68.22,27,38,6.184,288324.0,2.199737548828125,51.1247,True,0,0.0,0.0,0.0,0.25,1.0,0.4,0.0,0.0,0.0,0.0,0.0,0.0,0.0625,0.25,0.1,0.0625,0.25,0.1,0.0,225.0,0.0,0.0,225.0,0.0,0.0,225.0,0.0,0.0,225.0,0.0
10min1500SeqData_Energy_J2Energy_OE_Std_Test_geo_Seed2,leo/10min-1500/10min1500SeqData_Energy_J2Energy_OE_Std_Test_geo_Seed2.log,1D-CNN (InceptionTime),25.0,75.0,36,47,4.7862,473092.0,3.609405517578125,166.4324,True,0,0.25,1.0,0.4,0.0,0.0,0.0,0.0,0.0,0.0,0.0,0.0,0.0,0.0625,0.25,0.1,0.0625,0.25,0.1,225.0,0.0,0.0,225.0,0.0,0.0,225.0,0.0,0.0,225.0,0.0,0.0
10min1500SeqData_Energy_J2Energy_ResidLadder3_OE_Std_Test_geo_Seed1,leo/10min-1500/10min1500SeqData_Energy_J2Energy_ResidLadder3_OE_Std_Test_geo_Seed1.log,Decision Trees (LightGBM),65.89,65.89,1,1,0.6663,,0.4003181457519531,0.47,False,0,0.9783,1.0,0.989,0.402,0.7022,0.5113,0.0,0.0,0.0,0.7581,0.9333,0.8367,0.5346,0.6589,0.5842,0.5346,0.6589,0.5842,225.0,0.0,0.0,0.0,158.0,0.0,5.0,220.0,0.0,0.0,15.0,0.0
10min1500SeqData_Energy_J2Energy_ResidLadder3_OE_Std_Test_geo_Seed1,leo/10min-1500/10min1500SeqData_Energy_J2Energy_ResidLadder3_OE_Std_Test_geo_Seed1.log,MiniRocket,72.44,72.44,1,1,,9996.0,0.5788,22.5871,False,0,0.9752,0.8756,0.9227,0.5471,0.5422,0.5446,0.7761,0.9244,0.8438,0.6039,0.5556,0.5787,0.7256,0.7244,0.7225,0.7256,0.7244,0.7225,197.0,0.0,28.0,0.0,122.0,32.0,5.0,1.0,208.0,0.0,100.0,0.0
10min1500SeqData_Energy_J2Energy_ResidLadder3_OE_Std_Test_geo_Seed1,leo/10min-1500/10min1500SeqData_Energy_J2Energy_ResidLadder3_OE_Std_Test_geo_Seed1.log,LSTM,25.0,83.33,21,31,4.4872,94780.0,0.723114013671875,37.7134,True,0,0.25,1.0,0.4,0.0,0.0,0.0,0.0,0.0,0.0,0.0,0.0,0.0,0.0625,0.25,0.1,0.0625,0.25,0.1,225.0,0.0,0.0,225.0,0.0,0.0,225.0,0.0,0.0,225.0,0.0,0.0
10min1500SeqData_Energy_J2Energy_ResidLadder3_OE_Std_Test_geo_Seed1,leo/10min-1500/10min1500SeqData_Energy_J2Energy_ResidLadder3_OE_Std_Test_geo_Seed1.log,Mamba,25.0,79.89,15,21,4.4435,25018.0,0.1908721923828125,78.0743,True,0,0.25,1.0,0.4,0.0,0.0,0.0,0.0,0.0,0.0,0.0,0.0,0.0,0.0625,0.25,0.1,0.0625,0.25,0.1,225.0,0.0,0.0,225.0,0.0,0.0,225.0,0.0,0.0,225.0,0.0,0.0
10min1500SeqData_Energy_J2Energy_ResidLadder3_OE_Std_Test_geo_Seed1,leo/10min-1500/10min1500SeqData_Energy_J2Energy_ResidLadder3_OE_Std_Test_geo_Seed1.log,Transformer,25.0,82.89,34,45,5.4317,405132.0,3.090911865234375,64.4241,True,0,0.25,1.0,0.4,0.0,0.0,0.0,0.0,0.0,0.0,0.0,0.0,0.0,0.0625,0.25,0.1,0.0625,0.25,0.1,225.0,0.0,0.0,225.0,0.0,0.0,225.0,0.0,0.0,225.0,0.0,0.0
10min1500SeqData_Energy_J2Energy_ResidLadder3_OE_Std_Test_geo_Seed1,leo/10min-1500/10min1500SeqData_Energy_J2Energy_ResidLadder3_OE_Std_Test_geo_Seed1.log,1D-CNN (InceptionTime),25.0,83.56,19,42,4.559,473668.0,3.613800048828125,151.9148,True,0,0.25,1.0,0.4,0.0,0.0,0.0,0.0,0.0,0.0,0.0,0.0,0.0,0.0625,0.25,0.1,0.0625,0.25,0.1,225.0,0.0,0.0,225.0,0.0,0.0,225.0,0.0,0.0,225.0,0.0,0.0
10min1500SeqData_Energy_J2Energy_ResidLadder3_OE_Std_EvalTest_Seed1,leo/10min-1500/10min1500SeqData_Energy_J2Energy_ResidLadder3_OE_Std_EvalTest_Seed1.log,Decision Trees (LightGBM),80.33,80.33,1,1,0.5788,,0.4003181457519531,0.4544,False,0,0.7354,0.9511,0.8295,0.907,0.6933,0.7859,0.897,0.6578,0.759,0.7537,0.9111,0.8249,0.8233,0.8033,0.7998,0.8233,0.8033,0.7998,214.0,0.0,11.0,0.0,156.0,2.0,77.0,0.0,148.0,0.0,16.0,4.0
10min1500SeqData_Energy_J2Energy_ResidLadder3_OE_Std_EvalTest_Seed1,leo/10min-1500/10min1500SeqData_Energy_J2Energy_ResidLadder3_OE_Std_EvalTest_Seed1.log,MiniRocket,79.11,79.11,1,1,,9996.0,0.5788,21.1471,False,0,0.7189,0.8978,0.7984,0.9375,0.6667,0.7792,0.8683,0.6444,0.7398,0.7363,0.9556,0.8317,0.8152,0.7911,0.7873,0.8152,0.7911,0.7873,202.0,0.0,22.0,0.0,150.0,0.0,79.0,0.0,145.0,0.0,10.0,0.0
10min1500SeqData_Energy_J2Energy_ResidLadder3_OE_Std_EvalTest_Seed1,leo/10min-1500/10min1500SeqData_Energy_J2Energy_ResidLadder3_OE_Std_EvalTest_Seed1.log,LSTM,80.67,83.33,21,31,0.4128,94780.0,0.723114013671875,37.8922,True,0,0.7439,0.9422,0.8314,0.9102,0.6756,0.7755,0.9212,0.6756,0.7795,0.742,0.9333,0.8268,0.8293,0.8067,0.8033,0.8293,0.8067,0.8033,212.0,0.0,13.0,0.0,152.0,0.0,73.0,0.0,152.0,0.0,15.0,0.0
10min1500SeqData_Energy_J2Energy_ResidLadder3_OE_Std_EvalTest_Seed1,leo/10min-1500/10min1500SeqData_Energy_J2Energy_ResidLadder3_OE_Std_EvalTest_Seed1.log,Mamba,76.33,79.89,15,21,0.5319,25018.0,0.1908721923828125,78.5161,True,0,0.755,0.8356,0.7932,0.765,0.7378,0.7511,0.805,0.7156,0.7576,0.735,0.7644,0.7495,0.765,0.7633,0.7629,0.765,0.7633,0.7629,188.0,0.0,37.0,0.0,166.0,0.0,61.0,0.0,161.0,0.0,51.0,2.0
10min1500SeqData_Energy_J2Energy_ResidLadder3_OE_Std_EvalTest_Seed1,leo/10min-1500/10min1500SeqData_Energy_J2Energy_ResidLadder3_OE_Std_EvalTest_Seed1.log,Transformer,81.33,82.89,34,45,0.4038,405132.0,3.090911865234375,61.5003,True,0,0.7204,0.9733,0.828,1.0,0.6578,0.7936,0.9589,0.6222,0.7547,0.745,1.0,0.8539,0.8561,0.8133,0.8075,0.8561,0.8133,0.8075,219.0,0.0,6.0,0.0,148.0,0.0,85.0,0.0,140.0,0.0,0.0,0.0
10min1500SeqData_Energy_J2Energy_ResidLadder3_OE_Std_EvalTest_Seed1,leo/10min-1500/10min1500SeqData_Energy_J2Energy_ResidLadder3_OE_Std_EvalTest_Seed1.log,1D-CNN (InceptionTime),81.67,83.78,26,30,0.3855,473668.0,3.613800048828125,104.917,True,0,0.7566,0.8978,0.8211,1.0,0.6578,0.7936,0.8743,0.7111,0.7843,0.745,1.0,0.8539,0.844,0.8167,0.8132,0.844,0.8167,0.8132,202.0,0.0,23.0,0.0,148.0,0.0,65.0,0.0,160.0,0.0,0.0,0.0
10min1500SeqData_Energy_J2Energy_OE_Std_Test_geo_Seed1,leo/10min-1500/10min1500SeqData_Energy_J2Energy_OE_Std_Test_geo_Seed1.log,Decision Trees (LightGBM),24.89,24.89,1,1,1.5458,,0.4018363952636719,0.3059,False,0,0.0,0.0,0.0,0.2494,0.9956,0.3989,0.0,0.0,0.0,0.0,0.0,0.0,0.0624,0.2489,0.0997,0.0624,0.2489,0.0997,0.0,224.0,0.0,0.0,224.0,0.0,0.0,225.0,0.0,0.0,225.0,0.0
10min1500SeqData_Energy_J2Energy_OE_Std_Test_geo_Seed1,leo/10min-1500/10min1500SeqData_Energy_J2Energy_OE_Std_Test_geo_Seed1.log,MiniRocket,34.89,34.89,1,1,,9996.0,0.5787,20.6124,False,0,0.4364,0.9911,0.606,0.1111,0.0311,0.0486,0.2255,0.3067,0.2599,0.75,0.0667,0.1224,0.3808,0.3489,0.2592,0.3808,0.3489,0.2592,223.0,0.0,2.0,5.0,7.0,208.0,156.0,0.0,69.0,127.0,56.0,27.0
10min1500SeqData_Energy_J2Energy_OE_Std_Test_geo_Seed1,leo/10min-1500/10min1500SeqData_Energy_J2Energy_OE_Std_Test_geo_Seed1.log,LSTM,25.0,68.11,72,74,4.3906,50500.0,0.385284423828125,76.2053,True,0,0.0,0.0,0.0,0.0,0.0,0.0,0.0,0.0,0.0,0.25,1.0,0.4,0.0625,0.25,0.1,0.0625,0.25,0.1,0.0,0.0,0.0,0.0,0.0,0.0,0.0,0.0,0.0,0.0,0.0,0.0
10min1500SeqData_Energy_J2Energy_OE_Std_Test_geo_Seed1,leo/10min-1500/10min1500SeqData_Energy_J2Energy_OE_Std_Test_geo_Seed1.log,Mamba,25.0,51.11,42,63,1.4499,17044.0,0.130035400390625,255.0679,True,0,0.0,0.0,0.0,0.25,1.0,0.4,0.0,0.0,0.0,0.0,0.0,0.0,0.0625,0.25,0.1,0.0625,0.25,0.1,0.0,225.0,0.0,0.0,225.0,0.0,0.0,225.0,0.0,0.0,225.0,0.0
10min1500SeqData_Energy_J2Energy_OE_Std_Test_geo_Seed1,leo/10min-1500/10min1500SeqData_Energy_J2Energy_OE_Std_Test_geo_Seed1.log,Transformer,25.0,81.44,77,94,7.0778,288324.0,2.199737548828125,135.0801,True,0,0.0,0.0,0.0,0.25,1.0,0.4,0.0,0.0,0.0,0.0,0.0,0.0,0.0625,0.25,0.1,0.0625,0.25,0.1,0.0,225.0,0.0,0.0,225.0,0.0,0.0,225.0,0.0,0.0,225.0,0.0
10min1500SeqData_Energy_J2Energy_OE_Std_Test_geo_Seed1,leo/10min-1500/10min1500SeqData_Energy_J2Energy_OE_Std_Test_geo_Seed1.log,1D-CNN (InceptionTime),25.0,75.56,37,38,5.382,473092.0,3.609405517578125,130.1244,True,0,0.25,1.0,0.4,0.0,0.0,0.0,0.0,0.0,0.0,0.0,0.0,0.0,0.0625,0.25,0.1,0.0625,0.25,0.1,225.0,0.0,0.0,225.0,0.0,0.0,225.0,0.0,0.0,225.0,0.0,0.0
10min1500SeqData_Energy_J2Energy_ResidLadder3_OE_Std_EvalTest_Seed2,leo/10min-1500/10min1500SeqData_Energy_J2Energy_ResidLadder3_OE_Std_EvalTest_Seed2.log,Decision Trees (LightGBM),81.33,81.33,1,1,0.565,,0.40021514892578125,0.4609,False,0,0.7051,0.9778,0.8194,0.9538,0.7333,0.8291,0.9366,0.5911,0.7248,0.7839,0.9511,0.8594,0.8448,0.8133,0.8082,0.8448,0.8133,0.8082,220.0,0.0,5.0,0.0,165.0,1.0,92.0,0.0,133.0,0.0,8.0,3.0
10min1500SeqData_Energy_J2Energy_ResidLadder3_OE_Std_EvalTest_Seed2,leo/10min-1500/10min1500SeqData_Energy_J2Energy_ResidLadder3_OE_Std_EvalTest_Seed2.log,MiniRocket,79.56,79.56,1,1,,9996.0,0.5787,21.3831,False,0,0.7168,0.8889,0.7937,0.8919,0.7333,0.8049,0.8538,0.6489,0.7374,0.7736,0.9111,0.8367,0.809,0.7956,0.7932,0.809,0.7956,0.7932,200.0,0.0,25.0,0.0,165.0,0.0,79.0,0.0,146.0,0.0,20.0,0.0
10min1500SeqData_Energy_J2Energy_ResidLadder3_OE_Std_EvalTest_Seed2,leo/10min-1500/10min1500SeqData_Energy_J2Energy_ResidLadder3_OE_Std_EvalTest_Seed2.log,LSTM,77.89,83.56,18,33,0.4704,94780.0,0.723114013671875,39.909,True,0,0.749,0.8622,0.8017,0.7808,0.76,0.7703,0.8368,0.7067,0.7663,0.7629,0.7867,0.7746,0.7824,0.7789,0.7782,0.7824,0.7789,0.7782,194.0,0.0,31.0,0.0,171.0,0.0,65.0,0.0,159.0,0.0,48.0,0.0
10min1500SeqData_Energy_J2Energy_ResidLadder3_OE_Std_EvalTest_Seed2,leo/10min-1500/10min1500SeqData_Energy_J2Energy_ResidLadder3_OE_Std_EvalTest_Seed2.log,Mamba,78.56,80.78,10,20,0.5148,25018.0,0.1908721923828125,71.3067,True,0,0.7196,0.8667,0.7863,0.8859,0.7244,0.7971,0.8132,0.6578,0.7273,0.7643,0.8933,0.8238,0.7957,0.7856,0.7836,0.7957,0.7856,0.7836,195.0,0.0,30.0,0.0,163.0,1.0,76.0,0.0,148.0,0.0,21.0,3.0
10min1500SeqData_Energy_J2Energy_ResidLadder3_OE_Std_EvalTest_Seed2,leo/10min-1500/10min1500SeqData_Energy_J2Energy_ResidLadder3_OE_Std_EvalTest_Seed2.log,Transformer,82.33,83.56,28,61,0.3781,405132.0,3.090911865234375,84.0236,True,0,0.7061,0.9822,0.8216,1.0,0.72,0.8372,0.9708,0.5911,0.7348,0.7812,1.0,0.8772,0.8645,0.8233,0.8177,0.8645,0.8233,0.8177,221.0,0.0,4.0,0.0,162.0,0.0,92.0,0.0,133.0,0.0,0.0,0.0
10min1500SeqData_Energy_J2Energy_ResidLadder3_OE_Std_EvalTest_Seed2,leo/10min-1500/10min1500SeqData_Energy_J2Energy_ResidLadder3_OE_Std_EvalTest_Seed2.log,1D-CNN (InceptionTime),82.22,84.22,30,32,0.3815,473668.0,3.613800048828125,115.1457,True,0,0.7417,0.8933,0.8105,0.976,0.7244,0.8316,0.8659,0.6889,0.7673,0.7809,0.9822,0.8701,0.8411,0.8222,0.8199,0.8411,0.8222,0.8199,201.0,0.0,24.0,0.0,163.0,0.0,70.0,0.0,155.0,0.0,4.0,0.0
10min1500SeqData_Energy_J2Energy_OE_Std_Test_geo_Seed0,leo/10min-1500/10min1500SeqData_Energy_J2Energy_OE_Std_Test_geo_Seed0.log,Decision Trees (LightGBM),24.0,24.0,1,1,1.4398,,0.40190792083740234,0.3025,False,0,0.0,0.0,0.0,0.2426,0.9467,0.3862,0.0,0.0,0.0,0.1364,0.0133,0.0243,0.0947,0.24,0.1026,0.0947,0.24,0.1026,0.0,223.0,0.0,0.0,213.0,0.0,0.0,220.0,0.0,0.0,222.0,0.0
10min1500SeqData_Energy_J2Energy_OE_Std_Test_geo_Seed0,leo/10min-1500/10min1500SeqData_Energy_J2Energy_OE_Std_Test_geo_Seed0.log,MiniRocket,36.78,36.78,1,1,,9996.0,0.5787,21.3679,False,0,0.3879,1.0,0.559,0.233,0.2133,0.2227,0.0,0.0,0.0,0.5421,0.2578,0.3494,0.2907,0.3678,0.2828,0.2907,0.3678,0.2828,225.0,0.0,0.0,121.0,48.0,7.0,225.0,0.0,0.0,9.0,158.0,0.0
10min1500SeqData_Energy_J2Energy_OE_Std_Test_geo_Seed0,leo/10min-1500/10min1500SeqData_Energy_J2Energy_OE_Std_Test_geo_Seed0.log,LSTM,25.0,66.67,59,72,6.1843,50500.0,0.385284423828125,74.6784,True,0,0.0,0.0,0.0,0.25,1.0,0.4,0.0,0.0,0.0,0.0,0.0,0.0,0.0625,0.25,0.1,0.0625,0.25,0.1,0.0,225.0,0.0,0.0,225.0,0.0,0.0,225.0,0.0,0.0,225.0,0.0
10min1500SeqData_Energy_J2Energy_OE_Std_Test_geo_Seed0,leo/10min-1500/10min1500SeqData_Energy_J2Energy_OE_Std_Test_geo_Seed0.log,Mamba,25.0,49.56,57,59,7.4305,17044.0,0.130035400390625,225.2649,True,0,0.25,1.0,0.4,0.0,0.0,0.0,0.0,0.0,0.0,0.0,0.0,0.0,0.0625,0.25,0.1,0.0625,0.25,0.1,225.0,0.0,0.0,225.0,0.0,0.0,225.0,0.0,0.0,225.0,0.0,0.0
10min1500SeqData_Energy_J2Energy_OE_Std_Test_geo_Seed0,leo/10min-1500/10min1500SeqData_Energy_J2Energy_OE_Std_Test_geo_Seed0.log,Transformer,25.0,80.67,97,101,3.9421,288324.0,2.199737548828125,139.9072,False,0,0.0,0.0,0.0,0.25,1.0,0.4,0.0,0.0,0.0,0.0,0.0,0.0,0.0625,0.25,0.1,0.0625,0.25,0.1,0.0,225.0,0.0,0.0,225.0,0.0,0.0,225.0,0.0,0.0,225.0,0.0
10min1500SeqData_Energy_J2Energy_OE_Std_Test_geo_Seed0,leo/10min-1500/10min1500SeqData_Energy_J2Energy_OE_Std_Test_geo_Seed0.log,1D-CNN (InceptionTime),25.0,75.33,44,45,3.6856,473092.0,3.609405517578125,157.2242,True,0,0.0,0.0,0.0,0.0,0.0,0.0,0.25,1.0,0.4,0.0,0.0,0.0,0.0625,0.25,0.1,0.0625,0.25,0.1,0.0,0.0,225.0,0.0,0.0,225.0,0.0,0.0,225.0,0.0,0.0,225.0
10min1500SeqData_Energy_J2Energy_OE_Std_EvalTest_Seed1,leo/10min-1500/10min1500SeqData_Energy_J2Energy_OE_Std_EvalTest_Seed1.log,Decision Trees (LightGBM),52.89,52.89,1,1,1.1406,,0.4018363952636719,0.3134,False,0,0.4549,0.5378,0.4929,0.637,0.7644,0.6949,0.4392,0.3689,0.401,0.5714,0.4444,0.5,0.5256,0.5289,0.5222,0.5256,0.5289,0.5222,121.0,7.0,81.0,9.0,172.0,5.0,115.0,7.0,83.0,21.0,84.0,20.0
10min1500SeqData_Energy_J2Energy_OE_Std_EvalTest_Seed1,leo/10min-1500/10min1500SeqData_Energy_J2Energy_OE_Std_EvalTest_Seed1.log,MiniRocket,79.56,79.56,1,1,,9996.0,0.5787,21.0035,False,0,0.722,0.9467,0.8192,0.9299,0.6489,0.7644,0.9231,0.64,0.7559,0.7295,0.9467,0.824,0.8261,0.7956,0.7909,0.8261,0.7956,0.7909,213.0,0.0,12.0,0.0,146.0,0.0,81.0,0.0,144.0,1.0,11.0,0.0
10min1500SeqData_Energy_J2Energy_OE_Std_EvalTest_Seed1,leo/10min-1500/10min1500SeqData_Energy_J2Energy_OE_Std_EvalTest_Seed1.log,LSTM,66.56,68.11,72,74,0.6092,50500.0,0.385284423828125,76.4664,True,0,0.5275,0.8089,0.6386,0.913,0.6533,0.7617,0.5922,0.2711,0.372,0.7182,0.9289,0.8101,0.6878,0.6656,0.6456,0.6878,0.6656,0.6456,182.0,0.0,41.0,0.0,147.0,0.0,162.0,0.0,61.0,1.0,14.0,1.0
10min1500SeqData_Energy_J2Energy_OE_Std_EvalTest_Seed1,leo/10min-1500/10min1500SeqData_Energy_J2Energy_OE_Std_EvalTest_Seed1.log,Mamba,52.33,52.33,63,63,1.0803,17044.0,0.130035400390625,234.9303,True,0,0.4803,0.4889,0.4846,0.6697,0.6578,0.6637,0.42,0.3733,0.3953,0.516,0.5733,0.5432,0.5215,0.5233,0.5217,0.5215,0.5233,0.5217,110.0,9.0,74.0,7.0,148.0,14.0,99.0,9.0,84.0,13.0,55.0,28.0
10min1500SeqData_Energy_J2Energy_OE_Std_EvalTest_Seed1,leo/10min-1500/10min1500SeqData_Energy_J2Energy_OE_Std_EvalTest_Seed1.log,Transformer,81.44,81.44,77,94,0.4024,288324.0,2.199737548828125,129.005,True,0,0.7676,0.8222,0.794,1.0,0.6844,0.8127,0.8086,0.7511,0.7788,0.7601,1.0,0.8637,0.8341,0.8144,0.8123,0.8341,0.8144,0.8123,185.0,0.0,40.0,0.0,154.0,0.0,56.0,0.0,169.0,0.0,0.0,0.0
10min1500SeqData_Energy_J2Energy_OE_Std_EvalTest_Seed1,leo/10min-1500/10min1500SeqData_Energy_J2Energy_OE_Std_EvalTest_Seed1.log,1D-CNN (InceptionTime),74.89,74.89,40,40,0.5547,473092.0,3.609405517578125,138.6003,True,0,0.694,0.8667,0.7708,0.7979,0.6844,0.7368,0.8225,0.6178,0.7056,0.7237,0.8267,0.7718,0.7595,0.7489,0.7462,0.7595,0.7489,0.7462,195.0,0.0,30.0,0.0,154.0,0.0,86.0,0.0,139.0,0.0,39.0,0.0
10min1500SeqData_Std_Test_geo_Seed2,leo/10min-1500/10min1500SeqData_Std_Test_geo_Seed2.log,Decision Trees (LightGBM),25.0,25.0,1,1,1.388,,0.40848827362060547,0.1972,False,0,0.25,0.0578,0.0939,0.0,0.0,0.0,0.0,0.0,0.0,0.25,0.9422,0.3952,0.125,0.25,0.1223,0.125,0.25,0.1223,13.0,0.0,0.0,13.0,0.0,0.0,13.0,0.0,0.0,13.0,0.0,0.0
10min1500SeqData_Std_Test_geo_Seed2,leo/10min-1500/10min1500SeqData_Std_Test_geo_Seed2.log,MiniRocket,24.89,24.89,1,1,,9996.0,0.5785,19.7552,False,0,0.25,0.16,0.1951,0.2495,0.5289,0.339,0.25,0.2356,0.2426,0.2388,0.0711,0.1096,0.2471,0.2489,0.2216,0.2471,0.2489,0.2216,36.0,119.0,53.0,36.0,119.0,53.0,36.0,119.0,53.0,36.0,120.0,53.0
10min1500SeqData_Std_Test_geo_Seed2,leo/10min-1500/10min1500SeqData_Std_Test_geo_Seed2.log,LSTM,25.0,25.0,1,13,1.3865,28660.0,0.218658447265625,11.5096,True,0,0.0,0.0,0.0,0.25,0.2,0.2222,0.25,0.3689,0.298,0.25,0.4311,0.3165,0.1875,0.25,0.2092,0.1875,0.25,0.2092,0.0,45.0,83.0,0.0,45.0,83.0,0.0,45.0,83.0,0.0,45.0,83.0
10min1500SeqData_Std_Test_geo_Seed2,leo/10min-1500/10min1500SeqData_Std_Test_geo_Seed2.log,Mamba,25.0,25.0,1,24,1.3863,12208.0,0.0931396484375,87.4847,True,0,0.25,0.4356,0.3177,0.25,0.08,0.1212,0.25,0.3778,0.3009,0.25,0.1067,0.1495,0.25,0.25,0.2223,0.25,0.25,0.2223,98.0,18.0,85.0,98.0,18.0,85.0,98.0,18.0,85.0,98.0,18.0,85.0
10min1500SeqData_Std_Test_geo_Seed2,leo/10min-1500/10min1500SeqData_Std_Test_geo_Seed2.log,Transformer,25.0,25.0,1,28,1.3863,213092.0,1.625762939453125,37.0686,True,0,0.25,0.3111,0.2772,0.25,0.0133,0.0253,0.25,0.4622,0.3245,0.25,0.2133,0.2302,0.25,0.25,0.2143,0.25,0.25,0.2143,70.0,3.0,104.0,70.0,3.0,104.0,70.0,3.0,104.0,70.0,3.0,104.0
10min1500SeqData_Std_Test_geo_Seed2,leo/10min-1500/10min1500SeqData_Std_Test_geo_Seed2.log,1D-CNN (InceptionTime),25.0,25.0,1,36,1.3865,472708.0,3.606475830078125,125.7688,True,0,0.0,0.0,0.0,0.25,1.0,0.4,0.0,0.0,0.0,0.0,0.0,0.0,0.0625,0.25,0.1,0.0625,0.25,0.1,0.0,225.0,0.0,0.0,225.0,0.0,0.0,225.0,0.0,0.0,225.0,0.0
10min1500SeqData_Std_EvalTest_Seed0,leo/10min-1500/10min1500SeqData_Std_EvalTest_Seed0.log,Decision Trees (LightGBM),24.89,24.89,1,1,1.3873,,0.4080171585083008,0.1976,False,0,0.2454,0.2933,0.2672,0.2447,0.2044,0.2228,0.2522,0.2533,0.2528,0.2535,0.2444,0.2489,0.2489,0.2489,0.2479,0.2489,0.2489,0.2479,66.0,48.0,57.0,69.0,46.0,56.0,66.0,48.0,57.0,68.0,46.0,56.0
10min1500SeqData_Std_EvalTest_Seed0,leo/10min-1500/10min1500SeqData_Std_EvalTest_Seed0.log,MiniRocket,25.56,25.56,1,1,,9996.0,0.5786,23.1672,False,0,0.2426,0.1822,0.2081,0.2584,0.4089,0.3167,0.2595,0.1511,0.191,0.2582,0.28,0.2687,0.2547,0.2556,0.2461,0.2547,0.2556,0.2461,41.0,89.0,34.0,41.0,92.0,31.0,42.0,90.0,34.0,45.0,85.0,32.0
10min1500SeqData_Std_EvalTest_Seed0,leo/10min-1500/10min1500SeqData_Std_EvalTest_Seed0.log,LSTM,25.0,25.0,1,18,1.3863,28660.0,0.218658447265625,16.8568,True,0,0.0,0.0,0.0,0.0,0.0,0.0,0.25,0.0044,0.0087,0.25,0.9956,0.3996,0.125,0.25,0.1021,0.125,0.25,0.1021,0.0,0.0,1.0,0.0,0.0,1.0,0.0,0.0,1.0,0.0,0.0,1.0
10min1500SeqData_Std_EvalTest_Seed0,leo/10min-1500/10min1500SeqData_Std_EvalTest_Seed0.log,Mamba,25.0,25.11,13,27,1.3863,12208.0,0.0931396484375,102.8011,True,0,0.25,0.1689,0.2016,0.25,0.3956,0.3064,0.25,0.1156,0.1581,0.25,0.32,0.2807,0.25,0.25,0.2367,0.25,0.25,0.2367,38.0,89.0,26.0,38.0,89.0,26.0,38.0,89.0,26.0,38.0,89.0,26.0
10min1500SeqData_Std_EvalTest_Seed0,leo/10min-1500/10min1500SeqData_Std_EvalTest_Seed0.log,Transformer,25.0,25.0,1,42,1.3862,213092.0,1.625762939453125,56.776,True,0,0.25,1.0,0.4,0.0,0.0,0.0,0.0,0.0,0.0,0.0,0.0,0.0,0.0625,0.25,0.1,0.0625,0.25,0.1,225.0,0.0,0.0,225.0,0.0,0.0,225.0,0.0,0.0,225.0,0.0,0.0
10min1500SeqData_Std_EvalTest_Seed0,leo/10min-1500/10min1500SeqData_Std_EvalTest_Seed0.log,1D-CNN (InceptionTime),25.0,25.0,1,35,1.3862,472708.0,3.606475830078125,122.154,True,0,0.25,0.6489,0.3609,0.0,0.0,0.0,0.25,0.3511,0.2921,0.0,0.0,0.0,0.125,0.25,0.1632,0.125,0.25,0.1632,146.0,0.0,79.0,146.0,0.0,79.0,146.0,0.0,79.0,146.0,0.0,79.0
10min1500SeqData_Std_EvalTest_Seed2,leo/10min-1500/10min1500SeqData_Std_EvalTest_Seed2.log,Decision Trees (LightGBM),24.89,24.89,1,1,1.387,,0.40848827362060547,0.1991,False,0,0.2477,0.3556,0.292,0.2464,0.1511,0.1873,0.251,0.2889,0.2686,0.25,0.2,0.2222,0.2488,0.2489,0.2425,0.2488,0.2489,0.2425,80.0,35.0,65.0,81.0,34.0,65.0,80.0,35.0,65.0,82.0,34.0,64.0
10min1500SeqData_Std_EvalTest_Seed2,leo/10min-1500/10min1500SeqData_Std_EvalTest_Seed2.log,MiniRocket,25.11,25.11,1,1,,9996.0,0.5785,19.5938,False,0,0.25,0.2978,0.2718,0.2484,0.3422,0.2879,0.2564,0.1333,0.1754,0.2537,0.2311,0.2419,0.2521,0.2511,0.2442,0.2521,0.2511,0.2442,67.0,77.0,30.0,65.0,77.0,32.0,67.0,77.0,30.0,69.0,79.0,25.0
10min1500SeqData_Std_EvalTest_Seed2,leo/10min-1500/10min1500SeqData_Std_EvalTest_Seed2.log,LSTM,25.0,25.0,1,13,1.3864,28660.0,0.218658447265625,11.8411,True,0,0.0,0.0,0.0,0.25,0.3289,0.2841,0.0,0.0,0.0,0.25,0.6711,0.3643,0.125,0.25,0.1621,0.125,0.25,0.1621,0.0,74.0,0.0,0.0,74.0,0.0,0.0,74.0,0.0,0.0,74.0,0.0
10min1500SeqData_Std_EvalTest_Seed2,leo/10min-1500/10min1500SeqData_Std_EvalTest_Seed2.log,Mamba,25.0,25.0,1,24,1.3863,12208.0,0.0931396484375,87.8751,True,0,0.25,0.1911,0.2166,0.25,0.4089,0.3103,0.25,0.3289,0.2841,0.25,0.0711,0.1107,0.25,0.25,0.2304,0.25,0.25,0.2304,43.0,92.0,74.0,43.0,92.0,74.0,43.0,92.0,74.0,43.0,92.0,74.0
10min1500SeqData_Std_EvalTest_Seed2,leo/10min-1500/10min1500SeqData_Std_EvalTest_Seed2.log,Transformer,25.0,25.0,1,28,1.3863,213092.0,1.625762939453125,37.4742,True,0,0.25,0.1333,0.1739,0.0,0.0,0.0,0.25,0.5644,0.3465,0.25,0.3022,0.2736,0.1875,0.25,0.1985,0.1875,0.25,0.1985,30.0,0.0,127.0,30.0,0.0,127.0,30.0,0.0,127.0,30.0,0.0,127.0
10min1500SeqData_Std_EvalTest_Seed2,leo/10min-1500/10min1500SeqData_Std_EvalTest_Seed2.log,1D-CNN (InceptionTime),25.0,25.0,1,36,1.3865,472708.0,3.606475830078125,127.234,True,0,0.0,0.0,0.0,0.25,1.0,0.4,0.0,0.0,0.0,0.0,0.0,0.0,0.0625,0.25,0.1,0.0625,0.25,0.1,0.0,225.0,0.0,0.0,225.0,0.0,0.0,225.0,0.0,0.0,225.0,0.0
10min1500SeqData_Std_EvalTest_Seed1,leo/10min-1500/10min1500SeqData_Std_EvalTest_Seed1.log,Decision Trees (LightGBM),25.11,25.11,1,1,1.3868,,0.4086923599243164,0.1994,False,0,0.2483,0.32,0.2796,0.2475,0.2178,0.2317,0.2542,0.2,0.2239,0.2553,0.2667,0.2609,0.2513,0.2511,0.249,0.2513,0.2511,0.249,72.0,50.0,45.0,74.0,49.0,43.0,72.0,50.0,45.0,72.0,49.0,44.0
10min1500SeqData_Std_EvalTest_Seed1,leo/10min-1500/10min1500SeqData_Std_EvalTest_Seed1.log,MiniRocket,25.11,25.11,1,1,,9996.0,0.5785,21.8308,False,0,0.2472,0.1956,0.2184,0.2639,0.3156,0.2874,0.25,0.1733,0.2047,0.2424,0.32,0.2759,0.2509,0.2511,0.2466,0.2509,0.2511,0.2466,44.0,64.0,40.0,45.0,71.0,37.0,44.0,66.0,39.0,45.0,68.0,40.0
10min1500SeqData_Std_EvalTest_Seed1,leo/10min-1500/10min1500SeqData_Std_EvalTest_Seed1.log,LSTM,25.0,25.0,1,25,1.3863,28660.0,0.218658447265625,22.9519,True,0,0.0,0.0,0.0,0.0,0.0,0.0,0.0,0.0,0.0,0.25,1.0,0.4,0.0625,0.25,0.1,0.0625,0.25,0.1,0.0,0.0,0.0,0.0,0.0,0.0,0.0,0.0,0.0,0.0,0.0,0.0
10min1500SeqData_Std_EvalTest_Seed1,leo/10min-1500/10min1500SeqData_Std_EvalTest_Seed1.log,Mamba,25.0,25.11,5,13,1.3863,12208.0,0.0931396484375,45.6984,True,0,0.25,0.3022,0.2736,0.25,0.1511,0.1884,0.25,0.4178,0.3128,0.25,0.1289,0.1701,0.25,0.25,0.2362,0.25,0.25,0.2362,68.0,34.0,94.0,68.0,34.0,94.0,68.0,34.0,94.0,68.0,34.0,94.0
10min1500SeqData_Std_EvalTest_Seed1,leo/10min-1500/10min1500SeqData_Std_EvalTest_Seed1.log,Transformer,25.0,25.0,1,30,1.3864,213092.0,1.625762939453125,39.5848,True,0,0.0,0.0,0.0,0.0,0.0,0.0,0.25,0.9911,0.3993,0.25,0.0089,0.0172,0.125,0.25,0.1041,0.125,0.25,0.1041,0.0,0.0,223.0,0.0,0.0,223.0,0.0,0.0,223.0,0.0,0.0,223.0
10min1500SeqData_Std_EvalTest_Seed1,leo/10min-1500/10min1500SeqData_Std_EvalTest_Seed1.log,1D-CNN (InceptionTime),25.0,25.0,1,34,1.3863,472708.0,3.606475830078125,118.6927,True,0,0.25,0.0356,0.0623,0.25,0.8667,0.3881,0.25,0.0978,0.1406,0.0,0.0,0.0,0.1875,0.25,0.1477,0.1875,0.25,0.1477,8.0,195.0,22.0,8.0,195.0,22.0,8.0,195.0,22.0,8.0,195.0,22.0
10min1500SeqData_Std_Test_geo_Seed1,leo/10min-1500/10min1500SeqData_Std_Test_geo_Seed1.log,Decision Trees (LightGBM),25.0,25.0,1,1,1.3888,,0.4086923599243164,0.1996,False,0,0.25,0.1156,0.1581,0.25,0.7511,0.3751,0.25,0.0222,0.0408,0.25,0.1111,0.1538,0.25,0.25,0.182,0.25,0.25,0.182,26.0,169.0,5.0,26.0,169.0,5.0,26.0,169.0,5.0,26.0,169.0,5.0
10min1500SeqData_Std_Test_geo_Seed1,leo/10min-1500/10min1500SeqData_Std_Test_geo_Seed1.log,MiniRocket,24.78,24.78,1,1,,9996.0,0.5785,21.4685,False,0,0.2479,0.1333,0.1734,0.25,0.0267,0.0482,0.2492,0.3467,0.29,0.2466,0.4844,0.3268,0.2484,0.2478,0.2096,0.2484,0.2478,0.2096,30.0,6.0,78.0,30.0,6.0,78.0,30.0,6.0,78.0,31.0,6.0,79.0
10min1500SeqData_Std_Test_geo_Seed1,leo/10min-1500/10min1500SeqData_Std_Test_geo_Seed1.log,LSTM,25.0,25.0,1,25,1.3863,28660.0,0.218658447265625,23.7713,True,0,0.25,0.0267,0.0482,0.25,0.2133,0.2302,0.25,0.0978,0.1406,0.25,0.6622,0.363,0.25,0.25,0.1955,0.25,0.25,0.1955,6.0,48.0,22.0,6.0,48.0,22.0,6.0,48.0,22.0,6.0,48.0,22.0
10min1500SeqData_Std_Test_geo_Seed1,leo/10min-1500/10min1500SeqData_Std_Test_geo_Seed1.log,Mamba,25.0,25.11,5,13,1.3864,12208.0,0.0931396484375,46.8606,True,0,0.25,0.0978,0.1406,0.25,0.2089,0.2276,0.25,0.6933,0.3675,0.0,0.0,0.0,0.1875,0.25,0.1839,0.1875,0.25,0.1839,22.0,47.0,156.0,22.0,47.0,156.0,22.0,47.0,156.0,22.0,47.0,156.0
10min1500SeqData_Std_Test_geo_Seed1,leo/10min-1500/10min1500SeqData_Std_Test_geo_Seed1.log,Transformer,25.0,25.0,1,30,1.3866,213092.0,1.625762939453125,41.2981,True,0,0.25,0.0356,0.0623,0.25,0.2711,0.2601,0.25,0.6222,0.3567,0.25,0.0711,0.1107,0.25,0.25,0.1974,0.25,0.25,0.1974,8.0,61.0,140.0,8.0,61.0,140.0,8.0,61.0,140.0,8.0,61.0,140.0
10min1500SeqData_Std_Test_geo_Seed1,leo/10min-1500/10min1500SeqData_Std_Test_geo_Seed1.log,1D-CNN (InceptionTime),25.0,25.0,1,34,1.3863,472708.0,3.606475830078125,117.6284,True,0,0.25,0.0133,0.0253,0.25,0.8533,0.3867,0.25,0.1333,0.1739,0.0,0.0,0.0,0.1875,0.25,0.1465,0.1875,0.25,0.1465,3.0,192.0,30.0,3.0,192.0,30.0,3.0,192.0,30.0,3.0,192.0,30.0
10min1500SeqData_Energy_J2Energy_OE_Std_EvalTest_Seed2,leo/10min-1500/10min1500SeqData_Energy_J2Energy_OE_Std_EvalTest_Seed2.log,Decision Trees (LightGBM),57.0,57.0,1,1,1.1167,,0.4017181396484375,0.3235,False,0,0.4841,0.5422,0.5115,0.6766,0.8089,0.7368,0.4804,0.4356,0.4569,0.6343,0.4933,0.555,0.5688,0.57,0.5651,0.5688,0.57,0.5651,122.0,3.0,87.0,5.0,182.0,4.0,107.0,3.0,98.0,18.0,81.0,15.0
10min1500SeqData_Energy_J2Energy_OE_Std_EvalTest_Seed2,leo/10min-1500/10min1500SeqData_Energy_J2Energy_OE_Std_EvalTest_Seed2.log,MiniRocket,81.56,81.56,1,1,,9996.0,0.5786,20.6294,False,0,0.7222,0.9244,0.8109,0.9286,0.7511,0.8305,0.8951,0.6444,0.7494,0.791,0.9422,0.86,0.8342,0.8156,0.8127,0.8342,0.8156,0.8127,208.0,0.0,17.0,0.0,169.0,0.0,80.0,0.0,145.0,0.0,13.0,0.0
10min1500SeqData_Energy_J2Energy_OE_Std_EvalTest_Seed2,leo/10min-1500/10min1500SeqData_Energy_J2Energy_OE_Std_EvalTest_Seed2.log,LSTM,68.11,69.78,86,89,0.5908,50500.0,0.385284423828125,91.4514,True,0,0.5763,0.4533,0.5075,0.9138,0.7067,0.797,0.5465,0.6533,0.5951,0.7321,0.9111,0.8119,0.6922,0.6811,0.6779,0.6922,0.6811,0.6779,102.0,0.0,118.0,0.0,159.0,0.0,74.0,0.0,147.0,1.0,15.0,4.0
10min1500SeqData_Energy_J2Energy_OE_Std_EvalTest_Seed2,leo/10min-1500/10min1500SeqData_Energy_J2Energy_OE_Std_EvalTest_Seed2.log,Mamba,53.67,55.0,99,101,0.9547,17044.0,0.130035400390625,387.4476,False,0,0.5,0.1867,0.2718,0.7059,0.6933,0.6996,0.427,0.7022,0.5311,0.5644,0.5644,0.5644,0.5493,0.5367,0.5167,0.5493,0.5367,0.5167,42.0,4.0,158.0,1.0,156.0,15.0,39.0,4.0,158.0,2.0,57.0,39.0
10min1500SeqData_Energy_J2Energy_OE_Std_EvalTest_Seed2,leo/10min-1500/10min1500SeqData_Energy_J2Energy_OE_Std_EvalTest_Seed2.log,Transformer,67.67,68.22,27,38,0.5261,288324.0,2.199737548828125,52.4634,True,0,0.0,0.0,0.0,1.0,0.7067,0.8281,0.5,1.0,0.6667,0.7732,1.0,0.8721,0.5683,0.6767,0.5917,0.5683,0.6767,0.5917,0.0,0.0,225.0,0.0,159.0,0.0,0.0,0.0,225.0,0.0,0.0,0.0
10min1500SeqData_Energy_J2Energy_OE_Std_EvalTest_Seed2,leo/10min-1500/10min1500SeqData_Energy_J2Energy_OE_Std_EvalTest_Seed2.log,1D-CNN (InceptionTime),71.11,74.67,41,44,0.6304,473092.0,3.609405517578125,153.9042,True,0,0.5918,0.96,0.7322,0.8182,0.72,0.766,0.8621,0.3333,0.4808,0.748,0.8311,0.7874,0.755,0.7111,0.6916,0.755,0.7111,0.6916,216.0,0.0,9.0,0.0,162.0,1.0,149.0,0.0,75.0,0.0,36.0,2.0
